"","AL.oldAL1","AL.oldAL2","CR.oldCR1","CR.oldCR2"
"Xkr4",576,281,392,969
"Gm1992",4,1,2,4
"Gm19938",19,5,12,24
"Rp1",2,1,3,11
"Sox17",0,0,0,2
"Mrpl15",6,7,7,18
"Lypla1",46,48,51,115
"Tcea1",120,62,121,288
"Rgs20",20,17,0,29
"Atp6v1h",209,103,159,412
"4732440D04Rik",20,13,15,35
"Rb1cc1",355,206,319,907
"St18",1605,823,1331,3765
"Gm57122",0,0,1,6
"Pcmtd1",158,78,137,288
"Gm26901",21,13,4,19
"Sntg1",4467,2335,4866,10383
"Rrs1",0,2,2,1
"Adhfe1",0,0,1,3
"2610203C22Rik",0,0,0,3
"Mybl1",2,0,3,8
"Vcpip1",71,64,73,175
"1700034P13Rik",1,0,5,5
"Sgk3",132,97,137,369
"Snhg6",4,7,3,12
"Mcmdc2",3,4,3,10
"Tcf24",2,2,2,2
"Ppp1r42",14,12,5,35
"Cops5",74,42,49,143
"Cspp1",785,468,658,1847
"Arfgef1",638,348,560,1328
"Cpa6",94,38,140,355
"Prex2",7,1,0,28
"A830018L16Rik",10,11,7,33
"Sulf1",0,1,0,3
"Slco5a1",1,2,9,20
"Ncoa2",1095,597,915,2519
"Gm29570",1,0,2,3
"Tram1",267,224,212,638
"Gm57152",0,0,2,1
"Lactb2",75,60,94,213
"Eya1",96,59,102,315
"Trpa1",4,3,1,0
"Kcnb2",767,289,330,1760
"Terf1",69,34,52,170
"Sbspon",0,1,1,1
"4930444P10Rik",3,1,2,6
"Rpl7",5,14,20,7
"Rdh10",17,17,16,42
"Gm28095",1,0,0,0
"Stau2",623,299,612,1425
"Gm7568",0,0,1,0
"Ube2w",187,141,190,519
"Eloc",28,24,30,113
"Tmem70",6,7,1,18
"Ly96",12,9,20,39
"Gm28376",3,0,0,7
"Jph1",4,6,5,36
"Gdap1",57,40,42,129
"Pi15",0,0,0,0
"Gm28154",0,0,0,0
"Gm16070",0,0,0,1
"Crispld1",0,0,0,0
"Pkhd1",297,184,324,705
"4930486I03Rik",1,0,0,3
"Mcm3",0,1,0,0
"6720483E21Rik",3,0,4,6
"Paqr8",16,9,7,34
"Efhc1",19,13,26,75
"Tram2",114,23,84,385
"Tmem14a",2,2,0,5
"Gsta3",2,0,0,2
"Kcnq5",14,4,0,0
"Rims1",1,3,7,3
"Gm29506",1,0,3,2
"Gm27028",1,1,0,0
"Gm29107",2,1,3,1
"Ogfrl1",9,9,13,14
"B3gat2",17,7,26,43
"Smap1",118,67,95,267
"Sdhaf4",0,5,6,15
"Fam135a",417,258,350,988
"Col19a1",11,2,0,18
"Lmbrd1",322,127,329,791
"Adgrb3",895,389,410,1706
"Phf3",359,178,323,820
"Ptp4a1",15,6,20,26
"Ptp4a1.1",4,1,1,0
"4931428L18Rik",0,0,0,0
"Khdrbs2",5,29,7,20
"Gm37724",2,1,2,4
"Prim2",62,35,47,133
"Gm57180",0,1,1,1
"Rab23",31,21,22,86
"Bag2",18,10,29,76
"Zfp451",120,102,93,332
"Bend6",1,0,0,0
"Dst",2425,1343,2102,5557
"Gm26788",3,3,3,7
"Gm37233",0,0,1,4
"Ccdc115",1,3,4,9
"Imp4",9,1,15,20
"Ptpn18",3,1,1,7
"Gm28417",0,0,0,0
"Amer3",2,1,2,7
"Arhgef4",2,1,0,8
"Gm38336",0,1,2,3
"Fam168b",90,36,87,264
"Plekhb2",54,19,41,119
"Hs6st1",60,37,35,144
"Uggt1",471,410,524,1375
"Neurl3",0,1,7,3
"Arid5a",24,4,21,63
"4930403P22Rik",0,0,0,3
"Kansl3",130,51,82,270
"Fer1l5",2,0,0,3
"Lman2l",45,34,52,155
"Cnnm4",27,11,17,63
"Cnnm3",40,20,56,93
"Gm38033",1,0,1,1
"Ankrd23",18,12,18,50
"Ankrd39",19,12,18,54
"Sema4c",2,3,4,20
"D430040D24Rik",1,1,0,0
"Fam178b",0,0,0,1
"Cox5b",8,4,9,6
"Actr1b",70,28,65,189
"4933424G06Rik",1,2,5,9
"Gm33533",1,4,2,5
"Zap70",0,0,0,5
"Tmem131",266,173,216,722
"Gm38115",8,5,7,31
"Vwa3b",14,5,6,56
"Inpp4a",697,330,525,1605
"4930439A04Rik",1,0,1,0
"Coa5",4,3,2,9
"Unc50",19,7,18,39
"Mgat4a",66,25,39,119
"Cracdl",110,60,82,342
"Tsga10",99,28,47,151
"Gm26805",0,0,0,0
"Lipt1",1,1,0,7
"Mitd1",21,22,28,58
"Mrpl30",11,8,9,22
"Txndc9",39,15,23,74
"Eif5b",239,122,193,468
"Rev1",325,143,244,864
"Gm37062",0,1,0,0
"Aff3",9,0,6,13
"Gm16152",0,0,0,0
"Lonrf2",56,40,47,83
"Chst10",15,7,5,27
"Pdcl3",3,5,7,21
"Npas2",22,7,1,6
"Rpl31",10,7,30,44
"Tbc1d8",184,138,209,615
"Cnot11",18,6,18,24
"Gm15832",1,1,0,6
"Rnf149",18,13,14,39
"Creg2",20,6,13,32
"Rfx8",19,2,13,12
"Map4k4",325,216,293,797
"Il1r2",5,8,3,12
"Gm16894",25,15,23,37
"Il1r1",1148,650,677,3280
"Il1rl2",0,2,1,9
"Il18r1",0,1,4,1
"Slc9a2",2,0,3,5
"Mfsd9",1,1,0,2
"Mrps9",88,48,87,215
"Gpr45",77,51,77,109
"Tgfbrap1",81,54,62,204
"8430432A02Rik",1,3,1,0
"AI597479",12,20,16,36
"Fhl2",96,42,204,434
"Nck2",131,97,117,384
"Gm29155",0,0,0,0
"Uxs1",77,36,42,139
"Gm57117",0,0,0,0
"Tpp2",183,118,199,498
"Mettl21c",1,3,0,4
"Gm8251",3,4,2,1
"Tex30",17,6,9,15
"Poglut2",19,12,16,43
"Bivm",16,11,9,39
"Ercc5",74,36,42,155
"Gulp1",0,2,2,1
"Col3a1",0,0,0,0
"Col5a2",0,0,0,0
"Wdr75",49,42,48,131
"Slc40a1",24,8,30,74
"Dnah7b",53,19,77,94
"Dnah7c",13,2,5,16
"Slc39a10",17,15,15,33
"Gm28151",0,1,0,1
"Tmeff2",15,6,6,13
"Cavin2",0,0,2,0
"Nabp1",15,11,16,45
"Gm17767",1,3,0,4
"Gm28055",8,1,11,23
"Myo1b",174,118,155,392
"Gm29453",2,1,2,8
"Gm28323",3,0,2,3
"Stat4",6,1,0,0
"Gm31812",1,2,1,7
"Stat1",58,31,48,128
"Gls",647,221,363,1010
"Nab1",27,18,29,89
"Gm53065",0,0,0,5
"Nemp2",11,9,11,40
"Mfsd6",130,51,96,311
"Gm29670",1,0,1,5
"Inpp1",34,17,29,84
"Hibch",85,33,62,169
"1700019D03Rik",83,39,65,201
"Mstn",0,0,0,0
"1700019A02Rik",2,2,9,9
"Pms1",63,41,70,153
"Ormdl1",5,8,2,12
"Osgepl1",26,26,17,39
"ENSMUSG00000121346",2,1,7,13
"Asnsd1",12,10,6,13
"Dnah7a",2,3,3,6
"Stk17b",0,2,1,0
"Hecw2",1,13,0,1
"Ccdc150",2,2,4,11
"Gtf3c3",55,25,35,113
"Pgap1",192,99,160,424
"Ankrd44",1663,704,1496,3811
"4930444A19Rik",29,15,32,36
"Sf3b1",574,285,610,1764
"Coq10b",191,84,335,708
"Hspd1",55,99,52,115
"Hspe1",18,39,10,34
"Mob4",68,36,108,213
"Rftn2",0,1,0,1
"Gm10561",0,0,1,0
"Mars2",4,5,3,13
"Boll",1,2,3,9
"Plcl1",13,18,0,21
"Satb2",4,1,10,17
"1700066M21Rik",3,3,0,8
"Tyw5",13,15,14,17
"Maip1",3,4,10,12
"Spats2l",0,0,0,5
"Kctd18",28,19,24,45
"Sgo2a",0,2,0,3
"Aox1",108,78,108,224
"Aox2",0,0,0,1
"Bzw1",122,54,121,318
"Clk1",734,294,562,1817
"Ppil3",9,8,8,14
"Nif3l1",22,8,2,24
"Orc2",51,26,65,108
"Gm15834",23,15,20,29
"Hycc2",72,52,66,168
"Ndufb3",2,5,4,10
"Flacc1",0,1,1,1
"Gm20257",3,7,4,13
"Cflar",61,68,69,200
"Casp8",47,22,41,85
"Trak2",98,43,54,157
"Stradb",12,13,19,29
"C2cd6",0,1,1,0
"Tmem237",14,7,10,42
"G730003C15Rik",0,0,0,0
"Mpp4",6,3,11,14
"Als2",94,63,92,233
"Gm33667",0,1,0,4
"Cdk15",1,0,1,1
"Fzd7",2,3,0,2
"Gm973",17,35,41,45
"Sumo1",268,126,242,800
"Nop58",93,44,85,239
"B430105G09Rik",0,0,2,1
"Bmpr2",219,121,145,446
"Fam117b",291,102,292,731
"Ica1l",84,34,56,153
"Wdr12",37,23,32,70
"Carf",92,49,76,177
"Nbeal1",361,219,315,743
"Cyp20a1",58,30,39,135
"Abi2",166,108,127,430
"Raph1",50,22,12,64
"Cd28",1,0,0,0
"Ctla4",0,2,0,0
"Gm11588",3,0,0,0
"Pard3b",1169,576,1042,2579
"Pard3bos1",8,1,5,6
"Pard3bos3",0,0,0,1
"Nrp2",7,4,4,17
"Ino80d",170,100,184,455
"Ino80dos",47,34,48,148
"Gm20342",37,32,31,83
"Ndufs1",67,52,57,175
"Eef1b2",14,16,23,38
"Cmklr2",0,1,1,0
"Zdbf2",484,192,598,1312
"Adam23",45,36,74,145
"Mdh1b",0,3,2,7
"Fastkd2",21,12,3,28
"Klf7",335,185,326,878
"Gm13748",1,1,5,1
"Gm28981",5,3,3,6
"Creb1",165,81,129,289
"Mettl21a",5,4,9,15
"Gm28982",4,1,0,0
"Ccnyl1",30,18,14,69
"Fzd5",2,0,1,5
"Plekhm3",233,122,237,616
"D630023F18Rik",2,3,2,6
"Idh1",15,16,25,44
"Pikfyve",191,121,150,369
"Pth2r",0,0,1,2
"Map2",1832,1186,2068,5475
"Gm10558",8,1,3,5
"Unc80",1420,812,1218,3408
"Rpe",31,13,42,73
"Kansl1l",228,101,157,507
"Gm57189",20,11,3,30
"Acadl",52,34,40,99
"Lancl1",45,33,66,154
"Erbb4",4,5,9,5
"Gm29114",1,0,3,6
"Ikzf2",307,186,276,654
"Gm29112",5,0,3,9
"Gm28112",5,2,2,7
"Spag16",3,2,1,7
"Bard1",1,2,6,19
"Atic",17,13,23,57
"Fn1",1,0,0,0
"4933417E11Rik",2,1,5,25
"4930556G22Rik",4,3,6,20
"Mreg",129,57,98,322
"Gm57184",15,19,21,64
"Pecr",10,28,15,32
"Tmem169",6,5,3,7
"Xrcc5",154,91,137,392
"Marchf4",470,156,325,912
"Smarcal1",84,50,69,178
"Rpl37a",10,18,27,23
"Igfbp5",2,0,0,2
"6030407O03Rik",0,0,0,0
"Tns1",14,21,1,3
"Arpc2",115,123,135,278
"Aamp",27,12,18,65
"Pnkd",34,21,28,74
"Tmbim1",34,11,30,65
"Gm29358",1,2,9,3
"Catip",4,1,5,4
"Slc11a1",1,0,0,2
"Ctdsp1",16,11,11,34
"Vil1",246,125,190,499
"Usp37",243,106,161,587
"Cnot9",33,29,22,70
"Plcd4",1,5,8,14
"Zfp142",51,40,27,116
"Bcs1l",8,6,6,10
"Rnf25",66,39,59,137
"Stk36",19,11,21,45
"Ttll4",84,53,63,153
"Cyp27a1",2,0,3,2
"Wnt10a",0,0,0,0
"Gm16582",0,4,2,4
"Cdk5r2",2,1,1,5
"Fev",2,1,9,5
"Cryba2",25,18,31,82
"Cfap65",3,0,4,3
"Nhej1",22,18,20,49
"Slc23a3",4,1,3,1
"Cnppd1",18,10,13,37
"Retreg2",31,17,26,53
"Zfand2b",18,3,7,43
"Abcb6",3,2,2,9
"Atg9a",40,17,34,90
"Ankzf1",35,26,23,90
"Glb1l",34,13,34,56
"Stk16",40,21,32,87
"Tuba4a",32,6,34,107
"A630095N17Rik",0,0,0,3
"Dnajb2",107,40,78,236
"Ptprn",344,258,305,763
"Gm28294",21,4,13,29
"Resp18",158,132,210,352
"Gm28902",2,2,0,0
"Dnpep",13,19,12,34
"Des",0,0,0,2
"Speg",18,10,18,32
"Gmppa",59,64,59,205
"Asic4",0,0,1,0
"Chpf",7,10,12,36
"Obsl1",12,13,10,41
"Tmem198",21,12,14,61
"Inha",65,64,83,217
"Stk11ip",20,5,14,53
"Slc4a3",72,44,59,172
"Epha4",0,1,0,0
"Sgpp2",267,225,256,599
"Gm28410",2,0,2,4
"Farsb",62,59,64,175
"5730419F03Rik",0,0,2,0
"Acsl3",42,34,29,89
"Utp14b",36,28,27,63
"Gm29536",0,0,0,2
"Kcne4",0,0,0,0
"Scg2",1061,1009,1356,1843
"Ap1s3",143,80,127,325
"Wdfy1",103,60,73,235
"Mrpl44",2,2,0,7
"Serpine2",6,0,0,18
"Cul3",259,111,217,534
"1700016L21Rik",12,3,5,16
"Gm45261",0,0,0,0
"Dock10",431,144,143,653
"Nyap2",78,91,105,174
"Irs1",52,40,46,155
"Rhbdd1",124,68,137,330
"Gm28940",2,0,1,2
"Col4a4",4,0,3,11
"Col4a3",0,1,0,2
"C430014B12Rik",0,0,0,0
"Mff",65,37,71,134
"Gm28941",2,0,2,5
"Agfg1",434,251,489,1154
"A030005L19Rik",0,0,1,1
"Slc19a3",0,0,0,0
"Daw1",0,0,0,1
"Sphkap",1595,752,1058,3079
"4933436I20Rik",4,0,3,5
"Pid1",897,400,813,2232
"Dner",92,36,68,167
"Trip12",602,347,515,1312
"Fbxo36",53,25,82,121
"Slc16a14",1,0,0,0
"C130026I21Rik",0,3,3,1
"A530032D15Rik",0,0,0,0
"A530040E14Rik",0,0,0,0
"Gm7609",0,0,2,0
"Gm16028",0,0,1,1
"Gm16092",0,0,0,0
"Sp110",2,1,0,0
"Sp140",0,4,1,4
"Gm10552",0,0,0,0
"Sp100",1,0,0,0
"A630001G21Rik",1,0,0,0
"Cab39",147,72,147,342
"Itm2c",58,44,60,122
"4933407L21Rik",0,0,0,2
"Gpr55",0,3,0,0
"2810459M11Rik",2,0,1,2
"Psmd1",182,115,103,398
"Htr2b",0,0,2,0
"Armc9",175,134,125,447
"Gm16341",0,0,0,0
"Ncl",309,106,243,659
"C130036L24Rik",3,1,1,5
"Nmur1",0,0,0,1
"Gm57170",3,1,2,2
"Gm57144",1,2,0,2
"Ptma",541,176,423,1311
"Pde6d",68,42,54,143
"Cops7b",18,12,25,39
"Dis3l2",457,203,448,1081
"Gm29055",16,7,12,29
"Gm28375",14,9,18,28
"Eif4e2",49,38,53,140
"Efhd1",4,6,2,4
"Gigyf2",367,226,246,703
"Kcnj13",0,1,5,3
"Ngef",25,10,24,58
"Neu2",12,12,4,18
"Inpp5d",1,2,0,0
"Atg16l1",113,86,93,299
"Sag",6,11,12,29
"Dgkd",286,159,245,698
"Gm19582",0,0,1,0
"Usp40",124,115,105,326
"Gm20528",0,1,0,3
"Ugt1a7c",0,0,1,2
"Ugt1a6a",0,3,1,1
"Ugt1a5",1,0,0,3
"Dnajb3",1,0,0,3
"Mroh2a",3,0,1,2
"Hjurp",83,35,56,170
"Trpm8",0,0,0,1
"Arl4c",1,2,3,5
"Gm57145",2,0,0,0
"Sh3bp4",240,120,142,524
"Agap1",1887,849,1386,4302
"Gm41914",0,1,0,3
"Gm28499",0,0,0,1
"4933400F21Rik",6,2,5,16
"Asb18",0,1,0,0
"Ackr3",0,0,0,0
"Cops8",26,18,31,82
"Col6a3",1,0,0,0
"Mlph",9,12,9,42
"Rab17",1,0,1,4
"Lrrfip1",100,60,118,219
"Ramp1",42,15,37,131
"Ube2f",90,47,72,205
"Scly",293,192,229,731
"Gm17090",6,9,8,18
"Espnl",22,17,19,61
"Klhl30",0,0,2,3
"Erfe",0,1,1,3
"Ilkap",121,66,122,317
"Hes6",19,4,17,57
"Gm57139",0,0,0,1
"Per2",617,174,477,1724
"Traf3ip1",33,17,34,89
"Asb1",18,7,3,32
"Hdac4",307,168,199,713
"Gm35992",1,1,0,1
"Ndufa10",71,27,53,154
"Cops9",5,1,6,29
"Gpc1",2,0,3,6
"Ankmy1",0,2,6,8
"Dusp28",1,2,2,1
"5033417F24Rik",3,1,1,7
"Rnpepl1",52,25,28,128
"9430060I03Rik",2,6,1,2
"Capn10",28,11,20,68
"Gpr35",3,3,9,13
"Kif1a",467,234,401,1168
"Crocc2",0,0,0,3
"Sned1",42,19,34,76
"Mterf4",8,6,11,22
"Gm28535",0,2,0,3
"Pask",3,2,5,14
"Ppp1r7",35,22,28,86
"Ano7",3,1,0,1
"Hdlbp",554,436,472,1342
"Septin2",19,8,25,41
"Farp2",109,63,71,233
"Stk25",79,50,60,212
"Bok",1,0,6,7
"Thap4",29,15,14,52
"Gm10550",1,2,2,4
"Atg4b",67,54,67,195
"Dtymk",21,21,14,30
"Ing5",33,17,45,89
"D2hgdh",35,16,25,65
"Gal3st2",0,0,1,1
"Fam174a",37,16,20,70
"St8sia4",0,3,0,0
"Slco4c1",0,0,0,0
"Panct2",1,2,5,6
"ENSMUSG00000121413",0,1,0,2
"Macir",90,58,50,139
"Ppip5k2",112,80,103,261
"Gin1",27,19,21,69
"Pam",2108,1203,2217,5239
"B230216N24Rik",34,16,16,41
"1810006J02Rik",28,8,30,63
"Gm7967",68,32,119,188
"Cntnap5b",112,74,185,258
"Gm28187",12,13,4,28
"Cdh20",0,0,0,0
"Rnf152",2,1,13,14
"Gm28403",22,13,24,79
"Pign",154,70,143,299
"Gm28404",2,1,1,8
"Relch",311,166,292,690
"Tnfrsf11a",30,13,32,66
"Gm7160",51,18,51,106
"Zcchc2",476,167,322,960
"Gm20753",0,0,4,1
"Phlpp1",355,157,310,856
"Bcl2",41,28,36,101
"D630008O14Rik",0,0,0,0
"Kdsr",15,12,24,65
"Vps4b",127,83,138,322
"Serpinb8",0,0,0,0
"D830032E09Rik",1,0,0,1
"Cdh7",72,46,62,131
"Cdh19",0,0,0,0
"Dsel",7,4,5,7
"9330185C12Rik",17,0,1,3
"Cntnap5a",13,0,0,30
"Tsn",39,34,43,112
"Nifk",7,13,5,20
"Gm57162",0,0,2,4
"Clasp1",311,171,246,737
"2900060B14Rik",3,2,4,12
"Tfcp2l1",3,3,1,19
"Gli2",0,0,0,0
"Inhbb",0,0,0,0
"Ralb",28,15,17,54
"Gm27184",0,0,2,5
"Tmem185b",0,4,1,0
"Epb41l5",221,120,194,651
"Ptpn4",454,242,371,1026
"Tmem177",1,0,1,1
"Cfap221",0,0,0,0
"Sctr",0,0,0,0
"Tmem37",0,0,0,0
"Dbi",1,6,4,8
"3110009E18Rik",12,11,9,25
"Steap3",0,2,0,1
"2610027F03Rik",0,0,0,0
"Insig2",19,39,21,76
"Ccdc93",76,39,56,138
"Ddx18",33,40,41,135
"Dpp10",242,75,67,431
"Actr3",143,79,121,324
"Gm57176",0,0,0,0
"Slc35f5",144,79,113,339
"Gpr39",296,198,218,675
"Lypd1",0,0,1,2
"Nckap5",59,82,69,179
"Mgat5",319,172,308,868
"Tmem163",1755,1072,1242,4680
"2900009J06Rik",1,4,3,5
"Ccnt2",313,173,309,820
"Map3k19",11,19,40,73
"Rab3gap1",286,165,268,773
"Zranb3",57,30,54,155
"Gm28800",1,0,0,0
"R3hdm1",401,233,341,877
"Ubxn4",351,305,363,921
"Lct",3,0,3,7
"Mcm6",13,9,20,28
"Dars",78,72,89,160
"Cxcr4",0,0,0,0
"Thsd7b",3,8,1,5
"Gm15675",2,0,0,5
"Cd55",1,1,1,14
"Gm16083",9,3,3,12
"Pfkfb2",249,115,169,546
"Yod1",16,12,17,45
"AA986860",6,3,6,11
"Gm15848",1,2,1,0
"Pigr",12,13,30,48
"Fcmr",5,1,0,0
"Il10",0,0,0,0
"Mapkapk2",358,85,404,1015
"Dyrk3",17,10,9,41
"Eif2d",48,47,59,137
"Rassf5",11,4,6,36
"Ikbke",36,35,24,78
"Srgap2",125,76,139,288
"Gm29488",1,0,2,2
"Fam72a",0,1,0,1
"Avpr1b",0,0,0,6
"Ctse",1,0,0,0
"Rab7b",0,1,0,0
"Slc41a1",18,5,17,31
"Rab29",0,0,0,3
"Nucks1",73,34,71,174
"Elk4",59,30,69,152
"Mfsd4a",0,4,2,7
"Cdk18",15,14,11,29
"Nuak2",33,16,19,75
"F730311O21Rik",0,0,0,0
"Tmcc2",8,15,28,34
"Dstyk",95,53,78,209
"6030442K20Rik",8,6,14,24
"Rbbp5",27,29,20,87
"Tmem81",3,1,2,10
"Nfasc",597,402,490,1419
"Gm10538",0,0,0,0
"Lrrn2",52,37,46,109
"Mdm4",333,212,246,773
"Pik3c2b",11,7,3,21
"Gm28609",0,0,0,0
"Ppp1r15b",46,23,35,77
"Plekha6",865,488,825,2198
"Gm19461",26,18,31,59
"Golt1a",7,4,1,15
"Gm28040",0,0,0,2
"Etnk2",11,3,0,27
"Sox13",56,50,52,165
"Snrpe",1,6,5,14
"Zc3h11a",16,17,17,54
"Zbed6",170,84,165,457
"Lax1",5,4,6,14
"Atp2b4",275,155,271,737
"Gm28441",0,0,0,3
"Prelp",0,0,0,0
"Gm19497",2,4,3,6
"Btg2",549,361,390,1074
"Adora1",17,13,20,32
"Ppfia4",3,0,3,12
"Gm57107",5,0,1,9
"Tmem183a",50,29,43,132
"Cyb5r1",11,6,14,31
"Adipor1",59,38,99,204
"Platr1",2,0,3,10
"Klhl12",116,49,102,282
"Rabif",9,12,7,19
"Kdm5b",315,144,224,690
"Syt2",62,38,48,185
"Ppp1r12b",614,353,447,1373
"Gm28892",1,1,1,1
"Ube2t",3,4,0,7
"Lgr6",0,1,0,2
"Ptpn7",0,0,1,0
"Arl8a",47,22,30,81
"Gm15445",2,3,2,6
"Gm26642",1,0,0,1
"Elf3",24,7,10,37
"Rnpep",45,36,51,123
"Timm17a",17,10,21,45
"Lmod1",0,0,0,0
"Shisa4",1,1,1,4
"Ipo9",119,71,109,262
"Gm28277",0,0,0,2
"Nav1",285,233,187,593
"Gm4793",0,0,4,0
"Gm57161",0,0,0,0
"Csrp1",34,11,24,62
"Phlda3",0,1,1,1
"Lad1",2,2,1,0
"Tmem9",9,11,13,34
"Kif21b",3,2,12,18
"Mroh3",1,2,0,2
"Inava",1,8,0,8
"Gm26781",0,1,0,2
"Camsap2",160,92,154,356
"9230116N13Rik",5,2,3,12
"Ddx59",4,5,3,11
"Kif14",0,0,0,3
"Zfp281",34,15,20,76
"Gm19705",12,6,6,24
"Nr5a2",1,3,1,7
"Gm4258",0,1,0,0
"Gm26930",0,0,0,0
"Ptprc",1,9,0,0
"Nek7",326,202,336,1039
"Gm28501",5,3,5,17
"2310009B15Rik",2,5,2,3
"Dennd1b",355,213,304,899
"Crb1",58,59,72,147
"Zbtb41",23,25,13,54
"Aspm",1,2,0,12
"Cfh",0,2,0,0
"Kcnt2",0,0,1,0
"4930590L20Rik",1,0,0,0
"Cdc73",243,139,228,534
"B3galt2",6,4,11,24
"Glrx2",11,12,9,27
"Ro60",119,65,88,216
"Uchl5",25,11,19,46
"Gm29170",3,0,1,3
"Rgs2",141,109,86,594
"Rgs13",0,0,0,2
"Rgs1",0,1,0,0
"Brinp3",0,0,0,0
"A230059L01Rik",0,0,0,1
"Pla2g4a",0,0,0,1
"Ptgs2",0,0,0,0
"Odr4",129,81,107,238
"Tpr",393,198,290,699
"Prg4",1,1,2,0
"Hmcn1",0,0,0,0
"Gm10138",8,23,17,29
"Ivns1abp",193,78,106,379
"Swt1",104,53,68,228
"Trmt1l",95,52,94,216
"Rnf2",32,26,34,66
"Niban1",6,16,5,16
"2810414N06Rik",3,0,0,0
"Edem3",117,98,111,301
"1700025G04Rik",66,37,60,171
"Tsen15",8,6,15,30
"Colgalt2",10,5,23,15
"Rgl1",506,302,370,1248
"Gm15479",1,1,0,6
"Gm28792",1,2,6,11
"Apobec4",7,6,7,17
"Arpc5",66,35,58,138
"Ncf2",2,3,0,2
"Smg7",199,144,148,509
"Gm28791",5,3,8,22
"Nmnat2",69,86,58,157
"Gm28960",1,1,1,2
"Lamc2",24,14,28,68
"Lamc1",114,55,88,227
"E330020D12Rik",0,0,0,1
"Shcbp1l",0,0,3,1
"Dhx9",212,106,185,495
"Npl",1,0,2,0
"Rgs8",26,9,25,21
"C230024C17Rik",7,1,6,9
"Rgs16",141,116,111,236
"Gm28513",3,0,1,0
"Rnasel",9,7,15,28
"Rgsl1",1,2,2,8
"Teddm2",8,2,22,19
"Glul",245,192,185,455
"A830008E24Rik",0,0,0,0
"Cacna1e",44,23,40,130
"Gm29282",0,0,0,3
"Gm9530",15,6,11,27
"Ier5",9,9,9,7
"Mr1",10,2,7,20
"Stx6",145,95,134,364
"BC034090",0,0,0,1
"Xpr1",362,192,331,1011
"Gm5532",1,1,0,0
"Acbd6",157,109,157,363
"Qsox1",31,33,36,142
"Gm37571",0,0,0,7
"Cep350",512,275,400,1139
"Tor1aip1",128,63,136,373
"Tor1aip2",186,99,176,384
"Fam163a",38,60,49,163
"Tdrd5",5,0,0,1
"Axdnd1",4,0,2,4
"Gm2000",4,1,1,1
"Soat1",66,56,88,181
"Abl2",246,146,135,474
"Tor3a",58,26,61,203
"Fam20b",71,40,86,191
"Ralgps2",141,73,102,300
"Angptl1",0,0,0,0
"4930439D14Rik",0,0,0,0
"Tex35",0,1,0,1
"Rasal2",393,179,286,605
"Cryzl2",24,15,20,69
"Gm15486",1,2,0,2
"Sec16b",80,52,49,173
"Brinp2",61,64,55,108
"Astn1",186,98,160,350
"Gm37679",3,3,0,3
"Pappa2",456,519,256,542
"Cop1",266,107,199,554
"Tnr",1051,725,1111,3201
"Gm10530",1,0,0,3
"Gm38039",1,1,0,2
"4930523C07Rik",49,27,41,137
"Tnn",7,4,1,12
"Mrps14",8,6,9,11
"Cacybp",11,16,8,24
"Rabgap1l",899,519,750,1987
"Gm36975",33,11,27,67
"Gm37529",13,14,19,36
"Gpr52",0,1,2,4
"Rc3h1",271,129,243,632
"Serpinc1",7,2,6,15
"Zbtb37",34,19,23,90
"Gm37362",0,0,1,1
"Gas5",67,38,40,125
"Dars2",16,23,11,48
"Gm37634",0,0,0,1
"Cenpl",0,3,1,3
"Klhl20",37,21,36,95
"Ankrd45",8,9,9,32
"Tex50",0,0,0,0
"Prdx6",27,29,49,76
"Suco",260,106,190,519
"4930558K02Rik",0,3,1,6
"Pigc",10,8,1,19
"Gm38304",7,3,13,28
"Dnm3",229,207,144,497
"Dnm3os",0,1,0,0
"Mettl13",7,8,4,19
"Vamp4",184,84,136,378
"Prrc2c",1080,582,726,2142
"Fmo4",1,3,0,9
"Fmo1",0,0,0,1
"Fmo2",2,1,5,14
"Prrx1",0,0,0,0
"Gorab",16,13,18,41
"Kifap3",182,103,148,392
"Scyl3",52,39,68,143
"BC055324",5,2,7,16
"Mettl18",3,1,3,2
"Gm57120",3,2,7,22
"Sell",2,3,0,0
"Gm16548",1,0,0,0
"F5",3,4,2,21
"Slc19a2",26,8,20,49
"Ccdc181",23,18,13,49
"Blzf1",36,26,43,102
"Nme7",90,50,76,211
"Atp1b1",253,122,307,683
"Gm32391",24,8,21,71
"Gm32569",1,1,1,5
"Gm20743",0,0,1,3
"4930568G15Rik",0,3,2,13
"Sft2d2",19,11,13,65
"Tiprl",43,39,36,139
"Gm38190",13,14,25,37
"Gpr161",30,20,16,84
"Dcaf6",464,213,377,1074
"Gm37864",4,5,1,6
"Mpc2",45,31,47,149
"Adcy10",2,0,1,15
"Mpzl1",122,98,130,438
"Rcsd1",1,1,1,1
"Creg1",25,15,21,58
"Gm16565",2,3,5,6
"Cd247",24,26,25,54
"Pou2f1",226,115,207,579
"Gm26665",0,2,3,2
"Gpa33",1,3,2,11
"Ildr2",2,0,0,1
"Tada1",9,6,10,30
"Pogk",26,19,39,76
"Fam78b",50,27,34,102
"Uck2",278,137,198,806
"Gm37982",8,4,7,18
"Gm57182",11,6,7,15
"Tmco1",15,15,21,18
"Aldh9a1",49,35,52,148
"Mgst3",6,4,3,16
"Rxrg",0,0,0,0
"Pbx1",1256,731,1056,2801
"Nuf2",0,0,0,0
"Rgs5",0,9,0,0
"Rgs4",10,10,5,13
"Ccdc190",0,0,0,0
"Hsd17b7",9,5,11,27
"3110045C21Rik",0,1,0,1
"Ddr2",0,0,0,1
"Uap1",53,38,43,158
"Uhmk1",39,23,32,88
"Gm6345",1,0,1,2
"Sh2d1b1",0,1,0,0
"Gm7694",0,0,1,0
"Nos1ap",28,13,48,80
"Olfml2b",6,1,8,24
"Atf6",598,380,526,1538
"Gm9929",38,10,27,67
"Dusp12",19,18,12,35
"Gm26620",4,0,4,5
"Fcrla",0,1,0,0
"Fcgr2b",0,0,0,0
"Fcgr4",0,0,0,0
"Fcgr3",0,1,0,1
"Cfap126",6,7,2,6
"Sdhc",31,23,34,74
"Mpz",2,2,0,3
"Pcp4l1",205,37,42,167
"Nr1i3",0,2,1,1
"Tomm40l",13,9,5,20
"Apoa2",0,0,1,4
"Fcer1g",3,0,0,8
"Ndufs2",40,20,17,62
"Adamts4",0,0,0,0
"B4galt3",48,21,35,112
"Ppox",28,13,19,53
"Gm57119",1,0,1,2
"Usp21",24,17,24,56
"Ufc1",46,33,44,128
"Gm20045",8,12,9,19
"Dedd",29,26,30,46
"Nit1",21,19,30,62
"Pfdn2",58,25,62,165
"Klhdc9",0,0,0,0
"Nectin4",1,4,5,7
"Arhgap30",0,0,0,0
"Usf1",31,12,19,54
"Tstd1",2,0,0,2
"Gm26641",2,4,4,12
"F11r",37,41,45,132
"B930036N10Rik",5,3,7,11
"Alyref2",2,3,3,8
"Cd244a",1,0,0,0
"Ly9",0,1,0,0
"Slamf7",0,2,0,0
"Cd48",1,0,0,0
"Slamf1",1,1,1,3
"Cd84",2,0,2,2
"Slamf6",0,0,0,0
"Vangl2",7,2,4,9
"Ncstn",44,22,60,96
"Copa",428,307,369,1007
"Gm37756",0,0,0,2
"Pex19",14,22,18,66
"Dcaf8",264,198,280,652
"Pea15a",36,38,28,94
"Casq1",0,0,2,0
"Gm17224",3,1,0,1
"Igsf8",12,7,15,45
"Atp1a2",0,2,0,0
"Kcnj10",0,0,0,0
"Gm57172",0,1,0,2
"Pigm",17,10,14,36
"Slamf9",0,0,0,0
"Igsf9",9,10,9,34
"Tagln2",48,37,52,140
"Cfap45",7,9,1,9
"4933439K11Rik",3,5,9,21
"Vsig8",1,1,1,3
"Slamf8",0,0,0,1
"Dusp23",2,11,4,18
"Crp",0,2,0,2
"Cadm3",0,0,0,1
"Aim2",0,0,0,0
"Ifi206",1,2,0,0
"Ifi213",1,0,0,0
"Ifi209",0,1,0,0
"Ifi208",0,0,0,0
"Ifi207",0,1,0,0
"Ifi204",0,0,0,0
"Mndal",2,7,0,1
"Ifi211",0,0,0,0
"Ifi203",1,2,0,0
"Ifi205",0,0,0,0
"Fmn2",1004,526,882,2720
"Grem2",79,28,31,231
"Rgs7",939,600,852,2437
"Fh1",44,50,64,186
"Kmo",4,1,3,11
"Opn3",0,5,0,2
"Chml",3,1,5,4
"Exo1",1,1,2,1
"Pld5",0,4,9,6
"Rbm8a2",0,0,0,0
"Cep170",353,154,316,826
"Gm36992",14,1,2,11
"Sdccag8",511,322,418,1153
"Hmga2-ps1",0,1,0,0
"Gm15423",1,0,0,0
"Akt3",845,422,798,2275
"Gm26801",3,1,1,2
"Zbtb18",10,8,8,13
"1700016C15Rik",0,0,1,0
"Adss",71,37,37,122
"Catspere1",0,0,1,1
"Catspere2",88,78,134,274
"Desi2",274,114,261,659
"B230369F24Rik",22,11,19,55
"Cox20",10,18,11,22
"Hnrnpu",764,275,449,1393
"Efcab2",19,19,47,76
"Kif26b",0,0,0,5
"Smyd3",1780,1023,1895,4877
"Tfb2m",16,17,19,81
"Cnst",145,69,101,277
"Sccpdh",10,10,8,29
"Kif28",0,0,0,3
"Ahctf1",148,81,117,366
"Cdc42bpa",701,360,655,1653
"Coq8a",16,9,14,39
"Psen2",27,25,31,63
"Gm31728",6,7,1,8
"Itpkb",491,300,287,1124
"Stum",0,0,0,0
"Parp1",48,41,35,111
"Lin9",11,4,17,30
"Acbd3",188,112,124,385
"Gm37768",9,7,3,17
"Gm38293",1,1,5,4
"H3f3a",117,56,99,260
"H3f3aos",0,1,1,5
"Sde2",66,28,63,173
"Pycr2",53,31,42,128
"Lefty1",3,1,1,3
"Tmem63a",208,88,134,403
"2210411M09Rik",4,3,2,8
"Ephx1",28,10,39,100
"Nvl",91,62,89,204
"Cnih4",21,7,8,41
"Wdr26",212,117,207,511
"Gm57146",19,11,10,55
"A430110L20Rik",1,2,1,6
"Dnah14",1,0,1,2
"Lbr",69,41,75,163
"Enah",595,256,451,1290
"Srp9",25,12,20,66
"Gm33887",5,0,1,5
"Degs1",13,16,17,43
"Fbxo28",69,46,96,191
"Trp53bp2",72,34,53,198
"Capn2",68,30,54,147
"Gm37885",0,0,1,0
"Capn8",9,5,4,11
"Susd4",166,80,124,356
"Tlr5",1,0,0,5
"Disp1",106,56,84,199
"Brox",58,45,40,122
"Aida",30,26,23,79
"Mia3",451,419,523,1370
"Gm34102",9,0,5,15
"Taf1a",31,19,28,87
"Gm37986",0,0,1,5
"Hhipl2",2,0,0,2
"Gm34068",0,2,0,4
"Dusp10",250,84,165,777
"1700056E22Rik",0,2,5,6
"Hlx",0,0,0,0
"Mtarc1",2,0,3,1
"Mtarc2",21,13,53,75
"C130074G19Rik",1,0,0,0
"Mark1",123,82,100,272
"Gm38251",2,4,3,7
"Rab3gap2",314,204,272,835
"Gm34882",0,1,0,5
"Iars2",103,66,83,249
"Bpnt1",30,33,16,99
"4930532G15Rik",5,2,2,4
"Eprs",425,212,317,1144
"Lyplal1",50,30,50,120
"Gm35546",0,0,1,0
"Tgfb2",7,1,2,15
"Rrp15",12,13,3,17
"A430105J06Rik",5,2,6,14
"Spata17",38,24,27,74
"Gpatch2",362,222,385,955
"Gm38155",6,0,1,10
"Gm37896",0,1,0,4
"Esrrg",1609,903,1470,4019
"Gm55759",2,1,0,4
"Gm38064",1,0,2,2
"Ush2a",1535,884,1252,3594
"Kctd3",47,25,35,148
"Kcnk2",3,2,1,9
"Cenpf",0,1,0,0
"Ptpn14",0,2,4,1
"Gm37422",2,2,2,6
"Smyd2",99,55,60,225
"Prox1",549,156,533,1656
"Gm28172",3,2,6,6
"Gm57154",5,2,2,10
"Prox1os",46,26,92,112
"Rps6kc1",150,108,168,422
"Angel2",58,36,50,138
"Vash2",1,0,3,0
"Gm31373",2,10,3,2
"Flvcr1",29,25,43,111
"A230020J21Rik",0,0,0,1
"Tatdn3",38,20,30,80
"Batf3",0,0,0,0
"Garin4",8,1,0,7
"Atf3",487,152,145,586
"D730003I15Rik",8,8,6,15
"Gm37168",0,0,0,1
"Nenf",14,17,15,20
"Pacc1",25,25,13,49
"Ppp2r5a",608,241,602,1333
"Gm32200",2,8,6,14
"Gm37432",1,2,0,2
"Dtl",1,2,0,3
"Ints7",81,44,68,173
"Lpgat1",468,228,246,784
"1700034H15Rik",12,0,6,23
"Slc30a1",11,4,8,16
"Gm26670",0,2,1,3
"Traf5",65,30,64,163
"Gm26879",1,0,3,4
"Rcor3",121,96,76,257
"Gm10516",21,17,20,61
"Kcnh1",160,136,93,222
"Hhat",62,53,59,175
"Sertad4",7,3,2,17
"Syt14",445,286,409,1378
"Utp25",37,23,31,92
"Irf6",35,25,24,94
"A130010J15Rik",3,5,5,10
"Gm57171",0,1,0,1
"Traf3ip3",1,0,0,1
"Lamb3",2,0,0,5
"Hsd11b1",1,0,0,0
"G0s2",0,0,0,0
"Camk1g",15,9,18,36
"Mir205hg",1,1,1,3
"Gm31870",0,0,2,0
"Gm6403",0,0,0,0
"Plxna2",424,272,397,1147
"Cd34",1,0,0,0
"Gm16897",17,18,21,60
"A330023F24Rik",553,307,546,1412
"Gm32250",8,2,2,10
"Gm37027",4,1,2,10
"Cd46",21,15,53,100
"Cr1l",47,53,59,156
"Cr2",1,1,0,0
"Fam171a1",180,129,179,462
"Nmt2",305,170,186,641
"Rpp38",7,4,8,11
"Olah",0,1,2,4
"Meig1",20,9,9,42
"Dclre1c",71,34,61,176
"Suv39h2",3,0,3,0
"Gm13184",5,2,6,6
"Hspa14",111,33,86,261
"Gm45902",26,15,36,75
"Cdnf",1,0,3,5
"Fam107b",153,36,201,492
"Gm13185",1,0,2,0
"Frmd4a",592,373,383,1036
"Gm10862",0,0,0,0
"Gm38085",0,0,1,0
"Gm37814",0,1,2,0
"Gm37107",5,1,1,2
"Gm38348",2,0,1,2
"Gm13187",2,0,1,4
"Gm36988",7,2,5,12
"Prpf18",76,53,65,152
"Bend7",242,125,199,532
"Sephs1",35,16,22,62
"Phyh",106,67,151,316
"Mcm10",1,3,3,5
"Optn",72,30,57,163
"4930551O13Rik",1,0,0,2
"Ccdc3",0,0,1,3
"Camk1d",1652,1192,2320,2488
"Cdc123",97,80,123,311
"Nudt5",36,26,21,68
"Gm13199",1,2,1,4
"Sec61a2",89,56,58,188
"Dhtkd1",24,17,20,49
"Upf2",370,187,393,854
"Proser2",17,13,23,35
"Echdc3",8,19,15,42
"A230108P19Rik",2,1,0,4
"Usp6nl",182,84,162,386
"Celf2",540,300,531,1061
"Gm10855",2,0,1,3
"Gm10115",0,0,2,2
"Taf3",229,127,204,550
"Atp5c1",78,58,55,174
"Kin",66,46,53,170
"Itih2",1,1,0,0
"Itih5",0,0,1,5
"Gm13261",1,4,3,6
"Sfmbt2",24,8,28,31
"Prkcq",0,0,0,2
"8030442B05Rik",0,0,4,0
"Pfkfb3",89,72,235,339
"Gm10851",2,0,3,6
"Rbm17",47,43,56,119
"Il2ra",1,0,0,0
"Il15ra",40,20,34,96
"Fbh1",51,48,49,140
"Ankrd16",54,36,60,155
"Itga8",1,2,0,0
"Mindy3",105,58,84,272
"Pter",7,5,9,25
"Rsu1",99,65,130,287
"Gm13270",3,0,6,14
"Cubn",0,0,0,0
"Trdmt1",11,10,12,38
"Vim",1,1,0,0
"St8sia6",4,1,17,3
"Hacd1",46,19,64,130
"Stamos",1,1,1,0
"Stam",74,39,61,166
"Mrc1",1,3,0,4
"Cacnb2",5412,3068,4652,12711
"Gm10848",50,35,28,68
"Gm13269",32,23,26,47
"Nsun6",47,32,29,123
"Arl5b",129,62,131,356
"Malrd1",4,0,5,6
"Plxdc2",29,35,10,83
"Nebl",247,133,282,641
"A930004D18Rik",0,0,0,1
"Gm57453",0,0,0,0
"Skida1",1,0,0,1
"1810059C17Rik",4,0,3,2
"Mllt10",703,368,607,1574
"Dnajc1",1388,726,1115,3285
"Commd3",23,15,13,48
"Bmi1",27,11,10,61
"Spag6",0,0,0,3
"Gm3363",3,3,12,19
"Gm57429",4,0,2,10
"Pip4k2a",323,128,211,730
"4930426L09Rik",0,0,0,0
"Armc3",0,0,1,0
"Msrb2",35,19,25,68
"Gm33940",0,0,0,0
"Otud1",2,3,2,5
"Etl4",355,168,390,854
"Arhgap21",637,313,497,1633
"Gm13380",0,0,0,3
"Gm13375",4,2,5,11
"Gm57438",1,0,0,3
"Enkur",10,2,11,42
"Thnsl1",13,21,13,44
"Gm13327",9,2,7,12
"Gpr158",2984,1275,1993,5887
"Myo3a",7,18,12,16
"Gad2",0,0,0,0
"Apbb1ip",0,1,1,0
"Pdss1",25,26,30,69
"Abi1",252,180,234,706
"Acbd5",173,112,198,389
"Mastl",13,4,3,14
"Yme1l1",229,122,242,650
"Potegl",4,1,11,25
"Spopl",128,63,134,320
"Hnmt",17,5,16,22
"Psd4",25,10,18,53
"Cacna1b",117,38,103,298
"Ehmt1",320,199,277,821
"Arrdc1",36,15,40,94
"Zmynd19",10,6,7,13
"Dph7",8,5,7,51
"Mrpl41",1,3,9,15
"Pnpla7",48,30,50,119
"Nsmf",17,10,18,47
"Gm13387",0,0,0,0
"Nrarp",0,2,0,1
"Tor4a",1,3,1,3
"Nelfb",39,23,27,86
"Fam166a",3,4,1,0
"Tubb4b",179,29,71,273
"Cysrt1",2,0,0,1
"Rnf208",6,6,12,20
"Ndor1",43,28,51,121
"Tmem203",2,0,1,6
"Tprn",1,0,0,6
"Ssna1",5,5,5,9
"Anapc2",35,17,38,112
"Grin1",64,31,48,169
"Grin1os",1,1,0,0
"Man1b1",26,27,22,56
"Dpp7",16,5,14,38
"Gm46732",0,0,0,0
"Uap1l1",6,5,10,15
"Entpd2",1,1,3,2
"Npdc1",31,30,35,108
"Abca2",48,30,40,117
"Paxx",17,12,19,45
"C8g",3,0,0,2
"Fbxw5",40,32,26,106
"Traf2",27,14,14,42
"Edf1",6,7,8,16
"Mamdc4",0,0,1,0
"Phpt1",0,1,2,1
"Ajm1",8,4,9,15
"Rabl6",294,203,240,776
"Fcnaos",1,0,3,8
"Gm57475",3,0,0,0
"Tmem141",5,3,1,7
"Bmyc",3,5,4,9
"Kcnt1",1,2,2,10
"Camsap1",139,97,124,316
"Ubac1",28,21,30,88
"Nacc2",22,11,15,57
"Tmem250-ps",8,4,14,18
"1810012K08Rik",0,2,2,1
"Lhx3",2,0,1,0
"Qsox2",53,35,75,140
"Gpsm1",65,57,84,336
"Dnlz",9,4,4,13
"Card9",2,0,0,1
"Gm13562",2,7,5,15
"Snapc4",47,29,51,115
"Gm13563",23,16,20,47
"Entr1",55,26,25,136
"Pmpca",33,22,27,103
"Inpp5e",25,10,19,53
"Sec16a",278,198,274,788
"0610009E02Rik",7,21,7,36
"Notch1",26,12,24,44
"Egfl7",2,2,0,1
"Agpat2",12,5,5,26
"Gm57466",0,0,0,1
"Dipk1b",1,4,9,13
"Snhg7",15,15,14,33
"Surf6",14,14,16,37
"Med22",7,6,9,14
"Rpl7a",13,14,14,26
"Surf1",4,3,7,10
"Surf2",19,3,11,27
"Surf4",53,41,43,118
"Stkld1",2,1,0,6
"Rexo4",34,27,28,79
"Cacfd1",46,47,45,97
"Slc2a6",0,1,1,4
"Adamtsl2",3,1,2,2
"Sardh",0,0,0,0
"Vav2",51,26,29,90
"Brd3os",1,1,2,1
"Brd3",138,99,114,323
"Wdr5",39,25,23,71
"Gm13421",10,23,5,38
"Rxra",83,40,59,243
"Col5a1",0,0,0,0
"F730016J06Rik",0,0,0,1
"Olfm1",11,4,3,30
"Gm13373",1,0,0,1
"Ppp1r26",9,4,3,12
"Pierce1",0,3,0,1
"Mrps2",2,1,1,3
"Gbgt1",0,0,0,0
"Gm10134",0,0,0,0
"Ralgds",161,66,84,379
"Cel",0,0,0,0
"Gm13381",3,5,1,3
"Gtf3c5",21,16,12,47
"Tsc1",208,148,176,593
"Spaca9",3,0,6,5
"Ak8",16,7,18,44
"Gtf3c4",30,11,16,72
"Ddx31",133,76,69,298
"Barhl1",3,6,7,21
"Cfap77",39,37,47,145
"Ttf1",83,68,74,216
"Gm13393",1,0,0,0
"Setx",156,83,163,487
"Ntng2",11,0,3,52
"6530402F18Rik",3,0,1,8
"Med27",311,159,224,687
"Gm13402",5,3,1,16
"Rapgef1",377,172,273,917
"Gm13420",13,9,26,56
"Trub2",22,22,35,83
"Coq4",17,10,7,20
"Slc27a4",13,14,8,25
"Urm1",22,16,32,63
"Cercam",0,1,1,5
"Odf2",232,133,217,609
"Gle1",26,24,30,79
"Sptan1",492,273,310,916
"Dync2i2",36,21,28,82
"Set",43,37,33,83
"Pkn3",0,0,0,1
"Zdhhc12",5,3,8,8
"Zer1",92,66,97,233
"Tbc1d13",25,15,17,38
"Endog",7,2,5,21
"Spout1",33,10,20,48
"Kyat1",41,41,35,97
"1700084E18Rik",0,1,1,0
"Lrrc8a",33,9,14,40
"Phyhd1",0,4,6,7
"Dolk",2,5,4,4
"Nup188",51,52,53,110
"Gm14471",3,1,4,3
"Sh3glb2",37,44,39,115
"Miga2",19,25,23,57
"Dolpp1",13,5,11,28
"Crat",10,12,31,48
"Gm16323",1,1,1,0
"Ptpa",85,44,73,204
"Ier5l",0,0,0,0
"Cstad",10,5,20,32
"9330198N18Rik",10,7,4,28
"Gm14486",0,1,1,2
"Gm57432",0,0,0,1
"1700001O22Rik",1,0,0,0
"Ntmt1",35,19,35,118
"Asb6",4,2,5,16
"Prrx2",6,0,1,6
"Ptges",92,155,96,243
"Tor1b",59,63,45,149
"Tor1a",20,11,19,76
"BC005624",50,35,46,133
"Usp20",81,63,94,250
"Fnbp1",166,87,145,395
"D330023K18Rik",2,0,5,7
"Gpr107",198,94,168,405
"Gm13405",1,0,0,0
"Ncs1",11,9,11,29
"Hmcn2",0,0,0,2
"Ass1",5,9,17,41
"Fubp3",93,67,76,224
"Exosc2",14,7,11,30
"Gm13427",0,1,1,6
"Abl1",267,157,300,737
"Nup214",104,77,102,293
"Fam78a",1,0,0,0
"Plpp7",6,8,6,24
"Prrc2b",638,378,512,1453
"Gm13610",1,0,1,3
"Pomt1",5,9,20,56
"Uck1",11,10,6,45
"Swi5",18,20,39,74
"Golga2",128,83,67,289
"Dnm1",27,22,35,77
"Ciz1",62,50,69,136
"Bbln",4,7,2,9
"Ptges2",6,6,1,11
"Slc25a25",112,55,84,246
"Naif1",0,1,2,5
"Eeig1",127,70,73,278
"Dpm2",17,13,22,52
"Pip5kl1",0,0,1,2
"St6galnac4",8,6,9,23
"St6galnac6",27,15,28,42
"Ak1",10,5,8,18
"Eng",2,2,0,0
"Fpgs",18,15,11,39
"Cdk9",35,22,15,93
"Sh2d3c",2,2,2,1
"Ttc16",28,10,12,50
"Tor2a",11,6,9,25
"Ptrh1",0,1,2,2
"Cfap157",4,4,6,13
"Stxbp1",291,137,335,853
"Gm13524",5,2,2,7
"Gm13523",0,1,0,0
"Niban2",237,97,156,514
"Lrsam1",35,23,37,87
"Rpl12",10,11,21,6
"Gm57435",0,2,0,1
"Slc2a8",8,7,11,35
"Garnl3",30,5,50,88
"Ralgps1",439,249,415,1181
"Gm13528",2,2,3,5
"Angptl2",6,7,7,22
"Zbtb34",16,10,13,38
"Zbtb43",28,20,27,71
"Lmx1b",86,49,114,208
"C130021I20Rik",11,6,4,30
"Mvb12b",34,30,59,137
"Nron",0,0,1,1
"Pbx3",1149,659,956,2630
"C79798",6,1,6,13
"Mapkap1",360,232,326,917
"Gapvd1",277,177,234,643
"Gm57458",0,2,0,1
"Hspa5",2333,1053,1485,4109
"Rabepk",23,17,12,44
"Gm57450",3,2,6,26
"Fbxw2",58,31,65,161
"Psmd5",17,15,26,48
"Gm57465",0,3,0,0
"Cutal",9,6,7,13
"Phf19",1,0,0,2
"Traf1",0,1,0,0
"AI182371",5,7,14,26
"Cntrl",165,73,107,355
"Rab14",115,74,129,268
"Gm13605",0,0,0,2
"Gsn",49,35,42,119
"Stom",2,0,1,0
"4930402F06Rik",0,0,0,0
"Ggta1",0,0,1,4
"Dab2ip",110,45,107,238
"Ttll11",44,11,46,151
"Ndufa8",2,6,3,7
"Lhx6",0,0,0,2
"Rbm18",28,21,52,93
"Mrrf",32,15,50,100
"Ptgs1",3,1,0,0
"Pdcl",9,9,5,23
"Rc3h2",182,102,172,438
"Zbtb6",10,6,11,21
"Gm57468",0,2,0,2
"Zbtb26",5,6,4,7
"Rabgap1",357,224,376,899
"Strbp",491,238,381,1004
"Gpr21",12,6,7,15
"Crb2",1,0,1,1
"Dennd1a",907,555,828,2212
"Nek6",5,4,4,26
"Psmb7",78,44,62,145
"Nr6a1",941,461,815,2184
"Nr6a1os",18,7,9,31
"Olfml2a",0,0,0,1
"Wdr38",0,0,3,6
"Rpl35",19,7,22,26
"Arpc5l",29,22,18,71
"Golga1",225,154,186,439
"Scai",204,114,131,421
"Ppp6c",98,52,80,270
"Lrp1b",6,262,2,54
"Gm54112",0,0,0,0
"Kynu",0,0,0,6
"Arhgap15",3,5,0,0
"Gtdc1",204,112,218,484
"Gm57460",1,1,3,5
"Zeb2",0,10,0,0
"Zeb2os",1,0,0,0
"Vis1",0,0,0,0
"Gm13470",0,0,0,0
"Gm13481",3,5,4,0
"Acvr2a",399,206,324,848
"Orc4",136,96,117,262
"Mbd5",988,560,990,2456
"Epc2",250,96,259,654
"Kif5c",278,191,218,673
"Lypd6b",1,0,0,3
"Lypd6",2,0,0,1
"Mmadhc",16,21,18,39
"Gm13483",33,38,55,144
"Gm48908",1,0,2,2
"Rnd3",35,11,21,45
"Rbm43",26,16,18,61
"Nmi",28,22,48,95
"Tnfaip6",0,0,0,0
"Rif1",317,164,255,630
"Neb",21,9,19,47
"Gm13522",1,0,1,0
"Arl5a",98,55,77,221
"A430018G15Rik",1,1,1,1
"Cacnb4",31,16,39,57
"Stam2",129,80,121,330
"Fmnl2",1629,1062,1382,4157
"Prpf40a",246,140,207,451
"Arl6ip6",40,16,47,67
"Galnt13",8,20,69,120
"Gm14033",0,0,1,1
"Kcnj3",49,34,7,87
"Nr4a2",175,32,192,625
"BB557941",19,12,34,69
"A930012O16Rik",1,0,5,10
"Gpd2",348,217,310,984
"Cytip",0,2,0,0
"Acvr1c",35,40,48,128
"Gm13544",1,3,0,0
"Acvr1",201,130,164,493
"Upp2",168,162,191,534
"Ccdc148",310,193,225,777
"Pkp4",1149,631,1040,2912
"5330411J11Rik",1,0,2,0
"Dapl1",35,54,26,48
"Gm53240",4,2,5,5
"Tanc1",250,140,245,507
"Wdsub1",67,68,95,183
"Baz2b",1924,856,1570,4493
"Gm13572",0,1,1,2
"Gm57470",7,1,5,12
"Gm13620",0,0,0,2
"Marchf7",403,168,435,954
"Cd302",2,0,0,4
"Ly75",15,7,26,39
"Pla2r1",0,1,0,1
"Itgb6",1,0,7,4
"Rbms1",106,72,120,215
"Tank",79,37,65,131
"Psmd14",100,95,96,287
"Tbr1",2,0,1,6
"Slc4a10",579,382,666,1287
"Dpp4",196,162,233,497
"Gm13561",15,13,28,52
"Gm13565",2,0,1,4
"Gcg",192,743,615,1012
"Fap",4,2,2,2
"Ifih1",23,19,30,73
"Gca",76,41,74,174
"Kcnh7",3,6,21,8
"Fign",1,1,0,0
"Grb14",391,232,342,771
"Cobll1",762,419,775,2013
"Gm13594",2,2,3,9
"Slc38a11",26,22,50,79
"Scn3a",638,283,535,1268
"Gm34833",3,1,9,4
"Scn2a",120,63,88,246
"Csrnp3",0,0,0,0
"Galnt3",0,0,0,4
"Ttc21b",45,29,43,109
"Scn1a",1,0,1,1
"Gm13630",0,0,0,0
"Gm13629",11,4,6,12
"Scn9a",477,217,339,1176
"Scn7a",19,4,0,24
"Xirp2",2,0,0,0
"B3galt1",216,216,275,482
"Stk39",252,95,176,546
"Gm13596",0,0,0,0
"4932414N04Rik",1,0,1,0
"Cers6",577,304,483,1317
"Gm57462",5,3,4,12
"Nostrin",75,63,122,205
"Spc25",37,27,30,103
"G6pc2",616,237,332,1283
"Abcb11",4,2,7,3
"Gm13613",8,10,18,22
"Bbs5",17,19,15,49
"Klhl41",1,2,0,7
"Fastkd1",15,27,30,68
"Ppig",238,139,275,544
"Ccdc173",53,29,37,137
"Phospho2",19,7,21,45
"Klhl23",6,12,5,31
"Ssb",183,88,148,367
"Mettl5",18,10,16,31
"Gm13625",0,1,1,2
"Mettl5os",7,0,7,4
"Ubr3",559,318,467,1221
"Myo3b",0,1,5,2
"Gad1os",2,2,0,8
"Erich2",0,1,0,1
"Gad1",52,30,11,87
"Gm26558",0,0,0,1
"Gorasp2",262,164,191,626
"Tlk1",475,285,422,1244
"Mettl8",52,42,36,131
"Dcaf17",102,64,106,230
"Cybrd1",5,0,12,3
"Dync1i2",209,123,165,452
"Slc25a12",203,122,162,531
"Hat1",31,15,29,81
"Metap1d",173,108,175,434
"Dlx1as",1,4,0,3
"Itga6",196,137,176,566
"Pdk1",54,28,41,112
"Rapgef4",1359,833,1156,3653
"Rapgef4os1",19,13,8,26
"Rapgef4os2",1,0,0,3
"Rapgef4os3",0,0,0,1
"Map3k20",56,39,49,238
"Cdca7",0,3,1,6
"6430710C18Rik",0,0,0,0
"Sp3",96,79,107,263
"Sp3os",21,18,36,45
"Ola1",81,48,76,173
"Cir1",78,33,74,187
"Scrn3",43,25,45,144
"Gpr155",43,17,34,125
"Gm13703",1,0,0,1
"D230022J07Rik",12,11,5,15
"Gm13707",4,2,3,6
"Wipf1",127,120,131,274
"Gm13708",0,0,0,4
"Chrna1os",4,2,5,16
"Chn1os3",22,6,12,37
"Chn1",165,83,116,409
"Atf2",208,138,223,606
"Atp5g3",8,3,14,24
"Lnpk",55,31,55,137
"Hoxd8",0,0,0,0
"Hoxd3",0,0,0,0
"Hoxd4",0,0,0,0
"Mtx2",44,28,42,94
"Gm13652",0,3,0,7
"2600014E21Rik",18,7,8,30
"Gm39859",5,4,4,5
"Hnrnpa3",351,181,291,722
"Nfe2l2",95,62,78,237
"E030042O20Rik",1,5,5,9
"Agps",132,66,143,335
"Ttc30b",2,1,1,6
"Ttc30a1",2,0,1,0
"Pde11a",24,12,84,52
"Rbm45",15,14,13,33
"Osbpl6",198,109,195,621
"Prkra",14,17,17,38
"Fkbp7",34,28,56,105
"Plekha3",38,28,26,68
"Ttn",2,5,2,13
"Gm13938",2,1,4,6
"Ccdc141",14,8,6,35
"Sestd1",73,47,69,158
"Zfp385b",7,0,1,4
"Cwc22",82,41,64,182
"Gm14461",0,0,0,0
"Ube2e3",134,84,123,318
"Gm57446",5,3,2,5
"Itga4",18,13,27,49
"Cerkl",353,299,299,848
"Neurod1",266,136,241,615
"Itprid2",138,52,81,206
"Pde1a",74,29,58,126
"Dnajc10",206,193,217,538
"Frzb",109,117,102,237
"Nckap1",486,338,398,1041
"Dusp19",9,8,4,13
"Nup35",36,19,25,91
"Zfp804a",33,25,7,15
"Zc3h15",181,90,133,368
"Itgav",447,194,346,903
"Gm13684",23,9,11,28
"Fam171b",74,26,60,146
"Calcrl",0,1,0,0
"Tfpi",2,1,0,0
"Gm13710",0,1,2,4
"Ctnnd1",257,126,311,783
"Selenoh",6,3,1,9
"Tmx2",15,9,11,30
"Med19",6,5,9,9
"Zdhhc5",45,21,35,117
"Clp1",4,3,2,9
"Ypel4",91,28,59,158
"Gm19426",1,2,2,0
"Serping1",27,17,60,84
"Ube2l6",7,3,2,8
"Timm10",0,0,0,1
"Slc43a1",0,0,0,1
"Slc43a3",1,0,0,0
"P2rx3",17,14,19,33
"Ssrp1",56,34,30,126
"Tnks1bp1",42,23,40,96
"4930443O20Rik",0,0,0,0
"Aplnr",0,0,0,0
"Lrrc55os",1,1,1,1
"Lrrc55",0,0,0,0
"Or5m3b",3,0,8,4
"Or5aq7",0,1,1,3
"Or4a39",6,6,13,13
"Ptprj",734,432,650,1985
"4933423P22Rik",2,1,0,7
"Nup160",62,49,61,184
"Fnbp4",224,139,192,600
"Agbl2",4,2,6,20
"Mtch2",70,57,76,136
"C1qtnf4",0,3,2,13
"Ndufs3",39,33,35,75
"Kbtbd4",5,3,4,9
"Ptpmt1",12,10,8,33
"Celf1",369,232,332,997
"Rapsn",1,0,1,1
"Gm13778",3,3,4,8
"Psmc3",30,24,28,56
"Slc39a13",55,30,31,113
"Gm57424",2,1,0,1
"Spi1",0,0,1,0
"Mybpc3",1,0,3,3
"Madd",312,160,198,639
"Nr1h3",4,5,2,14
"Acp2",18,26,28,91
"Ddb2",44,16,45,104
"A330069E16Rik",4,2,6,11
"Pacsin3",1,0,2,0
"Arfgap2",43,28,32,131
"Cstpp1",326,185,266,893
"Lrp4",0,1,0,1
"Ckap5",273,131,213,591
"F2",1,2,3,12
"Zfp408",33,18,33,76
"Arhgap1",70,46,80,168
"Atg13",97,90,148,373
"Harbi1",17,17,15,34
"Ambra1",645,409,637,1475
"Chrm4",2,2,2,2
"Mdk",5,2,5,21
"Dgkz",340,134,252,775
"Gm9821",1,3,7,10
"Creb3l1",71,39,65,139
"Phf21a",1251,758,1057,2994
"Large2",14,6,11,38
"Pex16",13,4,11,27
"Frey1",2,2,2,8
"Mapk8ip1",151,55,126,343
"Cry2",1764,444,1855,4864
"D930015M05Rik",46,13,42,97
"Slc35c1",5,5,9,7
"Gm13814",1,0,0,3
"Gm13791",82,35,47,235
"Syt13",1209,722,1153,3430
"Prdm11",45,25,28,103
"4631405J19Rik",3,1,1,2
"Trp53i11",60,23,87,166
"Tspan18",0,1,0,0
"Gm13807",1,0,0,1
"Cd82",73,32,80,166
"Gm10804",1,0,2,9
"Ext2",217,80,190,477
"Accs",13,9,22,48
"Accsl",0,1,1,2
"Gm13889",0,0,0,0
"Alkbh3",76,42,70,180
"Hsd17b12",338,110,273,746
"Mir670hg",303,180,380,828
"Ttc17",161,81,139,401
"2810002D19Rik",2,4,2,3
"Api5",112,54,101,240
"Lrrc4c",4,14,35,9
"Iftap",41,32,35,73
"Traf6",34,22,23,61
"Prr5l",1,0,0,1
"Commd9",12,15,15,17
"Ldlrad3",139,86,73,219
"Gm13919",5,5,4,5
"Trim44",344,211,339,865
"Fjx1",0,0,1,0
"Pamr1",107,92,149,414
"Slc1a2",0,0,1,1
"Cd44",174,198,251,402
"Pdhx",33,14,26,83
"Apip",7,6,8,23
"Ehf",25,14,9,22
"Cat",5,2,2,9
"Abtb2",9,3,0,23
"Nat10",74,27,74,159
"Caprin1",184,124,165,432
"Lmo2",0,0,1,1
"4931422A03Rik",0,0,0,3
"Fbxo3",142,65,119,449
"Cd59b",5,9,18,20
"Cd59a",6,3,4,4
"D430041D05Rik",1,3,1,4
"Hipk3",265,119,283,772
"Cstf3",286,174,289,796
"Tcp11l1",78,52,83,175
"Depdc7",1,4,7,4
"Qser1",111,65,109,289
"2310047K21Rik",0,3,1,0
"Prrg4",9,2,7,22
"Ccdc73",4,1,0,7
"Eif3m",37,23,47,83
"Rcn1",10,9,12,22
"Pax6os1",551,201,584,1535
"Paupar",89,33,76,175
"Gm57419",11,8,16,40
"Pax6",1512,890,1111,3053
"Elp4",629,356,568,1331
"Gm13954",7,2,8,14
"Immp1l",167,108,154,385
"Dnajc24",107,93,97,216
"BB218582",30,16,37,69
"Mpped2",360,177,356,869
"Arl14ep",8,10,7,20
"Gm13912",3,0,0,0
"Mettl15",124,55,105,260
"Kif18a",14,5,11,24
"Bdnf",0,8,2,0
"Lin7c",39,15,34,86
"Platr8",0,0,0,0
"Lgr4",163,91,183,478
"Ccdc34",10,9,22,55
"Gm13936",1,0,0,7
"Ano3",14,0,5,59
"Potefam1",0,0,1,0
"Lpcat4",2,3,2,7
"Nop10",4,2,2,5
"Slc12a6",248,117,241,685
"Emc4",11,9,15,23
"Gm57464",0,0,0,0
"Katnbl1",66,37,63,126
"Emc7",18,15,10,40
"Aven",85,64,86,219
"Ryr3",29,7,12,71
"Fmn1",37,16,24,75
"Gm13963",0,0,0,2
"Grem1",0,0,0,6
"Scg5",531,437,614,1832
"Arhgap11a",3,3,2,4
"Gjd2",188,111,126,493
"A530058N18Rik",173,150,250,509
"Actc1",0,1,0,1
"C130080G10Rik",1,5,1,16
"Aqr",110,60,92,246
"Zfp770",7,3,4,17
"Dph6",138,83,128,343
"Gm13972",1,0,0,0
"Gm13974",0,1,1,0
"Gm28494",0,0,1,5
"Cdin1",243,173,229,486
"Meis2",2147,948,1452,4313
"2700033N17Rik",3,4,2,15
"G630016G05Rik",15,9,7,24
"D330050G23Rik",0,1,0,0
"Gm29340",0,0,0,0
"Spred1",11,9,16,43
"Fam98b",33,20,31,71
"Rasgrp1",1,1,12,4
"Gm13986",3,2,1,0
"Thbs1",4,0,0,0
"Fsip1",2,1,3,14
"Gpr176",1,5,6,10
"Eif2ak4",159,101,166,370
"Srp14",19,13,11,38
"Bmf",4,4,5,32
"Bub1b",2,4,1,18
"Pak6",9,10,10,32
"Plcb2",0,0,0,0
"Inafm2",4,2,2,12
"Ccdc9b",77,29,47,190
"Disp2",130,109,153,410
"Knstrn",1,2,3,5
"Ivd",203,83,139,463
"Bahd1",32,19,20,72
"Chst14",0,0,0,4
"Ccdc32",4,4,2,6
"Rpusd2",0,1,0,4
"Knl1",4,3,4,8
"Gm57476",0,0,2,4
"Rad51",3,3,2,3
"Rmdn3",39,10,32,91
"Dnajc17",21,20,11,48
"Zfyve19",11,24,15,50
"Ppp1r14d",1,0,0,0
"Spint1",83,49,110,228
"Vps18",42,10,48,114
"Gm14207",2,0,2,3
"Dll4",9,3,7,22
"Chac1",9,5,1,12
"Ino80",258,167,221,600
"Exd1",0,0,0,2
"Chp1",75,37,82,204
"Oip5os1",60,32,69,167
"Oip5",0,0,0,0
"Nusap1",0,3,7,3
"Ndufaf1",5,5,3,8
"Rtf1",137,72,110,364
"Itpka",8,4,11,20
"Ltk",5,4,6,7
"Rpap1",33,31,30,98
"Tyro3",3,0,1,1
"Mga",452,213,384,986
"Mapkbp1",98,37,68,231
"Jmjd7",1,0,3,11
"Pla2g4b",4,4,2,13
"Sptbn5",0,1,3,2
"Ehd4",46,12,18,131
"Pla2g4f",2,0,1,1
"Vps39",66,32,53,149
"Tmem87a",161,96,134,360
"Ganc",75,55,62,182
"Capn3",4,9,5,10
"Zfp106",183,153,121,431
"Snap23",45,62,40,112
"Lrrc57",1,10,8,16
"Haus2",12,10,15,30
"Stard9",6,7,13,19
"Cdan1",9,5,12,33
"Ttbk2",26,13,23,58
"AV039307",5,4,4,15
"Ubr1",274,137,233,583
"Tmem62",37,17,31,95
"Ccndbp1",20,12,5,34
"Tgm5",0,2,6,6
"Tgm7",0,0,0,3
"Lcmt2",2,2,3,18
"Adal",36,18,32,56
"Zscan29",17,15,15,39
"Tubgcp4",43,27,50,132
"Trp53bp1",407,223,234,891
"Map1a",11,5,8,21
"Ppip5k1",175,136,163,473
"Ckmt1",3,2,1,0
"Strc",0,0,0,3
"Catsper2",44,29,29,72
"Pdia3",254,298,330,703
"Serinc4",3,1,1,4
"Serf2",81,42,59,203
"Hypk",12,9,26,37
"Mfap1b",38,9,46,74
"Mfap1a",27,8,34,70
"Wdr76",15,5,11,43
"Frmd5",289,335,212,760
"Golm2",174,129,162,371
"Ctdspl2",126,63,104,290
"Eif3j1",110,53,95,277
"Spg11",76,55,73,210
"Patl2",0,0,0,1
"B2m",0,0,0,7
"Trim69",0,0,0,0
"Sord",5,5,21,19
"Shf",4,1,3,8
"Slc28a2",1,0,0,3
"Slc28a2b",2,0,0,0
"Gatm",82,20,52,158
"Spata5l1",1,4,5,7
"Slc30a4",42,24,25,70
"4930417H01Rik",3,0,1,3
"Bloc1s6os",0,1,0,0
"Bloc1s6",3,7,8,22
"Sqor",20,13,40,75
"Sema6d",219,89,193,613
"Slc24a5",4,0,1,10
"Myef2",225,117,202,600
"Gm14004",2,0,1,3
"Ctxn2",2,0,0,4
"Slc12a1",1,0,3,4
"Dut",18,16,8,30
"Fbn1",0,3,0,1
"Cep152",33,15,23,59
"Shc4",3,2,6,9
"Eid1",20,21,10,17
"Secisbp2l",73,41,51,136
"Cops2",92,45,82,232
"Galk2",153,121,223,484
"Fam227b",2,2,1,2
"Fgf7",0,1,0,2
"Dtwd1",6,13,9,28
"Atp8b4",1,0,0,0
"Slc27a2",7,8,19,31
"Hdc",8,6,6,16
"Gabpb1",66,52,61,148
"Gm27003",7,9,13,23
"Usp8",140,82,106,333
"Usp50",8,6,10,30
"Trpm7",414,213,373,1056
"Sppl2a",66,59,77,159
"Ap4e1",82,52,80,193
"Blvra",8,12,18,22
"Ncaph",0,0,0,0
"Itpripl1",0,0,0,0
"1810024B03Rik",23,5,33,47
"Snrnp200",127,51,89,281
"Ciao1",4,5,6,21
"Tmem127",47,21,39,122
"Stard7",67,40,49,167
"Dusp2",0,0,0,0
"Gpat2",0,0,0,2
"Fahd2a",13,3,8,25
"Kcnip3",8,8,29,47
"Prom2",0,1,1,0
"Zfp661",2,0,4,9
"Mrps5",30,11,19,81
"Mal",0,0,0,0
"Mall",0,0,0,0
"Nphp1",37,31,31,101
"Mtln",1,3,0,3
"Acoxl",1,0,1,1
"Bcl2l11",51,26,50,184
"Gm14009",0,1,1,2
"Morrbid",1,6,0,6
"Gm39929",4,1,4,6
"Anapc1",193,111,161,489
"Mertk",1,0,0,3
"Tmem87b",162,52,124,336
"Fbln7",0,0,0,0
"Zc3h8",27,18,14,44
"Gm10762",3,2,6,5
"Zc3h6",126,75,201,351
"Gm14027",4,2,4,9
"Vinac1",1,2,1,2
"Gm14022",2,1,2,8
"Ttl",15,10,11,42
"Polr1b",13,5,11,43
"Chchd5",5,1,1,8
"Slc20a1",83,29,58,132
"9830144P21Rik",2,1,0,1
"Ckap2l",1,0,0,0
"Gm14023",11,7,8,29
"Il1a",0,0,0,0
"Il1b",0,0,0,0
"Il1bos",1,1,3,5
"F830045P16Rik",0,0,2,0
"Sirpa",69,55,71,190
"Pdyn",11,61,5,15
"Stk35os1",2,1,3,2
"Stk35",253,127,285,691
"Tgm3",0,0,1,7
"Snrpb",23,11,25,66
"2810036E18Rik",2,1,1,2
"Nop56",71,41,41,119
"Idh3b",53,29,49,98
"Ebf4",7,4,4,11
"Cpxm1",0,0,6,3
"Pced1a",29,22,27,55
"Vps16",37,30,44,92
"Ptpra",276,136,199,575
"4930473A02Rik",7,2,1,16
"Mrps26",23,15,10,57
"Ubox5",11,11,7,48
"Fastkd5",2,0,1,2
"Lzts3",14,6,7,36
"Ddrgk1",53,36,52,140
"Itpa",12,19,20,39
"Slc4a11",0,0,0,3
"Dnaaf9",560,333,460,1358
"C030014O09Rik",1,0,1,2
"A730017L22Rik",10,8,8,25
"Atrn",189,91,180,492
"Siglec1",0,1,1,1
"Hspa12b",9,5,21,29
"1700037H04Rik",0,1,8,9
"Gm14232",0,0,2,5
"Spef1",4,5,7,17
"Cenpb",7,7,10,13
"Cdc25b",7,9,7,21
"Ap5s1",1,4,4,9
"Mavs",13,5,11,8
"Pank2",74,45,73,183
"Rnf24",50,24,25,112
"Gm57422",1,0,1,0
"Smox",7,10,11,17
"Gm14280",20,10,25,84
"5330413P13Rik",30,18,25,49
"Prnp",192,96,173,495
"Prnd",9,2,8,11
"Rassf2",3,0,6,5
"Slc23a2",245,101,231,608
"Gm14051",2,0,1,4
"Tmem230",18,20,25,62
"Pcna",67,24,32,69
"AV099323",2,5,0,5
"Cds2",126,68,95,310
"Gpcpd1",168,118,173,428
"AU019990",0,0,0,0
"Shld1",46,67,54,143
"Gm14097",4,1,4,1
"Chgb",762,1735,1516,2181
"Trmt6",38,32,39,90
"Mcm8",4,3,3,13
"Crls1",16,21,22,51
"Fermt1",0,1,0,4
"Bmp2",0,1,0,3
"Hao1",1,0,1,5
"Tmx4",164,87,207,432
"Plcb1",1672,944,1333,3846
"4930545L23Rik",6,1,2,10
"9630028H03Rik",5,5,9,18
"Plcb4",385,204,255,798
"Gm14211",1,1,0,4
"Lamp5",0,0,0,0
"Pak5",450,424,511,1444
"Ankef1",10,5,5,24
"Snap25",1613,1001,1884,4630
"Mkks",2,2,1,3
"Slx4ip",230,145,201,544
"Jag1",6,9,1,11
"Gm14064",0,0,0,0
"Btbd3",49,56,55,154
"Gm14061",0,1,0,0
"Gm14066",1,1,4,3
"Sptlc3",0,0,1,0
"Ism1",0,0,2,12
"Tasp1",213,174,198,551
"Esf1",59,32,39,110
"Ndufaf5",34,23,27,59
"Sel1l2",1,3,3,0
"Macrod2",798,396,795,2336
"Flrt3",1,0,0,11
"Macrod2os1",2,1,1,8
"Kif16b",258,187,232,603
"Snrpb2",8,6,5,19
"Pcsk2os1",98,55,100,256
"Pcsk2",11913,6672,13127,34643
"Pcsk2os2",41,32,26,83
"Bfsp1",2,0,1,16
"Dstn",643,286,686,1495
"Rrbp1",829,685,661,1950
"Banf2",10,3,3,3
"Gm5535",4,3,4,5
"Gm57455",3,3,3,4
"Snx5",66,61,42,155
"Mgme1",1,4,1,3
"Ovol2",0,0,0,1
"Kat14",40,36,33,75
"Dzank1",59,29,65,139
"Polr3f",23,17,28,66
"Rbbp9",7,8,3,15
"Sec23b",96,126,84,282
"Smim26",0,2,1,0
"Dtd1",243,146,227,536
"Slc24a3",74,31,67,173
"Rin2",74,56,104,187
"Naa20",92,70,109,251
"Crnkl1",103,35,61,203
"Cfap61",57,30,73,140
"Insm1",28,22,10,50
"Ralgapa2",641,397,662,1175
"A930019D19Rik",2,1,5,3
"Kiz",180,97,181,471
"Xrn2",240,118,182,503
"Nkx2-2",814,287,750,1647
"Nkx2-2os",23,15,19,59
"6430503K07Rik",5,1,0,7
"9030622O22Rik",335,304,420,1145
"Foxa2",31,27,30,79
"Thbd",0,1,1,1
"Cd93",0,0,0,0
"Nxt1",0,3,0,1
"Gzf1",26,17,16,65
"Napb",43,36,46,131
"Cstdc2",0,0,0,1
"Cst3",15,20,35,20
"Zfp120",20,15,16,66
"Gm14139",1,0,0,0
"Zfp937",7,16,9,13
"3300002I08Rik",21,25,32,72
"Gm10130",12,8,26,45
"Zfp442",31,25,17,46
"Zfp345",1,0,2,0
"Apmap",22,10,22,34
"Acss1",5,5,1,1
"E130215H24Rik",0,0,0,0
"Entpd6",15,8,20,49
"Pygb",23,12,21,60
"Abhd12",81,53,68,198
"Gins1",2,3,0,4
"Ninl",5,8,13,42
"Nanp",1,3,3,2
"Nsfl1c",37,31,41,122
"Gm14167",19,21,29,59
"Fkbp1a",32,38,27,106
"Sdcbp2",6,3,7,22
"Snph",163,93,127,424
"Rad21l",0,1,0,0
"Tmem74b",0,0,1,2
"Psmf1",53,23,76,197
"Rspo4",79,24,53,162
"Angpt4",1,2,0,3
"Gm14154",0,2,0,0
"Fam110a",10,2,14,17
"Slc52a3",0,0,0,0
"Scrt2",2,0,1,0
"Srxn1",5,2,5,11
"Tcf15",0,0,0,0
"Gm57421",0,1,0,3
"Csnk2a1",161,115,126,361
"Tbc1d20",52,29,37,141
"Rbck1",22,24,17,76
"Trib3",0,2,3,12
"Gm14164",1,0,0,3
"Sox12",6,5,14,28
"Zcchc3",3,2,6,4
"6820408C15Rik",4,3,10,12
"Rem1",0,0,0,0
"H13",308,228,294,788
"Mcts2",18,8,12,35
"Id1",0,1,0,0
"Cox4i2",3,0,0,1
"Bcl2l1",118,68,89,251
"Foxs1",0,2,0,0
"Dusp15",0,2,0,5
"Ttll9",2,2,1,0
"Pdrg1",27,20,17,52
"Xkr7",27,12,21,64
"Ccm2l",0,3,0,0
"Hck",0,0,0,0
"Tm9sf4",168,112,141,381
"Tspyl3",1,1,0,1
"Plagl2",28,13,13,52
"Pofut1",46,29,57,133
"Kif3b",88,60,99,231
"2500004C02Rik",7,4,9,21
"Asxl1",204,121,159,470
"Nol4l",184,112,179,378
"Commd7",27,21,32,77
"Dnmt3bos",0,3,0,1
"Dnmt3b",25,17,14,62
"Mapre1",185,61,127,524
"Efcab8",4,1,8,17
"Cdk5rap1",31,22,28,93
"Snta1",7,5,12,20
"Cbfa2t2",280,196,255,701
"Necab3",0,0,0,1
"1700003F12Rik",1,2,3,7
"E2f1",3,3,0,4
"Pxmp4",18,12,35,74
"Zfp341",31,17,22,48
"Chmp4b",134,78,126,307
"Raly",18,16,13,24
"a",17,3,14,55
"Eif2s2",94,49,87,160
"Ahcy",1,2,1,8
"Gm45609",0,2,4,2
"Itch",311,206,316,790
"Dynlrb1",15,9,8,29
"Map1lc3a",18,5,16,44
"Pigu",81,51,85,234
"Trp53inp2",111,63,174,439
"Ncoa6",264,158,188,526
"Ggt7",73,51,56,173
"Acss2",113,44,105,235
"Acss2os",1,1,1,1
"Gss",19,21,32,62
"Gssos2",1,0,0,0
"Gssos1",0,1,0,4
"Myh7b",2,0,0,5
"Trpc4ap",205,133,198,431
"Edem2",89,134,113,291
"Procr",0,1,0,0
"Mmp24",18,15,23,67
"BC029722",2,1,6,10
"Eif6",4,2,7,34
"Gm16098",2,1,3,4
"Uqcc1",140,118,164,389
"Cep250",65,46,48,128
"6430550D23Rik",3,6,8,23
"Ergic3",27,17,24,66
"Spag4",0,0,0,0
"Cpne1",73,53,63,184
"Nfs1",70,44,58,188
"Romo1",2,1,0,0
"Rbm39",1343,587,1235,2962
"Phf20",230,145,202,615
"Scand1",9,10,7,15
"Cnbd2",18,11,17,46
"Norad",56,41,50,101
"Epb41l1",90,62,72,243
"Aar2",9,18,21,39
"Gm14168",3,1,7,13
"Dlgap4",113,70,67,196
"4930405A21Rik",8,9,8,11
"Myl9",0,0,0,3
"5730471H19Rik",1,1,0,2
"Tgif2",1,0,0,1
"5430405H02Rik",29,40,30,66
"Rab5if",10,10,9,36
"Sla2",0,0,0,2
"Ndrg3",144,107,125,331
"Dsn1",2,1,5,5
"Soga1",170,56,111,311
"Tldc2",0,0,0,3
"Samhd1",29,30,47,96
"Rbl1",21,21,23,47
"Mroh8",1,3,0,4
"Rpn2",173,173,163,392
"Manbal",19,26,19,57
"Src",40,28,41,95
"Gm14286",6,12,14,26
"Blcap",95,72,98,231
"Nnat",31,13,19,63
"Gm57477",0,1,1,0
"Ctnnbl1",232,151,148,446
"Vstm2l",65,34,50,138
"Tti1",42,22,32,93
"Rprd1b",169,76,114,374
"2010009K17Rik",8,1,2,6
"Tgm2",1,0,0,2
"D630003M21Rik",2,2,4,21
"Lbp",0,0,0,2
"Snhg17",3,7,6,14
"Snhg11",389,335,471,1196
"Ralgapb",284,128,271,564
"Adig",3,2,8,3
"Actr5",25,17,23,80
"Ppp1r16b",3,1,0,3
"Fam83d",1,0,0,1
"Dhx35",20,23,24,95
"Gm14223",1,0,0,1
"4933416E03Rik",2,0,0,0
"Gm826",1,0,1,4
"Mafb",10,9,18,34
"Gm14221",4,0,1,9
"Top1",617,227,448,1324
"Plcg1",107,58,65,189
"Gm27206",4,1,0,8
"Zhx3",204,142,179,463
"Gm16751",1,2,3,1
"Lpin3",21,5,5,17
"Chd6",622,362,571,1574
"Gm45447",0,1,4,3
"Ptprt",2720,1356,2104,6752
"9430021M05Rik",12,10,11,27
"Gm14246",2,0,2,2
"Srsf6",112,71,73,220
"L3mbtl1",3,0,2,7
"Sgk2",21,21,23,85
"Ift52",39,26,36,94
"Mybl2",11,9,8,26
"Gm11454",0,2,0,0
"Tox2",1,6,0,3
"Jph2",0,0,1,2
"Oser1",66,35,61,215
"2900093K20Rik",6,12,14,33
"Gdap1l1",134,95,143,426
"Fitm2",21,13,15,31
"Hnf4aos",10,5,3,17
"Hnf4a",190,85,185,559
"Ttpal",23,14,18,53
"Serinc3",180,67,131,411
"Pkig",187,96,135,401
"Gm16316",2,1,0,4
"Ada",2,3,3,2
"Ywhab",48,45,44,122
"Pabpc1l",10,4,10,24
"Tomm34",39,30,54,149
"Stk4",62,39,27,140
"Gm11455",0,0,0,0
"Matn4",3,0,0,3
"Rbpjl",2,0,1,1
"Sdc4",137,19,72,238
"Sys1",31,33,36,104
"Gm14302",0,0,0,2
"Dbndd2",4,3,3,18
"Pigt",10,17,16,43
"Gm57459",13,13,18,51
"Wfdc16",2,3,3,5
"Dnttip1",55,45,69,145
"Gm11457",3,3,5,8
"Ube2c",2,0,1,2
"Snx21",22,19,31,59
"Acot8",28,14,32,57
"Zswim3",15,14,10,35
"Zswim1",5,7,4,13
"Neurl2",0,1,0,2
"Ctsa",35,30,27,86
"Pltp",0,0,0,1
"Pcif1",37,25,35,98
"Zfp335",30,17,17,58
"Zfp335os",32,11,32,69
"Mmp9",0,0,0,0
"Slc12a5",57,34,36,90
"Ncoa5",80,66,104,265
"Gm57463",13,12,10,37
"Cd40",0,0,0,1
"1700025C18Rik",0,0,1,2
"Cdh22",139,80,173,441
"Gm14397",1,1,1,4
"Slc35c2",22,25,29,67
"Elmo2",38,22,27,94
"Zfp334",16,6,9,37
"Slc13a3",0,0,0,0
"Trp53rka",4,7,3,8
"Slc2a10",0,4,2,1
"Eya2",3,8,8,28
"Zmynd8",637,434,510,1541
"Gm11465",3,0,0,10
"Gm11464",0,2,2,4
"Ncoa3",97,74,86,241
"Sulf2",3,3,1,3
"Gm11468",0,1,1,2
"Prex1",22,14,43,50
"Trp53rkb",0,4,0,3
"Arfgef2",242,142,242,755
"Cse1l",79,49,95,238
"Stau1",174,95,189,496
"Ddx27",42,36,43,110
"Znfx1",118,49,59,191
"Zfas1",3,5,10,22
"Kcnb1",695,230,461,1374
"1110018N20Rik",34,11,20,66
"Ptgis",6,1,1,10
"Gm14291",0,0,0,3
"B4galt5",192,109,201,597
"Slc9a8",146,87,146,377
"Spata2",39,12,15,72
"Rnf114",53,32,64,144
"Snai1",0,0,0,0
"Gm11476",0,0,0,2
"Gm31619",2,0,0,1
"Ube2v1",48,32,56,144
"Peds1",73,41,96,198
"Gm14320",7,4,12,19
"Cebpb",9,9,9,25
"A530013C23Rik",1,1,1,9
"Gm14321",0,2,3,3
"9230111E07Rik",0,0,1,1
"1200007C13Rik",0,0,1,0
"Ptpn1",248,138,235,787
"Ripor3",2,0,5,3
"Pard6b",14,8,11,23
"Adnp",234,165,230,659
"Dpm1",404,165,364,1103
"Mocs3",5,4,8,8
"Nfatc2",895,312,767,2631
"Atp9a",203,106,221,474
"Sall4",10,9,4,13
"Gm14261",3,1,2,10
"Zfp64",127,48,140,397
"Gm9873",2,1,4,1
"Gm14249",2,3,4,6
"Tshz2",2351,1265,2081,5099
"Zfp217",21,16,27,62
"Bcas1",0,0,0,3
"Bcas1os1",0,0,0,0
"Pfdn4",5,7,6,17
"Gm14264",26,26,48,143
"Dok5",101,99,83,275
"Fam210b",10,9,4,23
"Aurka",0,1,1,3
"Cstf1",5,4,6,21
"Gm14455",0,2,0,5
"Rtf2",32,25,32,132
"Gcnt7",1,1,1,9
"Fam209",2,3,0,2
"Bmp7",1,1,0,0
"Spo11",1,0,1,0
"Rae1",40,37,39,137
"Rbm38",0,2,1,2
"Ctcfl",0,2,14,1
"Ctcflos",0,10,7,2
"Zbp1",0,0,0,0
"Pmepa1",39,22,18,121
"Pmepa1os",0,0,0,0
"Ankrd60",2,2,2,3
"Ppp4r1l-ps",730,575,801,1883
"Rab22a",127,114,106,244
"Vapb",124,135,119,369
"Stx16",173,91,127,342
"Npepl1",80,74,57,200
"Gm10714",0,0,1,3
"Gnasas1",5,31,17,23
"Gnas",1147,1204,1352,2312
"Nelfcd",9,10,12,29
"Ctsz",5,14,8,16
"Tubb1",0,0,0,3
"Atp5e",9,7,6,18
"Prelid3b",9,9,3,16
"Zfp831",0,2,1,1
"Edn3",3,2,3,4
"Gm14618",0,0,0,1
"Gm14616",0,1,0,0
"Gm14393",3,2,5,15
"Gm14399",21,19,22,53
"Gm14443",4,2,11,10
"Gm14391",3,1,5,9
"Gm14440",24,6,16,46
"Gm4631",9,10,20,24
"Zfp965",4,1,0,3
"Gm6710",0,0,2,3
"Zfp968-ps",0,2,0,2
"Gm14308",0,0,2,6
"Zfp973",3,7,16,26
"Gm14305",4,2,7,7
"Gm14295",3,3,7,5
"Gm14408",2,1,3,6
"Gm14296",19,18,23,38
"Gm14401",6,1,2,14
"Gm14410",15,11,28,38
"Gm14412",1,4,7,20
"Gm14418",10,5,12,18
"Zfp970",8,8,7,22
"Gm14403",3,6,1,8
"Gm14322",3,2,4,10
"Gm14325",8,8,12,31
"Gm14327",11,9,17,28
"Zfp972",4,3,4,8
"Gm14326",16,10,32,51
"Zfp971",9,21,21,27
"Zfp931",1,10,2,7
"Phactr3",56,43,28,141
"Sycp2",13,7,24,60
"Ppp1r3d",2,0,1,10
"Fam217b",9,1,4,20
"Cdh4",772,446,827,1614
"Taf4",121,44,60,220
"4921531C22Rik",6,3,3,7
"Lsm14b",15,10,12,26
"Psma7",80,33,66,177
"Ss18l1",28,25,29,94
"Mtg2",24,27,22,77
"Hrh3",0,0,1,3
"Osbpl2",148,104,177,499
"Adrm1",25,10,13,42
"Lama5",3,0,1,4
"Rps21",54,47,84,95
"Cables2",9,0,4,36
"Slco4a1",1,1,1,3
"Mrgbp",19,11,13,40
"Ogfr",22,8,13,49
"Col9a3",1,0,4,4
"Tcfl5",0,2,0,0
"Dido1",246,154,201,601
"Gid8",22,17,13,34
"Gm30455",0,2,2,4
"Slc17a9",28,41,34,52
"Ythdf1",44,10,39,126
"Arfgap1",235,142,167,533
"9230112E08Rik",6,11,6,8
"Col20a1",21,15,12,53
"Kcnq2",18,10,22,37
"Eef1a2",2,0,0,1
"Ppdpf",4,6,2,5
"Srms",0,0,0,0
"Helz2",37,11,24,74
"Gmeb2",142,62,139,347
"Stmn3",3,9,13,16
"Rtel1",20,15,22,84
"Arfrp1",22,17,17,61
"Zgpat",28,18,29,69
"Zbtb46",1,3,0,2
"Tpd52l2",77,33,72,246
"Dnajc5",151,107,135,327
"Uckl1",27,34,24,59
"Uckl1os",2,1,3,7
"Zfp512b",78,59,71,218
"Prpf6",214,108,172,436
"Samd10",11,3,11,29
"Sox18",0,0,0,0
"Tcea2",9,9,6,27
"Rgs19",1,1,1,3
"Oprl1",1,1,0,0
"Myt1",583,322,493,1216
"Pcmtd2",133,69,131,334
"Gm57457",2,8,0,4
"Polr3k",13,17,16,26
"Hnf4g",450,258,474,1091
"Zfhx4",41,19,29,100
"Pex2",14,25,22,57
"Gm8797",2,3,2,5
"Pkia",393,200,470,1005
"Zc2hc1a",133,68,121,288
"Il7",1,0,3,1
"Gm16685",0,1,1,1
"Stmn2",0,0,0,0
"Hey1",0,0,0,0
"Mrps28",166,141,137,390
"Tpd52",428,240,426,1350
"Zbtb10",346,69,271,738
"C030034L19Rik",1,2,2,5
"Zfp704",732,372,718,1907
"Pag1",328,189,259,788
"Gm16337",8,5,3,17
"Fabp5",2,1,2,10
"Myef2l",2,2,1,7
"Fabp4",0,0,0,1
"Fabp12",2,0,7,7
"Impa1",49,32,43,130
"Zfand1",26,14,30,74
"Chmp4c",86,38,86,221
"Snx16",32,16,22,47
"Ralyl",1,1,1,2
"Lrrcc1",60,34,43,161
"E2f5",25,17,24,54
"Rbis",12,17,17,43
"Car13",0,0,0,0
"Car2",1,0,0,0
"Sirpb1b",0,0,0,0
"Ythdf3",244,135,203,591
"Cyp7b1",220,98,173,437
"Gm30667",0,0,1,2
"Armc1",36,39,22,83
"Mtfr1",25,16,26,48
"Pde7a",94,53,78,229
"Gm16093",22,7,32,52
"1700064H15Rik",0,4,1,1
"ENSMUSG00000121477",6,5,3,10
"Cp",0,2,0,1
"Hps3",36,19,23,91
"Hltf",138,85,110,305
"Gyg",18,12,13,46
"Cpb1",1,0,0,0
"Gm43672",0,0,0,0
"Tbl1xr1",113,66,125,377
"Naaladl2",63,20,56,135
"Nlgn1",1211,967,1213,2453
"Gm37573",0,0,0,0
"Spata16",0,0,2,0
"Ect2",1,2,2,6
"1700125G22Rik",0,0,0,0
"Nceh1",68,51,58,163
"Tnfsf10",4,8,8,16
"Ghsr",0,0,0,1
"Fndc3b",940,707,732,2289
"Tmem212",5,3,11,27
"Pld1",95,55,102,240
"Gm56802",0,0,0,1
"Tnik",610,395,605,1713
"Slc2a2",674,350,519,1147
"1700112D23Rik",28,13,12,26
"Eif5a2",3,4,4,15
"Gm32950",0,1,1,1
"Rpl22l1",49,16,36,63
"Egfem1",1,0,0,0
"Mecom",12,4,51,103
"Mecomos",1,0,0,2
"Actrt3",1,0,0,6
"Mynn",43,31,32,80
"Lrrc34",2,1,1,0
"4933429H19Rik",0,1,0,1
"Sec62",283,111,255,565
"Gpr160",2,0,9,17
"Phc3",134,93,129,358
"Prkci",31,23,36,73
"Gm33694",0,2,0,4
"Skil",170,47,192,451
"Cldn11",1,0,1,1
"Slc7a14",2957,1128,2249,7787
"Gm15496",34,14,18,74
"Gm38025",3,0,0,2
"Kcnmb2",5514,2962,6216,17007
"Zmat3",37,45,57,144
"Gm56797",7,6,8,5
"Pik3ca",230,147,209,580
"Kcnmb3",0,1,0,1
"Zfp639",27,19,20,90
"Gm37592",0,0,0,1
"Mfn1",56,49,60,172
"Gnb4",23,31,35,67
"Gm37640",0,0,1,3
"Actl6a",27,14,18,59
"Mrpl47",9,7,9,17
"Ndufb5",11,13,18,41
"Usp13",22,15,12,32
"Gm37459",148,86,299,917
"Pex5l",1277,655,1076,2705
"4930419G24Rik",27,7,14,35
"Gm43666",0,0,0,5
"Ttc14",316,183,238,663
"Ccdc39",58,21,40,121
"Gm43140",0,0,0,5
"4930431L21Rik",0,0,0,0
"Gm43077",3,0,0,1
"Fxr1",280,137,177,542
"Dnajc19",19,11,14,31
"Sox2ot",0,0,0,3
"Atp11b",260,125,297,625
"Dcun1d1",38,49,46,112
"Gm15952",5,11,16,21
"Mccc1",44,44,27,111
"Mccc1os",0,1,0,0
"Acad9",25,9,11,51
"Zfp267",24,22,11,35
"Anxa5",140,72,130,373
"1810062G17Rik",12,24,22,34
"Smim43",4,12,5,3
"Exosc9",16,7,23,38
"Ccna2",5,1,2,4
"Bbs7",47,27,40,151
"Trpc3",2,1,0,0
"Bltp1",559,328,472,1251
"Gm12531",0,0,0,0
"Adad1",0,1,0,4
"Il2",0,0,1,0
"Cetn4",7,1,6,22
"Bbs12",7,8,6,15
"Fgf2",0,0,0,0
"Nudt6",9,13,8,18
"Spata5",239,125,176,504
"Spry1",2,0,0,1
"Gm5148",3,1,0,10
"Gm20755",1,0,1,2
"Ankrd50",39,26,20,92
"C230034O21Rik",0,0,0,0
"Fat4",3,0,0,2
"Intu",69,45,80,205
"Slc25a31",5,5,0,3
"Hspa4l",254,87,232,474
"Plk4",5,2,4,28
"Mfsd8",23,11,26,57
"Gm2011",1,14,5,7
"Abhd18",126,88,149,324
"6430590A07Rik",18,21,13,43
"Larp1b",177,124,146,446
"Pgrmc2",36,37,38,107
"Platr4",2,0,0,3
"Jade1",94,58,96,256
"Gm31266",0,0,1,0
"Sclt1",177,90,150,367
"D3Ertd751e",140,85,116,341
"2610316D01Rik",2,1,1,0
"Pcdh10",0,0,0,4
"Pabpc4l",0,0,4,0
"Pcdh18",0,0,0,0
"Slc7a11",1,1,0,1
"Gm6209",0,0,0,0
"Noct",43,34,29,187
"Elf2",232,146,218,567
"Gm5103",0,0,0,0
"Mgarp",0,0,3,2
"Ndufc1",6,8,3,3
"Naa15",216,127,175,521
"Rab33b",48,35,26,87
"Setd7",440,150,444,1210
"5031434O11Rik",22,4,7,68
"Mgst2",0,0,0,0
"Maml3",4472,3285,3897,11058
"Gm37229",7,8,9,14
"Gm20089",5,0,0,9
"Gm37202",0,0,0,3
"Gm30074",0,0,0,1
"Gm37170",3,0,4,4
"Foxo1",776,362,581,1756
"Gm38537",1,1,7,8
"Gm30173",24,39,18,46
"Gm2447",20,15,24,58
"Cog6",83,47,58,219
"Lhfp",2,4,0,1
"Nhlrc3",18,19,23,41
"Proser1",42,33,45,128
"Stoml3",0,1,3,8
"Frem2",20,5,38,24
"C820005J03Rik",3,1,0,6
"Ufm1",43,36,41,113
"Trpc4",122,80,125,320
"Postn",0,1,0,0
"Supt20",103,83,98,308
"Exosc8",6,4,4,16
"Alg5",14,10,13,31
"Smad9",0,0,0,3
"Rfxap",4,10,0,6
"Sertm1",2,0,0,0
"Spg20",15,20,10,35
"Ccdc169",3,5,10,7
"Dclk1",98,27,65,192
"Gm9831",0,0,0,0
"Nbea",2163,1122,1859,4846
"Gm43376",8,6,4,9
"Tm4sf1",0,0,0,7
"Gm56807",1,0,0,2
"Tm4sf4",716,289,850,1941
"Wwtr1",2,1,0,0
"Commd2",9,2,6,9
"Rnf13",69,46,59,166
"Pfn2",13,10,12,26
"Tsc22d2",237,110,166,599
"Serp1",11,34,27,33
"Eif2a",62,51,45,154
"Gm56813",0,1,1,1
"Selenot",42,28,52,82
"Erich6",8,4,4,16
"Siah2",244,98,146,481
"4930593A02Rik",36,38,28,60
"Mindy4b-ps",0,1,0,2
"Gm43570",2,0,0,2
"Med12l",454,247,391,925
"Gpr171",6,0,0,0
"P2ry14",9,7,5,13
"Gpr87",0,0,0,1
"P2ry13",0,0,2,0
"P2ry12",6,10,42,44
"Igsf10",2,1,3,11
"Sucnr1",3,2,0,0
"Mbnl1",498,229,393,1139
"Gm37035",6,4,3,8
"P2ry1",18,17,12,38
"Rap2b",1,1,1,2
"Arhgef26",0,0,0,0
"Dhx36",245,119,210,581
"Gpr149",0,0,1,0
"Plch1",177,167,149,440
"E130311K13Rik",7,7,8,24
"Slc33a1",62,82,92,205
"Gmps",116,97,106,272
"Vmn2r1",2,0,6,12
"Kcnab1",32,17,13,35
"A330015K06Rik",7,2,6,5
"A730090N16Rik",4,3,4,14
"Ssr3",79,68,42,161
"Tiparp",384,80,238,782
"Lekr1",57,38,72,137
"Ccnl1",563,207,391,1211
"Gm37305",5,2,4,15
"Shox2",0,2,0,2
"Rsrc1",466,242,467,1107
"Mlf1",99,27,18,151
"Gfm1",26,20,25,91
"Lxn",1,2,2,2
"Mfsd1",21,11,12,35
"Schip1",69,66,110,222
"Ift80",98,59,105,240
"Smc4",46,18,31,91
"Trim59",1,0,1,1
"Kpna4",250,121,191,582
"Gm56791",1,3,1,6
"Ppm1l",1387,822,1067,3285
"B3galnt1",20,13,8,57
"Nmd3",51,30,36,104
"Sptssb",0,0,1,4
"Slitrk3",6,3,3,21
"Gm20754",1818,489,895,4023
"4930509J09Rik",26,5,13,35
"Bche",0,1,0,3
"Serpini2",2,1,7,5
"Wdr49",635,410,841,1622
"Pdcd10",58,49,55,157
"Serpini1",68,55,66,153
"Golim4",431,332,439,1141
"Fstl5",3,9,2,4
"Rapgef2",451,255,365,984
"4921511C10Rik",6,2,2,10
"6430573P05Rik",2,0,2,3
"Gm17359",4,7,4,13
"Fnip2",693,402,649,2255
"Gm3513",1,2,2,4
"4930589L23Rik",0,0,1,0
"Gm56799",0,1,0,0
"Ppid",27,24,15,57
"Etfdh",24,16,32,57
"Tmem144",6,2,8,8
"Gask1b",0,0,0,0
"A330069K06Rik",0,0,2,0
"Gria2",456,290,463,868
"Glrb",62,32,50,143
"Pdgfc",3,1,7,3
"Gm16000",0,0,0,0
"Ctso",87,50,137,327
"Tdo2",0,2,0,2
"Gucy1b1",13,15,3,39
"Gucy1a1",16,24,32,46
"Map9",94,35,72,188
"Rbm46",0,0,0,0
"Plrg1",11,6,10,57
"Dchs2",0,1,0,2
"Gm26771",1,8,7,7
"Tlr2",4,1,4,14
"Tmem131l",598,258,597,1664
"Mnd1",11,10,0,8
"Trim2",91,76,82,284
"Fhdc1",37,21,37,133
"Arfip1",210,147,235,567
"Tigd4",1,0,1,1
"Tmem154",5,4,6,11
"Fbxw7",322,187,296,877
"Gm42812",0,3,3,5
"Gm15535",6,13,18,21
"Gatb",58,39,61,181
"Fhip1a",198,79,151,379
"Glt28d2",92,18,47,236
"Sh3d19",728,256,526,1768
"Prss48",3,2,3,10
"Rps3a1",33,31,54,51
"Lrba",1156,616,997,2585
"Gm37876",8,5,18,27
"Dclk2",200,134,178,453
"Cd1d1",0,1,2,3
"Kirrel",0,4,0,7
"Fcrl1",0,0,0,0
"Fcrl5",0,0,0,1
"Etv3",28,17,36,73
"Arhgef11",353,195,350,852
"Lrrc71",2,0,0,0
"Pear1",39,16,28,139
"Ntrk1",1,2,4,20
"Insrr",995,395,677,2543
"Sh2d2a",0,0,0,0
"Prcc",26,33,31,88
"Hdgf",20,18,15,61
"Mrpl24",62,22,44,112
"Rrnad1",45,39,44,117
"Isg20l2",15,11,17,43
"Crabp2",0,1,0,1
"Nes",1,0,0,0
"Gpatch4",12,10,12,35
"Naxe",21,11,17,35
"Gm56779",1,1,8,8
"Gm56772",1,1,2,2
"Mef2d",356,153,393,973
"1700113A16Rik",2,1,2,7
"Tsacc",20,26,17,36
"Cct3",52,29,23,85
"Glmp",9,5,12,21
"Tmem79",0,4,1,3
"Smg5",44,32,48,138
"Paqr6",0,0,0,1
"Pmf1",24,3,7,33
"Slc25a44",64,24,53,143
"Sema4a",27,12,22,41
"Lmna",429,60,233,820
"Gm37584",1,0,0,0
"Mex3a",1,2,1,2
"Rab25",5,1,6,6
"Lamtor2",10,8,5,9
"Ubqln4",12,20,21,51
"Ssr2",12,31,22,56
"Arhgef2",107,79,109,258
"Gm20652",2,2,0,4
"Khdc4",223,121,244,591
"Rit1",18,22,18,45
"Gm17146",0,0,0,0
"Syt11",42,34,31,101
"1500004A13Rik",31,22,23,58
"Gon4l",234,157,186,550
"Gm43713",7,8,1,12
"Msto1",15,8,8,18
"Gm56793",0,0,0,2
"Dap3",115,82,110,295
"Ash1l",861,478,794,2002
"Rusc1",20,16,14,45
"Fdps",13,14,14,31
"Pklr",18,17,21,35
"Hcn3",19,8,10,32
"Clk2",104,57,69,194
"Scamp3",9,5,15,47
"Entrep3",14,7,8,32
"Gba",5,1,7,12
"Mtx1",48,28,37,100
"Gm56795",5,5,5,8
"Thbs3",65,34,61,191
"Muc1",9,3,1,2
"Trim46",17,29,24,49
"Krtcap2",8,10,13,17
"Dpm3",4,17,5,13
"Slc50a1",25,22,19,58
"Efna1",4,1,5,8
"Gm15998",0,0,0,0
"Efna4",2,0,0,2
"4731419I09Rik",0,0,0,3
"Adam15",21,3,15,33
"Dcst1",1,0,2,2
"Dcst2",4,0,5,7
"Zbtb7b",16,10,9,34
"Gm15417",6,2,14,13
"Flad1",14,21,13,50
"Cks1b",0,0,1,2
"Shc1",57,32,56,162
"Pygo2",17,23,23,61
"Pbxip1",28,49,54,94
"Pmvk",25,11,34,99
"Kcnn3",988,290,493,1634
"Adar",182,108,130,464
"Chrnb2",8,8,12,24
"4632404H12Rik",8,11,10,25
"Ube2q1",30,35,20,70
"She",0,0,0,10
"Il6ra",476,267,482,1523
"Gm42809",1,3,3,10
"Atp8b2",76,60,47,154
"Gm56796",6,4,3,8
"Hax1",6,5,6,17
"Gm19710",9,6,11,13
"Ubap2l",326,230,315,905
"4933434E20Rik",64,51,68,154
"Cfap141",19,4,9,27
"Tpm3",150,48,128,401
"Nup210l",3,11,15,24
"Rps27",28,8,30,54
"Rab13",3,2,3,7
"Jtb",24,16,16,59
"Creb3l4",1,0,4,1
"Slc39a1",3,3,3,13
"Crtc2",13,14,14,38
"Dennd4b",12,10,11,31
"4930537H20Rik",2,0,1,0
"Gatad2b",285,175,281,718
"Slc27a3",7,5,2,15
"Ints3",117,98,73,311
"Npr1",18,0,1,13
"Ilf2",126,48,123,338
"Snapin",11,4,11,16
"Chtop",50,33,58,120
"Gm56783",1,1,3,9
"S100a1",5,3,4,6
"S100a13",3,2,4,2
"S100a16",0,0,2,0
"S100a4",0,0,0,0
"S100a6",0,0,0,10
"Lor",0,0,0,1
"Adrm1b",2,0,3,5
"Gm37245",0,0,0,0
"Tchh",0,0,0,0
"S100a11",23,6,8,32
"S100a10",41,17,12,68
"Them4",8,7,18,32
"Gm36070",1,2,1,0
"C2cd4d",0,0,0,3
"Gm38411",1,1,2,0
"Rorc",95,45,72,215
"Gm43401",0,1,1,4
"Lingo4",13,4,17,39
"1700040D17Rik",1,1,0,3
"Tdrkh",34,19,28,40
"Gm42463",1,5,5,7
"Oaz3",1,0,1,0
"Mrpl9",13,13,16,31
"Riiad1",31,18,33,61
"Celf3",345,185,253,782
"Snx27",148,64,151,340
"Gm43773",2,3,4,11
"Gm43774",8,3,3,26
"Gm43768",3,2,4,12
"Tuft1",177,73,261,582
"Gm15234",1,2,4,13
"ENSMUSG00000121295",0,1,1,1
"Selenbp2",1,0,0,3
"Cgn",38,27,40,116
"Pogz",142,90,127,328
"Psmb4",10,4,11,31
"Selenbp1",0,3,0,0
"Rfx5",38,22,35,96
"B230398E01Rik",0,0,1,2
"Pi4kb",119,83,89,232
"A730011C13Rik",11,8,12,33
"Gm15265",21,12,15,42
"Zfp687",46,29,42,174
"4930481B07Rik",4,2,3,6
"Psmd4",79,40,66,155
"Pip5k1a",114,86,126,285
"Vps72",29,24,24,97
"Tmod4",0,0,0,2
"Scnm1",26,12,8,34
"Lysmd1",3,0,2,4
"Tnfaip8l2",0,0,0,0
"Sema6c",1,1,1,9
"Gabpb2",132,90,143,371
"Gm16740",5,6,2,6
"Mllt11",11,12,19,38
"Cdc42se1",19,4,19,52
"Gm128",1,0,0,1
"Bnipl",1,1,1,5
"Prune1",23,15,26,67
"Mindy1",22,17,21,52
"Gm56812",9,7,6,33
"Anxa9",1,3,1,4
"6330562C20Rik",9,2,5,9
"Cers2",17,14,17,55
"Setdb1",102,64,105,297
"ENSMUSG00000121472",2,1,1,3
"Arnt",331,170,346,883
"Ctsk",7,6,7,13
"Ctss",0,2,0,0
"Golph3l",60,47,57,131
"Ensa",40,25,48,124
"Mcl1",70,35,55,143
"Adamtsl4",1,2,2,4
"Ecm1",5,3,1,4
"Tars2",35,27,41,98
"Rprd2",134,123,183,445
"Prpf3",82,35,67,214
"Gm26594",1,0,0,3
"Mrps21",38,16,45,77
"C920021L13Rik",27,16,21,40
"Ciart",92,7,111,331
"BC028528",1,2,3,0
"Aph1a",12,11,9,26
"Anp32e",31,18,37,66
"Gm56819",0,1,1,2
"Gm9054",0,1,1,1
"Plekho1",23,4,18,54
"Vps45",36,44,37,112
"Otud7b",173,88,118,413
"Mtmr11",18,22,24,73
"Gm17690",14,16,9,29
"Sf3b4",1,3,3,13
"Sv2a",51,53,42,120
"Bola1",3,6,3,11
"Gm15444",1,1,2,7
"H2ac21",0,0,0,2
"H2ac20",1,0,1,2
"H2bc21",1,0,0,6
"H3c15",1,3,2,4
"Gm20632",0,0,0,3
"Gm20633",0,1,1,1
"H2ac18",3,5,2,9
"H3c14",7,6,11,36
"Gm20627",2,1,1,4
"H4c14",13,22,14,29
"Gm20628",0,0,2,3
"H3c13",0,0,0,0
"H2bc18",1,3,3,1
"Fcgr1",0,0,0,0
"Gm10685",1,0,0,5
"Gm15441",11,4,6,14
"Txnip",1045,616,520,1312
"Gm16253",11,9,16,21
"Polr3gl",82,41,50,189
"Ankrd34a",0,0,0,0
"Lix1l",9,16,10,26
"Rbm8a",41,16,21,76
"Pex11b",6,6,7,18
"Itga10",5,6,2,11
"Ankrd35",3,8,9,15
"Pias3",22,14,17,58
"Nudt17",1,0,1,2
"Polr3c",30,21,23,73
"Rnf115",179,95,168,450
"Cd160",2,1,0,1
"Pdzk1",0,0,1,8
"Gpr89",62,47,46,165
"Gja5",0,1,0,0
"Acp6",32,17,27,60
"Bcl9",261,199,315,742
"Chd1l",38,25,35,106
"Fmo5",14,11,14,57
"Prkab2",66,51,121,260
"Pde4dip",695,416,631,2026
"Gm31305",2,1,0,9
"Sec22b",167,93,124,387
"Gm5544",3,1,2,6
"Notch2",8,2,8,7
"Adam30",0,0,0,0
"Hmgcs2",0,0,0,0
"Phgdh",1,3,0,3
"Gm56804",5,0,2,4
"Zfp697",54,40,61,146
"Gm43190",1,0,0,3
"Hsd3b8",1,0,0,0
"Hsd3b2",0,0,0,0
"Wars2",92,80,112,251
"Gm43024",5,2,2,12
"Gm42717",2,1,3,9
"Tbx15",11,5,16,29
"Spag17",1,0,1,0
"Wdr3",40,24,13,74
"Gdap2",69,33,46,208
"4930406D18Rik",0,0,0,0
"Tent5c",235,92,142,408
"Gm12474",87,62,122,271
"Gm42868",9,4,4,19
"Man1a2",207,115,223,596
"Gm43466",12,5,9,25
"Gm42869",5,2,7,17
"Gm43462",38,13,31,94
"Gm43463",1,1,0,1
"Gm43464",0,1,0,0
"Trim45",3,0,1,2
"Ttf2",12,5,9,13
"Cd101",2,0,1,1
"Ptgfrn",6,1,4,8
"Gm43465",0,0,1,2
"Cd2",0,0,0,0
"Igsf3",3,4,8,18
"Atp1a1",2444,735,1093,4284
"Gm42937",87,29,46,210
"Gm42941",309,93,191,606
"Mab21l3",0,1,0,0
"Slc22a15",45,38,45,121
"Casq2",0,4,0,1
"4632404M16Rik",0,0,0,0
"Vangl1",11,4,15,17
"A230001M10Rik",0,0,0,0
"Ngf",0,17,1,2
"Gm42679",0,1,0,0
"Tspan2os",7,2,6,8
"Tspan2",176,77,169,369
"Tshb",0,0,1,1
"Sycp1",5,1,2,13
"Sike1",25,20,25,80
"Csde1",348,135,318,851
"Nras",57,23,48,132
"Gm43062",1,0,0,3
"Ampd1",5,2,12,20
"Dennd2c",3,0,1,3
"Bcas2",39,26,46,90
"Trim33",272,176,230,521
"Gm43061",4,2,2,9
"Syt6",0,0,1,2
"Olfml3",1,2,3,5
"Hipk1",128,73,116,346
"Gm43149",2,6,1,10
"Gm15886",5,0,4,3
"Gm43387",2,2,6,5
"Dclre1b",0,2,1,4
"Ap4b1",15,8,6,34
"Bcl2l15",1,3,5,3
"Ptpn22",2,0,0,0
"Gm15472",0,0,0,0
"Rsbn1",123,66,132,314
"Phtf1os",1,1,1,0
"Phtf1",132,72,107,261
"Magi3",66,37,99,197
"Gm42696",0,0,0,1
"9530097N15Rik",0,0,0,2
"Gm42700",0,0,0,0
"Gm42699",0,0,2,0
"Gm42702",2,0,3,1
"Gm42701",0,0,1,3
"Gm43258",1,1,1,1
"C030032O16Rik",0,0,1,5
"Gm43259",1,1,2,6
"Gm43260",0,2,2,4
"Gm43256",0,1,1,2
"2010002M09Rik",0,0,0,0
"Lrig2",139,86,87,277
"Gm43696",15,14,15,38
"A530041M06Rik",7,6,5,12
"4930509H03Rik",4,3,3,5
"Slc16a1",0,2,0,0
"Gm43581",0,0,0,1
"Tafa3",0,0,0,0
"Ppm1j",0,1,1,1
"Rhoc",3,0,1,7
"Mov10",37,24,44,98
"Capza1",136,84,93,314
"Gm42658",2,0,4,15
"Gm42659",10,0,2,16
"St7l",143,116,145,316
"Wnt2b",1,0,1,2
"Gm40117",0,0,0,0
"Cttnbp2nl",8,15,9,48
"Kcnd3os",0,0,0,0
"Kcnd3",2,8,2,6
"Gm43847",0,0,0,0
"Ddx20",14,6,5,28
"Inka2",5,6,9,23
"Gm43848",8,1,3,14
"Rap1a",165,106,135,401
"Gm43328",8,6,8,20
"Gm43329",4,4,2,10
"Gm43330",6,4,4,5
"Gm43331",9,11,7,13
"Gm5547",0,0,0,0
"Adora3",4,8,6,3
"Tmigd3",6,12,7,14
"I830077J02Rik",4,0,2,6
"Atp5pb",10,14,32,52
"Wdr77",9,10,12,24
"Ovgp1",3,5,12,17
"Pifo",3,2,2,4
"Gm42722",23,13,13,28
"Chil5",1,0,0,3
"Chia1",1,0,2,2
"Chil6",0,0,0,2
"2010016I18Rik",1,1,1,1
"Dennd2d",52,41,38,114
"Cept1",51,51,55,154
"Dram2",29,36,59,106
"Gm56790",0,2,1,3
"Lrif1",79,67,98,193
"Cd53",0,2,0,0
"Gm27008",0,0,0,3
"AI504432",0,0,0,1
"Kcna2",1,3,4,5
"Lamtor5",13,7,6,41
"Slc16a4",2,1,6,6
"Rbm15",22,28,31,71
"Kcnc4",9,5,13,26
"Slc6a17",205,99,186,435
"Strip1",36,25,30,89
"Ahcyl1",305,163,259,790
"Csf1",12,8,6,15
"4933431E20Rik",2,7,4,8
"Gstm5",1,0,4,4
"Gstm7",1,0,1,2
"Gstm2",0,3,0,5
"Gstm1",18,6,6,37
"Gstm4",1,2,1,1
"Ampd2",48,49,33,112
"Gm12500",2,2,0,3
"Gnat2",9,10,5,22
"Gnai3",144,68,74,316
"Gm56785",1,2,0,4
"Gm12524",17,27,27,56
"Amigo1",4,10,12,41
"Cyb561d1",8,3,3,5
"Gm56801",0,0,0,1
"Atxn7l2",13,5,10,26
"1700010K24Rik",1,3,3,2
"Psma5",32,20,17,65
"Sort1",216,121,159,528
"Mybphl",0,1,0,7
"Gm12522",1,0,0,0
"Psrc1",1,0,0,4
"Celsr2",52,39,16,91
"Sars",121,62,76,229
"Gm56809",2,0,1,1
"Elapor1",570,460,539,1353
"Cfap276",3,1,2,7
"Tmem167b",23,9,13,42
"Taf13",23,23,23,67
"Wdr47",75,46,43,186
"Clcc1",23,17,16,63
"Gpsm2",6,1,1,5
"Aknad1",0,0,0,0
"Stxbp3",68,35,70,179
"Fndc7",0,0,0,0
"Prpf38b",201,111,210,408
"Gm56806",1,0,0,3
"Henmt1",0,0,0,4
"Eeig2",1,0,5,9
"Slc25a24",5,8,12,7
"Vav3",6,20,20,14
"Ntng1",2,5,2,15
"Prmt6",8,3,1,11
"C130013H08Rik",0,2,0,8
"Gm6602",2,0,7,7
"Amy1",34,14,29,88
"Rnpc3",121,62,129,228
"C530020B09Rik",2,1,3,10
"Col11a1",0,0,0,1
"Olfm3",7,31,8,28
"S1pr1",0,1,0,0
"Gm9889",0,0,0,0
"A930005H10Rik",7,9,8,27
"Dph5",18,16,35,43
"Slc30a7",180,137,168,489
"Extl2",9,10,18,25
"Vcam1",0,0,0,1
"Gm31651",0,0,0,0
"Cdc14a",85,48,124,289
"Rtca",31,18,18,35
"Dbt",23,13,21,50
"Lrrc39",1,1,6,2
"Trmt13",70,42,49,159
"Sass6",19,6,9,17
"Gm42893",2,1,2,1
"Mfsd14a",106,57,95,250
"Slc35a3",39,30,44,120
"Agl",99,85,96,261
"Frrs1",40,25,36,118
"Palmd",5,14,6,15
"4930455H04Rik",1,1,1,0
"Plppr4",123,45,120,262
"Plppr5",4,5,2,6
"Snx7",30,13,21,88
"Gm26871",119,29,125,241
"Gm9916",1,0,1,0
"Dpyd",515,178,554,1195
"Ptbp2",334,163,268,694
"Gm42664",9,5,10,28
"6530403H02Rik",2,1,0,1
"Rwdd3",19,11,10,18
"Tlcd4",219,133,155,444
"Alg14",27,17,24,48
"Cnn3",386,159,315,1022
"Slc44a3",199,183,264,629
"A530020G20Rik",23,18,12,47
"Gm43608",0,0,0,1
"F3",8,4,13,25
"Abcd3",249,205,332,742
"Arhgap29",77,34,89,154
"Abca4",7,2,6,12
"Gclm",43,49,69,136
"Gm17494",5,4,5,21
"Dnttip2",26,30,36,65
"Gm40190",1,0,0,1
"Bcar3",5,8,11,22
"Gm42836",0,0,0,0
"Fnbp1l",67,48,72,176
"Gm43569",0,0,2,0
"Pde5a",2018,536,1169,3134
"4930447N08Rik",27,6,16,42
"4933405D12Rik",4,3,3,4
"1810037I17Rik",6,1,5,4
"Usp53",88,64,91,261
"Gm56816",3,4,2,7
"Synpo2",3,5,0,8
"Gm56815",0,0,0,0
"Sec24d",564,353,479,1279
"Mettl14",14,13,15,39
"Prss12",0,0,0,1
"Snhg8",2,4,4,7
"Ndst3",0,0,1,0
"Tram1l1",0,1,1,4
"Ndst4",344,187,535,943
"Ugt8a",0,0,1,6
"Camk2d",187,113,152,475
"Ank2",1243,842,1162,3028
"Gm16958",0,1,0,0
"Larp7",37,23,24,71
"Zgrf1",18,11,34,50
"Alpk1",5,1,18,35
"Gm56817",0,0,0,0
"Tifa",5,1,1,14
"Ap1ar",48,21,24,113
"Fam241a",9,4,11,13
"9830132P13Rik",3,2,3,7
"Gm43824",44,8,11,77
"Enpep",29,28,27,90
"Elovl6",118,103,147,441
"Egf",29,26,28,120
"6330410L21Rik",1,0,0,2
"Rrh",2,1,2,17
"Gar1",22,10,11,37
"Cfi",1,2,0,1
"Pla2g12a",25,18,17,65
"Casp6",10,9,8,13
"Mcub",30,15,38,69
"Sec24b",235,137,249,603
"Col25a1",17,9,10,27
"Ostc",22,44,29,63
"Rpl34",17,12,39,48
"Gm42997",7,0,8,17
"Lef1",4,1,1,4
"Hadh",300,187,210,683
"Cyp2u1",14,14,0,15
"4930534D22Rik",1,1,1,9
"Sgms2",438,206,250,936
"Papss1",103,96,111,281
"Gm29865",1,1,1,1
"Dkk2",0,0,0,3
"Aimp1",32,36,40,76
"Tbck",296,216,306,722
"Gm29811",3,2,1,6
"Npnt",245,176,237,582
"Gstcd",31,29,47,85
"Ints12",6,8,22,26
"Arhgef38",20,15,7,64
"Gm43254",6,6,3,13
"Ppa2",51,28,52,108
"Tet2",359,184,327,941
"Gm42567",3,3,6,21
"Gm26691",65,68,70,247
"Gm43192",13,7,21,37
"Gm30648",23,54,37,115
"Cxxc4",185,126,210,352
"Gm26820",1,1,2,0
"Tacr3",0,0,0,1
"Cenpe",2,1,0,0
"Slc9b2",0,0,0,0
"Slc9b1",0,1,0,0
"Cisd2",44,44,45,156
"4930539J05Rik",5,3,5,8
"Ube2d3",214,129,158,472
"Manba",57,48,55,154
"Nfkb1",550,228,398,1128
"Slc39a8",0,0,0,0
"Gm31243",3,2,0,0
"Bank1",10,0,0,1
"Gm56786",1,1,1,1
"Ppp3ca",416,233,377,1065
"Gm567",0,0,1,3
"Emcn",0,0,0,0
"Ddit4l",6,7,27,29
"Gm43403",0,1,1,3
"H2az1",29,13,12,30
"Dnajb14",64,31,37,144
"Gm43689",0,0,1,0
"Lamtor3",15,17,26,76
"Dapp1",18,15,14,47
"Gm5105",0,2,2,9
"1110002E22Rik",1,0,3,4
"Mttp",24,24,49,78
"Gm43691",1,0,1,1
"Trmt10a",7,12,16,48
"Adh1",18,18,44,72
"Gm16559",1,1,1,2
"Adh5",11,6,4,20
"Metap1",30,17,30,87
"Eif4e",87,54,50,208
"Tspan5",1723,1382,2009,4967
"Rap1gds1",304,129,203,626
"Gm56773",0,0,0,0
"Stpg2",181,110,230,389
"Gm15688",1,1,4,1
"Unc5c",1841,808,1317,3648
"Gm15689",0,0,0,0
"Bmpr1b",971,467,758,2674
"Pdlim5",220,89,227,548
"Gbp5",0,0,4,2
"Gbp7",23,27,13,122
"Gbp3",1,0,0,2
"Gbp2",0,0,0,6
"Kyat3",22,15,11,37
"Gtf2b",189,77,78,243
"Pkn2",304,159,259,701
"Gm43614",0,0,0,0
"Lmo4",1,1,0,3
"Gm43445",0,1,0,0
"Hs2st1",196,119,155,528
"Gm43707",4,5,3,19
"Gm43560",3,2,5,7
"Selenof",36,50,45,117
"Sh3glb1",260,113,245,604
"Clca3a1",1,1,0,0
"Odf2l",120,57,101,200
"Col24a1",1,0,0,4
"Znhit6",59,38,47,111
"Ccn1",2,1,2,1
"Gm17501",0,0,0,0
"Ddah1",1,2,7,1
"Bcl10",31,7,11,37
"2410004B18Rik",9,3,4,5
"Syde2",13,8,12,28
"Dnai3",1,0,0,1
"Mcoln3",0,0,1,1
"Mcoln2",0,0,0,0
"Ssx2ip",55,32,40,137
"Ctbs",5,5,4,15
"Spata1",51,28,39,83
"Gng5",10,0,7,14
"Rpf1",71,20,44,138
"Uox",29,21,39,105
"Dnase2b",5,4,5,15
"Gm16325",1,3,1,5
"4930503B20Rik",8,3,4,17
"Samd13",127,71,123,308
"Prkacb",842,321,685,1762
"Ttll7",436,233,332,865
"Adgrl2",9,10,0,5
"Gm43573",0,0,0,0
"Gm30382",0,0,2,1
"Adgrl4",2,0,0,0
"Ifi44",0,1,0,0
"Gipc2",25,11,17,41
"Dnajb4",136,110,110,284
"Fubp1",242,156,206,482
"Nexn",1,0,3,3
"Miga1",116,81,102,324
"Usp33",414,212,304,893
"Zzz3",282,167,237,637
"Ak5",223,137,209,530
"AI115009",1,2,2,2
"Pigk",112,88,75,231
"St6galnac5",215,187,191,517
"1700094M23Rik",0,0,0,0
"St6galnac3",2,1,0,1
"Msh4",0,1,2,2
"Rabggtb",26,19,7,44
"Acadm",31,33,42,80
"Slc44a5",1,0,0,1
"Tyw3",5,1,4,13
"Cryz",12,5,10,21
"Gm38139",2,0,2,2
"Erich3",154,77,106,381
"Tnni3k",0,1,0,5
"Fpgt",20,10,25,49
"Lrriq3",31,34,39,103
"4930570G19Rik",33,27,35,120
"Negr1",2284,1547,2273,5935
"Gm15577",3,3,1,1
"4930592C13Rik",1,0,1,4
"Zranb2",383,222,348,788
"Ptger3",93,63,190,79
"Cth",0,8,0,2
"Ankrd13c",233,107,200,486
"Srsf11",634,358,580,1549
"Lrrc40",22,11,20,58
"Lrrc7",0,0,0,0
"Gm20752",0,0,0,0
"Wls",738,439,743,1686
"AI838599",0,0,0,0
"Tmem68",19,17,15,56
"Tgs1",69,54,63,210
"Lyn",66,19,48,132
"Rps20",5,24,31,17
"Gm57085",1,0,0,0
"Plag1",146,72,181,361
"Chchd7",19,15,23,68
"Gm11808",0,2,2,0
"Penk",2,0,0,3
"Bpnt2",35,30,47,75
"Fam110b",323,240,384,955
"Ubxn2b",46,29,35,139
"Sdcbp",310,79,213,583
"Nsmaf",225,116,204,545
"Tox",2380,1093,2668,6593
"Gm11802",3,1,1,6
"8430436N08Rik",0,0,0,1
"Car8",241,162,211,615
"Rab2a",608,328,530,1632
"Chd7",824,521,793,2128
"Clvs1",32,36,25,43
"Gm11817",1,1,2,3
"Asph",150,119,168,444
"4930412C18Rik",3,16,13,7
"1700123O12Rik",1,0,0,1
"Cfap418",75,65,103,298
"Plekhf2",28,10,17,73
"Ndufaf6",25,16,14,76
"Trp53inp1",276,70,267,675
"Ccne2",8,7,6,20
"Ints8",146,93,148,331
"Dpy19l4",107,51,78,251
"Esrp1",230,153,265,752
"Virma",129,73,127,331
"Gm11831",0,0,1,0
"Rad54b",2,2,3,2
"Gem",244,54,133,571
"Cdh17",1,0,0,2
"Pdp1",14,3,6,22
"1700123M08Rik",13,9,9,24
"Tmem67",43,34,34,141
"Rbm12b2",11,7,18,43
"Rbm12b1",7,7,9,30
"Cibar1",47,34,51,98
"Triqk",41,27,28,110
"Runx1t1",1026,656,915,2519
"Lrrc69",0,0,2,3
"Otud6b",34,14,15,59
"Pip4p2",75,47,76,138
"Gm11837",7,8,13,21
"Necab1",0,0,0,0
"Tmem64",9,2,13,18
"Calb1",40,9,12,81
"Decr1",18,17,9,37
"Nbn",36,19,26,71
"Osgin2",8,11,8,29
"Ripk2",37,11,36,100
"A530072M11Rik",77,31,63,156
"Gm11861",5,0,6,3
"Gm30092",1,0,2,4
"Mmp16",81,37,100,142
"Gm11867",1,3,3,9
"Cnbd1",2,1,0,0
"Cngb3",166,73,82,246
"Cpne3",51,42,47,144
"Rmdn1",194,116,171,426
"Gm12353",34,39,37,65
"Wwp1",130,57,104,261
"Atp6v0d2",0,0,1,0
"Ttpa",0,0,0,0
"Ggh",13,6,7,23
"Nkain3",23,14,13,69
"Ccnc",60,33,46,123
"Tstd3",3,1,3,7
"Usp45",127,79,112,304
"Pnisr",699,402,565,1409
"Coq3",26,17,30,51
"Faxc",77,36,80,184
"Fbxl4",67,36,68,198
"Mms22l",13,11,12,26
"Klhl32",1506,955,1133,3430
"Gm11899",4,1,2,4
"Ndufaf4",21,14,13,41
"C230012O17Rik",0,2,1,4
"Gpr63",1,0,1,0
"Gm11906",12,4,8,11
"Fhl5",1,3,0,3
"Ufl1",247,202,198,622
"Manea",9,9,7,11
"Epha7",170,71,126,328
"Map3k7",125,77,149,281
"Bach2",368,118,290,578
"Bach2os",1,0,1,1
"Casp8ap2",61,43,38,130
"Mdn1",202,153,141,380
"Lyrm2",4,5,5,3
"Ankrd6",97,62,112,238
"Rragd",83,37,57,233
"4933421O10Rik",27,18,34,52
"Ube2j1",89,45,63,216
"Gabrr2",1,4,0,2
"Pm20d2",3,2,0,6
"Srsf12",4,0,6,13
"Pnrc1",91,86,105,268
"Gm11934",1,0,1,1
"Rngtt",181,87,133,401
"Cnr1",2,0,0,1
"Spaca1",0,0,1,3
"Akirin2",30,29,33,88
"Orc3",129,71,150,299
"Rars2",144,109,148,339
"Slc35a1",21,11,26,62
"Cfap206",4,0,6,15
"Smim8",5,5,4,16
"Zfp292",548,290,419,1269
"Mob3b",41,37,60,112
"C9orf72",35,31,27,89
"Gm12367",1,0,0,7
"Lingo2",2,6,0,1
"Gm12381",1,0,0,0
"Aco1",68,33,37,121
"Rigi",55,22,41,110
"Topors",37,22,40,89
"Smim27",2,0,2,0
"Ndufb6",3,3,4,9
"Tmem215",7,9,4,5
"4933428C19Rik",1,1,2,6
"Aptx",24,20,20,78
"Gm6297",6,2,8,12
"Gm57075",0,0,0,0
"Dnaja1",232,157,132,454
"Smu1",58,24,46,116
"B4galt1",46,34,41,113
"Bag1",35,8,17,79
"Chmp5",19,10,13,51
"Nfx1",220,137,258,608
"Aqp7",0,1,2,5
"Nol6",5,4,6,16
"Ube2r2",174,117,141,383
"Ubap2",162,79,135,401
"Dcaf12",29,28,24,85
"Gm57103",1,0,0,3
"Ubap1",104,37,103,308
"Kif24",22,13,20,51
"Nudt2",0,2,0,2
"Gm57125",0,0,0,3
"1110017D15Rik",21,10,38,43
"Fam219a",894,476,781,2147
"Gm12404",0,2,1,7
"Dnai1",107,70,86,172
"Enho",16,12,8,30
"Gm12406",1,1,3,5
"Gm12405",6,2,1,10
"Cntfr",85,18,113,224
"Il11ra1",24,17,16,57
"Rpp25l",0,0,2,0
"Dctn3",35,17,36,86
"Sigmar1",1,9,2,3
"Galt",9,2,10,14
"Ccl27a",2,2,1,11
"Gm17167",1,0,0,0
"4930578G10Rik",0,0,0,1
"Dnajb5",4,7,3,13
"1700022I11Rik",1,2,1,5
"Vcp",164,112,111,363
"Fancg",3,1,1,6
"Pigo",13,19,12,41
"Stoml2",16,7,13,16
"Atosb",14,9,16,46
"Gm26881",5,1,15,19
"Unc13b",478,341,393,1202
"Atp8b5",36,21,37,115
"Rusc2",59,25,48,132
"Gm52698",0,0,1,0
"Tesk1",12,7,15,39
"Cd72",11,4,2,21
"Ccdc107",14,10,11,35
"Arhgef39",0,0,0,2
"Gm12454",0,1,1,3
"Car9",0,0,0,0
"Tpm2",1,0,0,1
"Tln1",97,56,49,173
"Creb3",22,15,24,86
"Gba2",17,11,14,39
"Rgp1",13,12,13,35
"Gm12472",2,1,0,2
"Gm12473",1,0,0,9
"Npr2",42,23,25,87
"Spag8",1,0,1,6
"Hint2",4,5,5,19
"Fam221b",0,0,2,4
"Tmem8b",33,10,31,59
"Hrct1",0,0,0,0
"Spaar",0,0,0,0
"Reck",21,14,22,62
"Glipr2",4,2,5,4
"Clta",75,63,49,160
"Gne",90,50,56,182
"Rnf38",175,85,190,527
"Pax5",1,3,0,0
"Gm12462",0,0,0,0
"Zcchc7",751,495,803,1979
"Gm12678",3,0,0,1
"Grhpr",2,2,4,19
"Zbtb5",24,23,23,53
"1700055D18Rik",3,4,1,2
"Polr1e",1,8,3,9
"Fbxo10",36,26,45,104
"Tomm5",4,0,2,9
"Frmpd1",1,0,0,2
"Trmt10b",11,11,11,31
"Exosc3",11,12,4,24
"Dcaf10",122,73,124,347
"Slc25a51",87,58,124,230
"Shb",537,220,478,1428
"Gm829",1,0,1,5
"Gm12409",1,0,1,10
"Aldh1b1",0,1,0,1
"Stra6l",1,0,0,0
"Tdrd7",90,48,57,184
"Tmod1",211,75,68,370
"Tstd2",37,30,26,73
"Ncbp1",61,39,50,141
"Xpa",53,35,73,158
"Trmo",7,2,1,9
"Anp32b",89,42,54,177
"Nans",25,14,8,39
"Trim14",49,32,58,155
"Gm16731",1,0,0,0
"Coro2a",18,8,9,58
"Tbc1d2",17,7,10,25
"Gabbr2",367,337,472,976
"Gm568",3,0,3,4
"Anks6",77,47,82,166
"Galnt12",58,30,42,141
"Gm12426",0,0,0,0
"Col15a1",0,1,0,2
"Tgfbr1",122,55,96,309
"Alg2",13,22,15,50
"Sec61b",17,21,16,18
"Gm57084",2,5,7,18
"Nr4a3",24,0,18,94
"Stx17",125,53,108,234
"Erp44",154,149,100,308
"Invs",176,147,210,485
"Tex10",45,23,36,122
"Msantd3",7,8,14,15
"Tmeff1",24,10,18,33
"Cavin4",3,2,1,6
"Plppr1",201,122,191,327
"Acnat1",0,1,1,2
"Baat",1,0,3,1
"Mrpl50",1,4,0,14
"Zfp189",8,2,8,12
"Aldob",7,1,5,1
"Pgap4",18,9,17,32
"Rnf20",201,106,109,427
"Grin3a",3,0,1,1
"C630028M04Rik",1,0,0,2
"Smc2os",0,0,0,0
"Smc2",14,2,6,19
"Nipsnap3b",16,5,15,28
"Abca1",1300,517,942,2638
"Lexis1",5,7,3,16
"Slc44a1",347,197,336,837
"Fsd1l",71,20,44,138
"Fktn",61,27,38,109
"Tmem38b",17,10,21,39
"Zfp462",425,220,296,765
"Rad23b",132,74,106,325
"Klf4",24,18,33,69
"Gm34343",20,13,24,45
"Gm12511",0,0,0,2
"Gm12506",0,0,0,1
"Gm57093",0,0,0,1
"2310081O03Rik",1,1,2,3
"Elp1",108,64,97,272
"Abitram",13,20,27,57
"Ctnnal1",89,53,90,242
"Tmem245",227,117,193,492
"Frrs1l",16,14,14,42
"Epb41l4b",372,186,267,854
"Ptpn3",71,65,52,172
"Gm12536",3,1,3,6
"Pakap",2,5,1,5
"Pakap.1",0,4,0,2
"D630039A03Rik",3,6,0,6
"Txn1",6,8,19,27
"Svep1",0,1,0,0
"Lpar1",38,19,42,66
"Or2k2",1,4,2,3
"Ecpas",527,222,387,1107
"Zkscan16",71,35,78,192
"Ptgr1",0,1,1,1
"Dnajc25",49,26,23,110
"Gng10",3,3,4,9
"Ugcg",47,31,34,104
"Gm57072",0,0,0,0
"Susd1",69,44,57,239
"Ptbp3",815,450,737,1836
"Hsdl2",29,18,51,69
"E130308A19Rik",126,74,96,278
"Inip",5,15,5,18
"Snx30",146,87,125,409
"Gm12542",0,0,0,1
"Slc46a2",1,1,2,6
"Mup6",1,1,1,0
"Zfp37",32,11,18,34
"Slc31a2",2,4,1,23
"Fkbp15",112,80,120,316
"Slc31a1",54,22,79,146
"Cdc26",39,38,42,100
"Prpf4",67,49,31,149
"Wdr31",13,8,15,34
"Bspry",16,5,4,23
"Hdhd3",0,1,0,0
"Alad",5,3,3,11
"Pole3",1,2,5,8
"4933430I17Rik",3,0,5,2
"Rgs3",70,71,83,211
"Gm11209",0,0,0,1
"Gm11210",1,0,2,18
"Zfp618",252,123,213,606
"Ambp",28,19,52,83
"Kif12",261,143,218,693
"Col27a1",30,39,12,91
"Akna",6,2,4,12
"Gm57078",1,0,0,4
"Whrn",110,81,96,270
"Atp6v1g1",7,5,9,26
"Tmem268",6,7,7,20
"Tnfsf8",0,0,0,0
"Tnc",0,0,0,0
"8030451A03Rik",0,1,2,0
"Pappa",3,3,0,0
"Astn2",0,7,1,21
"Trim32",3,4,1,3
"Tlr4",0,0,0,0
"Brinp1",5,1,7,3
"Gm57077",0,0,0,0
"Cdk5rap2",98,60,94,238
"Megf9",467,242,528,965
"Tle1",185,140,239,585
"Gm11250",1,0,1,1
"C630043F03Rik",4,10,14,13
"Frmd3",4,1,0,0
"Kdm4c",346,165,259,734
"A230083N12Rik",2,2,0,0
"Dmac1",0,0,1,0
"Ptprd",452,342,485,1123
"Gm42303",2,0,0,0
"B230208B08Rik",0,0,2,0
"Lurap1l",130,76,78,304
"Mpdz",222,131,186,414
"Gm5860",98,12,74,172
"Nfib",1,2,0,1
"Gm11266",0,0,0,0
"Zdhhc21",81,40,54,163
"Cer1",0,0,0,0
"Frem1",2,0,2,1
"Ttc39b",360,180,283,817
"Snapc3",97,74,68,205
"Psip1",145,70,164,310
"Ccdc171",102,39,64,211
"Bnc2",1,0,0,10
"Cntln",205,118,212,478
"Sh3gl2",419,166,308,959
"Adamtsl1",4,1,5,13
"Rraga",4,5,3,11
"Haus6",21,8,17,42
"Plin2",4,4,4,12
"Dennd4c",1232,443,750,2215
"Rps6",24,24,29,29
"Acer2",9,8,9,18
"Slc24a2",5339,2562,4776,13188
"Mllt3",809,394,689,1818
"Gm12631",0,0,0,1
"Focad",231,229,218,528
"Hacd4",2,0,1,2
"Klhl9",26,20,22,55
"Gm13274",0,0,2,2
"Gm49890",18,9,27,46
"Mtap",12,8,15,28
"Cdkn2a",0,0,2,1
"Gm12610",71,22,81,305
"Cdkn2b",1,3,2,9
"Elavl2",24,11,6,46
"Tusc1",0,0,1,1
"Gm12648",2,0,0,1
"Gm12655",10,6,9,29
"Caap1",73,42,70,187
"Plaa",62,49,77,186
"Gm57080",1,0,0,2
"Ift74",111,72,89,253
"Lrrc19",1,0,1,5
"Tek",1,5,4,2
"Eqtn",4,7,13,17
"Mysm1",302,150,273,707
"Gm12694",1,0,4,0
"Gm12703",3,6,6,7
"Jun",772,653,433,1524
"Junos",41,17,25,63
"Fggy",246,164,258,605
"9530080O11Rik",1,5,3,7
"Hook1",256,193,245,735
"Cyp2j11",3,1,0,0
"Cyp2j8",9,3,8,8
"Cyp2j6",12,16,15,18
"Cyp2j9",1,0,0,0
"E130114P18Rik",5,0,3,4
"Nfia",483,207,542,1326
"Tm2d1",32,25,32,76
"Patj",543,316,485,1122
"Kank4",0,0,2,0
"Usp1",23,22,21,44
"Dock7",406,187,397,866
"Angptl3",0,0,1,3
"Gm12705",0,1,0,1
"Atg4c",69,42,51,161
"Gm12689",5,3,4,9
"Gm12688",0,0,0,0
"Foxd3",0,0,0,0
"Alg6",13,23,27,66
"Itgb3bp",57,54,77,156
"Efcab7",49,43,52,97
"Pgm1",41,44,51,115
"Ror1",1756,406,873,2538
"Gm12701",4,0,0,1
"Ube2u",5,1,0,5
"Cachd1",3,2,0,0
"Raver2",0,0,0,1
"Jak1",403,152,224,811
"Gm12796",4,4,10,13
"E130102H24Rik",84,37,99,215
"0610043K17Rik",23,13,28,57
"Gm12798",0,0,0,0
"Ak4",5,0,3,3
"Dnajc6",318,199,302,734
"Gm36012",4,0,3,2
"Leprot",6,4,14,27
"Lepr",0,2,0,0
"Pde4b",68,117,75,144
"Sgip1",63,74,87,166
"Dnai4",21,21,15,55
"Mier1",251,121,220,636
"Slc35d1",43,38,35,127
"Gm44037",0,0,1,1
"4921539E11Rik",1,0,1,0
"Oma1",52,37,53,241
"Gm12718",2,0,0,5
"Dab1",3,1,20,16
"C8b",15,10,33,36
"Fyb2",12,3,14,59
"Prkaa2",27,19,27,78
"Plpp3",8,5,3,2
"Gm57071",1,0,0,1
"Usp24",214,143,177,594
"Pcsk9",7,5,18,45
"Gm30487",0,1,0,6
"Dhcr24",20,22,31,38
"Lexm",1,0,3,4
"Ttc22",10,11,9,31
"Pars2",4,1,1,1
"Ttc4",67,37,56,137
"Mroh7",29,22,28,55
"Fam151a",48,38,29,143
"Acot11",56,63,73,188
"Gm31125",1,0,2,0
"Ssbp3",729,356,650,1697
"Gm12786",2,1,2,4
"Mrpl37",46,20,40,75
"Cyb5rl",27,21,33,67
"Gm12802",5,2,5,6
"Tceanc2",23,12,29,67
"Tmem59",77,54,88,176
"Ldlrad1",2,1,1,6
"Lrrc42",29,30,40,71
"Hspb11",26,14,24,33
"Dio1",20,21,23,50
"Yipf1",67,52,71,164
"Ndc1",7,1,9,16
"Glis1",140,33,60,284
"Lrp8os3",6,6,2,13
"Lrp8",63,69,57,211
"Lrp8os2",4,1,2,9
"Magoh",21,17,33,71
"Czib",11,15,29,52
"Cpt2",9,5,16,35
"Podn",2,2,6,6
"Scp2",15,8,18,27
"Echdc2",37,27,29,117
"Zyg11a",0,1,0,0
"Zyg11b",109,78,121,264
"Coa7",16,2,12,44
"Shisal2a",0,0,0,0
"Gpx7",0,1,0,1
"Tut4",638,288,578,1522
"Gm12737",2,0,1,1
"Prpf38a",54,20,44,136
"Orc1",4,2,0,8
"Gm12743",12,9,8,22
"Cc2d1b",76,46,78,169
"Gm17354",6,3,6,11
"Zfyve9",221,120,177,421
"Btf3l4",49,25,64,120
"Txndc12",46,45,74,167
"Kti12",4,2,3,9
"Rab3b",116,88,163,362
"8030443G20Rik",1,0,1,2
"Nrd1",330,194,255,741
"Osbpl9",225,108,218,582
"Eps15",89,37,68,182
"Ttc39aos1",40,29,60,154
"Ttc39a",91,86,115,287
"Rnf11",160,53,123,290
"Gm12811",2,2,1,0
"9630013D21Rik",2,1,1,4
"Cdkn2c",0,0,0,3
"Gm57073",0,1,1,1
"Faf1",569,344,456,1273
"Dmrta2",1,0,2,4
"Elavl4",497,242,511,966
"Agbl4",4247,1862,3412,9351
"Bend5",27,7,22,52
"Spata6",66,41,70,154
"Slc5a9",2,2,8,6
"Skint2",0,0,0,0
"Skint6",1,0,2,1
"Gm12823",0,0,1,1
"Skint5",4,1,0,0
"Trabd2b",0,5,0,8
"9130410C08Rik",0,0,1,1
"Gm12830",1,1,0,1
"Foxd2os",0,0,0,0
"Cmpk1",32,24,13,54
"Stil",0,3,1,3
"Tal1",0,0,0,0
"Pdzk1ip1",14,5,20,31
"Cyp4x1",11,10,18,16
"Cyp4a32",1,1,3,5
"Cyp4b1",17,6,24,52
"Efcab14",80,68,94,218
"Tex38",0,0,2,4
"Atpaf1",56,49,96,164
"Mob3c",27,17,33,83
"Mknk1",157,129,130,490
"Kncn",3,0,1,3
"Faah",76,51,77,173
"Nsun4",13,15,20,59
"Gm57150",0,0,1,0
"Uqcrh",21,14,14,47
"Lrrc41",52,33,58,121
"Rad54l",5,3,4,9
"Pomgnt1",39,26,28,58
"Lurap1",16,3,7,25
"Tspan1",1,0,0,1
"Pik3r3",202,87,166,502
"Mast2",369,163,263,774
"Ipp",20,24,21,50
"Tmem69",4,1,0,3
"Gm12953",2,1,2,4
"Gpbp1l1",132,75,94,305
"C530005A16Rik",4,1,2,1
"Ccdc17",8,6,14,13
"Nasp",42,32,38,77
"Akr1a1",50,41,58,111
"Prdx1",51,45,55,90
"Mmachc",1,2,0,3
"Ccdc163",13,13,12,23
"Tesk2",28,18,32,55
"Toe1",8,7,10,19
"Mutyh",2,0,1,2
"Gm12996",0,1,3,0
"Zswim5",227,112,179,509
"Urod",4,2,0,7
"Hectd3",18,11,12,35
"Eif2b3",72,49,48,189
"Ptch2",7,6,8,29
"Btbd19",1,1,1,8
"Gm57157",0,0,0,0
"Dynlt4",0,0,0,0
"Plk3",33,6,16,79
"Rps8",33,33,74,27
"Armh1",3,7,4,8
"Tmem53",5,12,12,24
"Rnf220",28,11,35,92
"Gm12843",3,2,3,9
"Eri3",512,296,525,1116
"Dmap1",9,5,9,24
"Gm12840",1,3,2,3
"Slc6a9",2,0,2,3
"Gm17114",0,1,1,1
"Ccdc24",3,0,5,16
"B4galt2",8,5,8,14
"Gm12841",0,0,1,0
"Atp6v0b",241,128,134,543
"Dph2",3,1,4,2
"Ipo13",7,13,6,32
"Artn",0,1,0,0
"St3gal3",340,210,190,807
"9530034E10Rik",3,0,0,5
"Kdm4a",86,49,76,214
"Ptprf",432,254,354,967
"Hyi",25,17,21,62
"Szt2",78,36,52,129
"Med8",24,10,29,60
"Elovl1",5,4,3,8
"Mpl",0,1,0,0
"Tie1",0,0,0,0
"Cfap57",2,1,0,1
"Ebna1bp2",24,10,9,48
"Slc2a1",8,2,9,17
"Gm12868",0,0,2,0
"Zfp691",2,2,6,7
"Ermap",0,0,0,2
"Svbp",3,2,3,0
"AU022252",11,8,5,19
"P3h1",13,9,20,38
"Ybx1",99,55,74,253
"Ppih",16,7,13,41
"Ccdc30",94,44,86,250
"Ppcs",3,2,5,3
"Zmynd12",11,13,33,61
"Rimkla",35,38,21,131
"Frg2f1",7,7,11,16
"Foxj3",166,87,124,307
"Hivep3",690,431,611,1910
"Gm38632",2,0,0,4
"Foxo6",32,20,17,92
"Foxo6os",2,4,2,8
"Scmh1",388,225,381,886
"Slfnl1",2,1,3,0
"Ctps",15,15,9,50
"Gm8439",1,2,0,2
"Gm12860",0,0,0,0
"Gm45579",0,0,1,0
"Cited4",1,0,1,1
"Kcnq4",23,20,9,55
"Nfyc",281,158,251,769
"Rims3",121,63,81,407
"Exo5",1,3,2,4
"Zfp69",3,0,1,1
"Smap2",363,215,174,802
"Col9a2",1,2,0,8
"Zmpste24",69,41,48,140
"Rlf",446,175,340,1281
"Ppt1",63,37,60,161
"Cap1",59,38,48,152
"Gm57091",0,0,0,1
"Mfsd2a",0,1,2,3
"Trit1",71,32,60,161
"Bmp8b",0,1,0,1
"Ppie",8,6,5,26
"Heyl",0,4,0,0
"Pabpc4",68,44,58,181
"Bmp8a",1,1,0,10
"Macf1",1966,1051,1315,3217
"Gm12925",3,1,1,5
"Ndufs5",29,17,36,88
"Akirin1",121,58,101,294
"Rhbdl2",55,67,146,224
"1700121C08Rik",11,1,5,20
"4933427I04Rik",1,1,3,3
"Gm57115",0,0,2,1
"Mycbp",21,7,16,42
"Gm12905",13,11,25,38
"Rragc",48,24,40,145
"Gm2164",5,0,7,6
"Utp11",14,16,17,32
"Fhl3",0,0,0,0
"Sf3a3",22,16,16,50
"Gm12915",1,0,0,1
"Inpp5b",87,35,50,145
"Mtf1",52,57,36,133
"1110065P20Rik",6,14,8,9
"Yrdc",24,8,17,48
"Maneal",10,6,10,17
"Epha10",0,0,1,1
"Cdca8",0,0,0,1
"9930104L06Rik",13,3,12,34
"Gm12930",0,0,1,0
"Gnl2",103,56,82,255
"Snip1",15,8,8,40
"Gm12932",3,0,2,1
"Meaf6",58,28,50,137
"Zc3h12a",7,1,9,22
"Gm32611",1,0,1,1
"Grik3",0,0,0,1
"Gm57079",7,3,3,12
"Csf3r",0,0,0,0
"Mrps15",31,15,22,70
"Oscp1",22,12,44,84
"Lsm10",0,1,3,7
"Stk40",129,37,103,309
"Gm12946",0,0,0,0
"Eva1b",38,27,46,113
"Sh3d21",24,2,8,36
"Thrap3",523,267,431,1173
"Map7d1",87,55,56,169
"Gm57069",0,0,1,0
"Trappc3",37,23,23,100
"Col8a2",13,7,11,26
"Adprs",13,8,19,54
"Tekt2",15,10,10,25
"Ago3",251,203,285,734
"Ago1",77,49,68,220
"Ago4",51,28,32,106
"Clspn",2,4,3,5
"5730409E04Rik",2,3,1,0
"Psmb2",91,54,105,260
"Tfap2e",0,0,0,0
"Ncdn",8,6,18,37
"AU040320",194,111,191,495
"Zmym4",389,241,362,872
"Sfpq",533,269,454,1421
"Gm12940",46,37,35,90
"Zmym1",7,15,6,24
"Zmym6",87,55,67,229
"Tmem35b",3,5,5,12
"Dlgap3",15,9,16,35
"Smim12",0,5,2,6
"Gja4",1,0,0,0
"Csmd2",192,105,44,489
"Csmd2os",0,0,1,1
"Zscan20",13,7,8,16
"Tlr12",0,0,0,0
"Phc2",157,130,152,435
"A3galt2",21,3,14,40
"Zfp362",30,16,48,90
"Trim62",17,11,23,33
"Azin2",20,7,24,47
"Ak2",51,24,32,84
"1700086P04Rik",3,7,5,18
"Rnf19b",78,38,33,172
"Hpca",0,0,1,2
"Fndc5",9,6,6,21
"S100pbp",103,65,117,298
"Yars",101,49,83,248
"C77080",41,26,41,91
"Gm12976",2,1,3,3
"Sync",7,9,6,16
"Rbbp4",163,76,152,368
"Zbtb8os",19,16,16,39
"Zbtb8a",15,16,16,66
"Zbtb8b",1,5,0,3
"Bsdc1",162,40,124,367
"Tssk3",0,0,0,1
"Gm12979",0,3,1,1
"Marcksl1",0,0,0,0
"Hdac1",95,38,64,214
"Lck",0,3,1,2
"Fam167b",0,0,0,0
"Eif3i",16,6,9,24
"Tmem234",68,52,82,157
"Dcdc2b",5,5,8,8
"Iqcc",9,10,7,17
"Ccdc28b",56,32,51,120
"Txlna",115,91,76,271
"Kpna6",48,21,37,116
"Tmem39b",18,3,19,33
"Khdrbs1",85,70,95,252
"Ptp4a2",121,57,78,224
"1700003M07Rik",0,0,2,4
"Gm12963",0,0,0,0
"Col16a1",3,3,1,1
"Pef1",42,17,33,94
"Tinagl1",0,2,0,0
"Serinc2",5,1,9,10
"Gm10570",0,0,0,1
"Fabp3",4,2,2,9
"Zcchc17",63,36,47,142
"Snrnp40",38,28,38,118
"Pum1",433,250,328,1013
"Gm12971",2,0,0,0
"Sdc3",9,2,3,15
"Laptm5",0,2,0,0
"Gm12962",19,11,5,26
"Ptpru",80,38,65,207
"Mecr",38,37,57,87
"Gm57095",2,1,1,0
"Srsf4",174,118,163,441
"Gm12992",10,2,11,26
"Epb41",416,318,355,1088
"Ythdf2",42,30,33,95
"Gmeb1",75,35,48,140
"Gm28874",2,3,1,4
"Taf12",26,13,20,45
"Rab42",0,0,0,4
"Snhg12",10,17,8,27
"Trnau1ap",16,21,20,52
"Rcc1",8,8,6,10
"Snhg3",4,3,6,11
"Phactr4",161,121,123,363
"Med18",1,0,2,3
"Sesn2",37,20,28,62
"Gm12981",0,0,1,2
"Atpif1",34,26,66,93
"Gm12999",0,0,1,1
"Dnajc8",71,32,47,140
"Ptafr",0,0,0,2
"Eya3",163,126,148,458
"Xkr8",0,3,3,3
"Smpdl3b",0,0,0,0
"Rpa2",4,2,0,11
"Themis2",0,0,0,0
"Ppp1r8",17,8,5,30
"Stx12",54,31,44,114
"Fam76a",103,37,65,271
"Fgr",1,0,0,0
"Ahdc1",229,122,191,473
"Wasf2",152,107,169,388
"Cd164l2",10,4,7,15
"Map3k6",1,0,0,4
"Sytl1",8,11,11,25
"Tmem222",9,19,21,48
"Wdtc1",23,12,12,64
"Slc9a1",86,64,85,262
"Tent5b",1,1,0,0
"Trnp1",2,0,1,1
"Kdf1",11,7,7,32
"Nudc",101,38,56,206
"Gpatch3",5,4,5,14
"Gpn2",5,6,5,16
"Sfn",0,1,1,0
"Zdhhc18",17,16,30,51
"Pigv",18,22,29,42
"Arid1a",441,263,362,921
"Rps6ka1",2,4,16,19
"Hmgn2",30,11,19,69
"Dhdds",149,150,136,407
"Lin28a",7,3,7,7
"Crybg2",1,0,1,7
"Cd52",0,1,0,0
"Ubxn11",27,14,23,54
"Sh3bgrl3",2,0,1,0
"Cep85",80,52,58,183
"Catsper4",1,1,3,10
"Cnksr1",11,11,14,38
"Zfp593",4,1,2,5
"Fam110d",1,1,0,0
"Pdik1l",6,9,6,28
"Extl1",0,0,0,0
"Pafah2",13,15,11,42
"Stmn1",0,0,3,0
"Paqr7",1,0,1,1
"Mtfr1l",9,8,10,47
"Selenon",8,12,18,57
"Man1c1",392,303,576,1319
"Ldlrap1",5,14,9,19
"Maco1",278,209,332,764
"Rhd",2,4,1,2
"Tmem50a",26,15,29,69
"Rsrp1",441,238,444,1259
"Syf2",45,12,34,83
"Runx3",1,2,0,0
"Clic4",193,117,186,632
"Srrm1",355,206,324,896
"Ncmap",39,35,62,155
"Rcan3",144,90,120,388
"Gm15979",3,1,1,6
"Nipal3",183,114,192,444
"Stpg1",12,7,11,33
"Grhl3",0,0,0,1
"Ifnlr1",2,2,6,21
"Myom3",0,0,0,0
"Srsf10",211,96,220,503
"Pnrc2",13,9,13,26
"Gm57092",0,0,0,0
"Cnr2",0,0,2,2
"Fuca1",33,22,19,79
"Hmgcl",33,26,31,98
"Gale",14,13,12,43
"Lypla2",16,6,9,45
"Pithd1",10,7,16,49
"Eloa",39,28,29,77
"Gm13008",2,1,2,3
"Gm24362",0,0,1,3
"Rpl11",8,31,30,33
"Id3",2,0,0,0
"E2f2",2,3,2,7
"Asap3",39,14,37,62
"Tcea3",6,4,6,14
"Zfp46",10,0,6,16
"Hnrnpr",213,155,167,514
"Luzp1",107,60,91,236
"Kdm1a",357,228,325,942
"Tex46",0,2,0,0
"Ephb2",73,61,129,215
"C1qb",0,0,0,0
"C1qc",0,1,0,3
"C1qa",1,7,2,5
"Epha8",2,3,2,18
"Zbtb40",89,70,91,186
"Gm13003",10,4,9,36
"Wnt4",257,169,296,738
"Cdc42",222,95,228,522
"2810405F17Rik",3,0,2,3
"Cela3b",0,0,0,0
"Hspg2",2,3,0,3
"Ldlrad2",0,0,0,0
"Usp48",452,294,355,1165
"Rap1gap",237,89,166,297
"Rap1gapos",2,1,4,5
"Alpl",6,0,5,7
"Ece1",664,426,742,1653
"Eif4g3",808,371,552,1616
"Hp1bp3",216,118,176,479
"Sh2d5",23,11,19,28
"Kif17",17,11,22,46
"Ddost",38,43,39,78
"Pink1",29,16,30,53
"Cda",56,53,41,119
"Mul1",46,9,36,87
"Camk2n1",110,132,122,302
"Vwa5b1",9,10,5,32
"Ubxn10",29,10,11,40
"Pla2g2c",6,8,20,22
"Pla2g2f",12,15,15,44
"Pla2g2d",1,0,1,3
"Otud3",32,14,24,77
"Rnf186",0,1,1,1
"Tmco4",32,22,30,83
"Nbl1",6,4,3,17
"Micos10",207,112,157,490
"Gm57158",0,0,1,3
"Gm16287",0,0,1,4
"9530077C14Rik",4,2,4,12
"Capzb",250,101,240,668
"Slc66a1",4,12,14,30
"Akr7a5",5,1,5,17
"Mrto4",11,5,5,13
"Emc1",20,20,22,51
"Ubr4",1507,956,1234,3827
"Iffo2",36,16,7,60
"Aldh4a1",34,27,23,109
"Igsf21",16,15,3,30
"Gm13027",0,0,1,1
"Arhgef10l",52,32,42,96
"Rcc2",154,45,120,328
"Padi2",3,0,0,0
"Gm13031",3,3,1,1
"Sdhb",32,30,40,80
"Atp13a2",22,22,22,54
"Mfap2",0,1,2,5
"Crocc",102,110,87,221
"Necap2",19,16,15,45
"Spata21",0,2,3,5
"Szrd1",53,28,52,141
"4921514A10Rik",0,0,0,3
"Gm57138",0,0,1,7
"Fbxo42",187,126,177,522
"Cplane2",9,9,9,9
"Arhgef19",5,6,6,24
"Epha2",2,1,2,0
"Fam131c",0,0,0,2
"Zbtb17",23,21,17,67
"Spen",351,179,312,769
"Fblim1",2,0,1,1
"Tmem82",0,0,0,2
"Slc25a34",0,1,1,0
"Plekhm2",123,70,138,319
"Gm54266",1,0,0,0
"Ddi2",163,84,93,356
"Dnajc16",28,15,23,47
"Casp9",15,13,15,42
"Cela2a",6,0,0,0
"Efhd2",8,5,8,16
"Fhad1os2",0,1,0,2
"Fhad1",176,116,177,436
"4930455G09Rik",11,3,7,11
"Tmem51",94,75,88,227
"Tmem51os1",16,6,11,31
"Kazn",775,629,797,1601
"Gm13062",0,0,0,0
"Gm13052",1,2,2,2
"6330411D24Rik",3,0,4,3
"Prdm2",236,208,196,610
"Pdpn",1,0,1,0
"Pramel12",13,5,17,18
"Pramel13",0,1,0,2
"Gm57096",0,0,4,5
"Dhrs3",0,3,5,3
"Vps13d",414,216,350,988
"Tnfrsf1b",0,0,0,0
"Zfp268",0,1,0,0
"Zfp980",1,4,5,7
"Zfp600",4,3,5,2
"Gm13166",0,2,6,12
"Zfp992",3,4,9,19
"Zfp981",2,0,0,2
"1700095A21Rik",0,0,0,1
"Zfp993",2,0,2,5
"Rex2",4,6,3,2
"4933438K21Rik",3,2,0,2
"Zfp991",8,10,7,28
"Zfp988",3,1,0,0
"Zfp982",18,4,17,30
"Zfp979",5,5,8,37
"Zfp984",7,4,7,21
"Gm20707",0,0,0,4
"Zfp933",32,27,27,100
"Miip",6,9,9,27
"Fv1",0,0,0,0
"Mfn2",44,32,43,107
"Plod1",15,6,13,33
"2510039O18Rik",9,7,11,29
"Nppa",1,0,1,1
"Gm13054",8,1,2,6
"Clcn6",37,28,50,118
"Mthfr",72,34,31,126
"Gm13201",1,0,2,5
"Agtrap",16,9,16,28
"Draxin",0,0,0,2
"Mad2l2",12,9,15,36
"Fbxo6",7,4,12,23
"Fbxo44",43,19,50,117
"Fbxo2",6,7,3,18
"Disp3",2,1,1,5
"Ubiad1",4,2,4,15
"Mtor",154,83,121,354
"Angptl7",0,0,0,1
"Exosc10",63,49,84,192
"Srm",7,10,4,19
"Masp2",4,0,2,5
"Tardbp",168,108,162,379
"Gm572",78,45,62,162
"Casz1",617,277,446,1157
"Gm13205",2,1,0,3
"Gm17029",3,3,3,4
"Pex14",217,96,209,524
"Dffa",18,14,21,27
"Cort",0,0,1,1
"Cenps",2,1,3,7
"Pgd",21,13,16,45
"Kif1b",699,470,744,1680
"Ube4b",471,346,477,1270
"Ube4bos1",6,5,5,18
"Rbp7",0,0,0,2
"Nmnat1",14,3,8,21
"Lzic",12,3,13,24
"Ctnnbip1",47,19,29,131
"Clstn1",108,56,81,249
"Pik3cd",2,3,1,2
"Tmem201",7,10,8,35
"Slc25a33",6,1,2,6
"Gm16188",0,0,0,1
"Spsb1",127,80,142,328
"H6pd",4,7,12,24
"Gm13067",1,2,2,5
"Gpr157",6,3,2,5
"Gm13093",4,3,4,12
"Slc2a5",101,54,134,327
"Slc2a7",1,0,0,6
"Eno1",17,16,15,38
"Rere",2953,1702,2707,7690
"Gm13091",4,2,2,9
"Slc45a1",2,0,0,3
"1700045H11Rik",0,0,0,1
"Errfi1",554,407,685,1606
"Park7",20,12,17,47
"Tnfrsf9",5,0,1,7
"Camta1",293,190,383,991
"Per3",149,78,203,570
"Vamp3",35,9,29,79
"Gm57065",1,1,1,2
"Dnajc11",51,47,51,129
"Thap3",56,36,73,151
"Phf13",24,2,10,31
"Klhl21",9,2,5,14
"Zbtb48",11,13,8,27
"Tas1r1",1,0,0,3
"Nol9",23,20,14,54
"Plekhg5",22,8,12,28
"Tnfrsf25",0,0,1,0
"Espn",0,0,0,0
"Acot7",0,0,0,2
"Gpr153",0,0,0,0
"Icmt",3,4,9,7
"Rpl22",23,25,28,54
"Chd5",86,54,55,204
"Kcnab2",16,11,4,30
"Nphp4",28,26,26,95
"Ajap1",0,0,0,0
"Gm13115",5,1,6,3
"A430005L14Rik",18,10,18,64
"Dffb",36,9,16,80
"Cep104",66,52,48,156
"Lrrc47",18,13,7,61
"Smim1",7,6,11,30
"Gm57064",6,5,4,9
"Trp73",1,0,1,1
"Wrap73",4,1,7,12
"Tprgl",5,4,1,13
"Megf6",1,0,1,6
"Arhgef16",96,53,89,245
"Prdm16",23,24,31,79
"Prdm16os",0,0,1,0
"Gm13110",0,0,1,0
"Ttc34",0,2,0,3
"Mmel1",0,0,0,0
"Prxl2b",1,1,2,9
"Tnfrsf14",2,2,0,7
"Pank4",34,13,20,73
"Plch2",4,1,2,4
"Pex10",3,4,8,12
"Rer1",10,17,11,44
"Morn1",65,30,73,163
"Ski",313,204,197,761
"Gm52713",0,0,0,0
"Faap20",14,12,12,24
"Prkcz",105,67,110,247
"Gm27200",3,1,1,0
"Gabrd",0,0,2,4
"5830444B04Rik",4,7,23,13
"Cfap74",112,81,107,264
"Gnb1",283,176,215,638
"Nadk",73,40,54,189
"B930046K06Rik",4,3,0,6
"Slc35e2",36,29,32,102
"Gm16023",48,40,49,128
"Cdk11b",338,186,250,808
"Mmp23",2,2,0,3
"Mib2",26,25,28,71
"Fndc10",3,4,3,11
"Ssu72",65,45,92,182
"1500002C15Rik",1,0,0,3
"Tmem240",1,4,3,1
"Atad3a",40,30,23,93
"Atad3aos",1,1,0,0
"Vwa1",3,2,5,12
"Tmem88b",0,0,1,4
"Mrpl20",4,5,6,19
"Ccnl2",345,189,245,886
"Aurkaip1",5,2,6,6
"Mxra8",5,0,4,15
"Dvl1",48,22,32,122
"Tas1r3",4,1,1,4
"Cptp",2,3,1,8
"Ints11",22,15,19,40
"Pusl1",7,4,1,15
"Acap3",20,8,16,37
"Ube2j2",125,49,94,303
"C1qtnf12",1,0,1,4
"B3galt6",0,2,0,1
"Sdf4",50,40,47,136
"Tnfrsf4",1,2,3,7
"Gm16008",42,16,59,88
"Tnfrsf18",3,1,1,3
"Ttll10",25,20,36,69
"Gm13648",8,5,5,18
"9430015G10Rik",10,6,7,20
"Agrn",6,2,5,15
"Isg15",0,0,0,0
"AW011738",1,2,2,0
"Perm1",2,0,0,3
"Plekhn1",22,7,16,46
"Klhl17",8,5,4,9
"Noc2l",62,41,45,127
"Cdk6",0,1,2,1
"Fam133b",86,49,92,180
"Gm43017",0,0,0,3
"1700109H08Rik",33,18,39,96
"Rbm48",18,15,10,48
"2510017J16Rik",5,2,9,18
"Pex1",76,50,44,132
"4833413G10Rik",4,2,0,6
"Gatad1",17,11,31,44
"Ankib1",254,113,202,522
"Krit1",137,82,98,299
"Lrrd1",0,0,1,1
"Mterf1a",4,5,4,7
"Akap9",868,479,613,1831
"Gm43031",4,3,0,3
"Cyp51",125,86,105,318
"Mterf1b",6,1,0,9
"Fzd1",0,0,0,1
"Cdk14",741,424,482,1546
"Gm43112",3,0,0,3
"Gm43113",4,0,4,3
"Gm43111",8,4,6,23
"Gm43623",3,0,2,11
"Gm43577",4,1,1,7
"Gm10484",6,4,4,15
"Gm43727",4,3,1,3
"Gm43728",4,2,4,7
"Pttg1ip2",0,0,3,1
"Cldn12",9,8,38,70
"Gtpbp10",9,7,8,42
"Cfap69",132,70,106,266
"Steap2",53,36,46,74
"Steap1",2,2,4,4
"Zfp804b",1527,460,970,3084
"Tex47",2,0,0,1
"Gm30835",0,1,1,2
"Steap4",0,0,0,1
"Gm15731",2,0,4,5
"Sri",41,19,50,75
"Adam22",1157,689,936,2589
"Dbf4",4,3,7,10
"Slc25a40",61,39,34,66
"Rundc3b",285,125,302,680
"Abcb1a",5,2,13,21
"Abcb1b",4,1,4,5
"Abcb4",140,70,127,303
"Crot",31,17,15,62
"Tmem243",49,25,43,116
"Dmtf1",120,88,64,278
"Gm57257",8,13,7,18
"Gm15734",0,0,0,0
"Elapor2",836,393,471,1490
"Grm3",0,2,2,4
"Sema3d",0,0,0,1
"Sema3a",0,0,0,4
"Sema3e",102,71,210,275
"Gm4128",0,0,1,3
"Pclo",3387,1750,2794,8563
"Gm26918",3,1,2,3
"Gm26954",4,1,4,8
"Gm3510",12,7,4,23
"Cacna2d1",2521,1287,2545,5975
"Gm43000",0,0,1,0
"Hgf",4,6,1,6
"Sema3c",3,16,4,6
"Cd36",7,11,5,12
"Gnat3",0,0,0,0
"Gnai1",119,89,141,398
"4921504A21Rik",7,9,18,35
"Magi2",2778,1448,2644,5992
"Gm29254",0,0,0,2
"Phtf2",66,35,39,101
"Tmem60",4,3,13,14
"Rsbn1l",226,135,175,475
"A630072M18Rik",5,7,3,21
"Ptpn12",112,72,81,277
"Gsap",110,94,122,264
"Ccdc146",1,8,5,9
"Fgl2",5,3,6,2
"Fam185a",93,77,80,229
"Fbxl13",2,6,4,15
"Lrrc17",0,0,0,3
"Armc10",78,46,80,229
"Napepld",39,25,34,113
"Pmpcb",16,10,30,59
"Dnajc2",33,35,35,72
"Psmc2",46,21,45,115
"Reln",27,17,22,108
"Orc5",82,42,73,211
"6030443J06Rik",107,89,116,316
"Lhfpl3",13,10,2,44
"5031425E22Rik",62,68,88,197
"Gm57286",4,7,2,7
"Gm57294",2,0,0,1
"Kmt2e",773,400,651,1668
"Srpk2",744,451,701,1795
"Gm43566",1,1,0,5
"AI506816",2,6,8,0
"Pus7",52,31,41,120
"Rint1",81,100,84,256
"4933427G23Rik",2,2,2,2
"Tomm7",0,2,2,3
"2700038G22Rik",1,1,1,4
"Hycc1",47,29,30,93
"Klhl7",703,268,448,1540
"Nupl2",27,21,30,64
"Kcnh2",53,26,49,147
"Nos3",2,1,1,0
"Gm15587",0,0,1,1
"Abcb8",27,11,26,46
"Asic3",0,0,3,2
"Cdk5",13,10,17,35
"Slc4a2",19,23,27,96
"Fastk",35,26,36,92
"Tmub1",3,3,0,1
"Agap3",168,89,136,399
"Gbx1",0,0,3,0
"Iqca1l",0,0,0,0
"Abcf2",23,8,14,38
"Chpf2",20,16,27,54
"Smarcd3",6,2,4,10
"Nub1",101,73,124,291
"Gm26648",0,2,1,2
"Wdr86",0,0,0,0
"Rheb",241,123,398,947
"Prkag2",703,419,675,1746
"Prkag2os1",1,1,0,3
"1500035N22Rik",12,4,6,19
"2900005J15Rik",59,39,53,160
"Galnt11",100,66,99,214
"Kmt2c",1176,607,992,2359
"1700096K18Rik",0,2,2,3
"Xrcc2",6,1,8,11
"Actr3b",28,10,38,67
"Dpp6",137,91,226,83
"Speer4b",0,0,0,0
"Paxip1",252,113,179,591
"Gm57306",0,0,2,1
"Gm26608",5,2,6,14
"Insig1",120,93,114,276
"Rbm33",362,250,307,826
"9530036O11Rik",62,33,86,258
"Gm57284",0,0,1,2
"Rnf32",39,26,51,88
"Lmbr1",188,140,249,535
"4632411P08Rik",3,0,1,6
"Nom1",31,20,33,127
"Mnx1",11,20,8,32
"Ube3c",551,415,523,1381
"Gm5129",1,0,0,2
"Dnajb6",265,98,258,644
"Il6",0,0,0,0
"Tyms",6,5,6,21
"Hadha",143,90,99,312
"Hadhb",104,44,95,210
"Adgrf3",0,0,0,1
"Gm57315",10,11,7,19
"Selenoi",53,53,48,148
"Drc1",15,9,17,43
"Otof",3,2,22,20
"Fam166c",5,0,8,11
"Cib4",0,0,4,0
"Gm42765",0,0,0,1
"Gm9899",0,0,0,1
"Kcnk3",20,8,44,76
"Slc35f6",16,5,4,22
"Cenpa",0,2,1,0
"Dpysl5",3,3,16,10
"Mapre3",304,238,321,678
"Gm19409",18,20,20,49
"Gm15461",2,2,1,1
"Tmem214",99,57,96,252
"Agbl5",63,30,35,113
"Ost4",9,13,8,28
"Emilin1",7,19,6,45
"Khk",5,5,7,16
"Cgref1",1,2,1,3
"Abhd1",0,0,1,1
"Preb",101,114,119,266
"Slc5a6",2,5,5,15
"Atraid",24,16,20,70
"Cad",13,13,9,16
"Mpv17",37,16,31,96
"Gtf3c2",166,91,127,372
"Eif2b4",39,24,20,74
"Snx17",18,9,23,51
"Zfp513",6,3,7,32
"Ppm1g",44,29,30,95
"Gm57317",1,0,0,2
"Gm9970",0,0,1,0
"Nrbp1",75,46,55,145
"Krtcap3",5,8,6,17
"Ift172",109,43,54,144
"Fndc4",0,0,0,3
"Gckr",4,0,1,5
"Zfp512",80,60,84,255
"Ccdc121",1,0,3,2
"Gpn1",20,12,20,36
"Supt7l",8,6,7,5
"Slc4a1ap",77,48,60,158
"AI839979",4,2,1,3
"Gm43660",1,0,1,2
"Mrpl33",69,26,31,128
"Rbks",59,51,50,133
"Babam2",792,409,607,1607
"Gm17130",2,1,0,1
"Fosl2",49,8,60,166
"Plb1",0,0,0,2
"Gm36840",0,1,0,0
"Ppp1cb",530,226,486,1152
"Gm15614",9,11,5,21
"Yes1",130,61,102,274
"Pisd",56,55,39,166
"Prr14l",238,177,207,572
"Depdc5",156,94,123,346
"Ywhah",26,25,34,73
"Slc5a1",0,1,0,0
"Spon2",6,3,2,10
"Ctbp1",62,45,48,171
"Maea",80,48,48,179
"Uvssa",149,85,158,391
"Fam53a",24,19,30,92
"Gm9903",3,2,2,7
"Slbp",45,20,22,50
"Tmem129",0,2,1,3
"Tacc3",11,7,2,27
"Fgfr3",2,0,1,1
"Letm1",40,25,30,69
"Nsd2",261,156,259,556
"Nelfa",38,21,31,97
"Gm42849",0,0,2,1
"Gm42851",2,0,4,4
"Gm1673",1,1,0,0
"Poln",2,1,8,16
"Haus3",4,2,3,9
"Mxd4",94,57,108,301
"Zfyve28",0,0,0,1
"Gm57273",2,1,1,3
"Rnf4",74,23,70,178
"Fam193a",400,229,335,943
"Tnip2",46,28,52,110
"Sh3bp2",7,1,2,13
"Add1",130,66,101,284
"Mfsd10",12,10,8,28
"Nop14",60,35,59,115
"Grk4",38,30,56,141
"Gm42560",0,0,2,2
"Htt",342,151,261,776
"Msantd1",6,5,6,17
"Rgs12",23,16,18,59
"Hgfac",24,12,26,136
"Dok7",3,2,4,12
"Lrpap1",18,23,25,71
"Trmt44",9,9,5,26
"Acox3",26,15,27,36
"Htra3",0,0,0,0
"Sh3tc1",0,0,0,0
"Ablim2",27,18,27,69
"Afap1",5,4,4,15
"Sorcs2",174,114,341,226
"Psapl1",0,0,0,1
"2210406O10Rik",2,3,3,16
"Grpel1",40,17,29,78
"Tada2b",13,11,20,53
"Ccdc96",5,2,5,18
"Tbc1d14",173,62,114,334
"D5Ertd579e",323,140,222,744
"Gm57280",0,2,2,3
"Bloc1s4",1,1,1,2
"Mrfap1",30,23,35,59
"Man2b2",17,10,19,30
"Ppp2r2c",25,30,41,109
"Wfs1",40,52,24,108
"Jakmip1",89,91,65,226
"Gm1043",118,90,85,248
"Crmp1",134,49,87,264
"Evc",1,6,0,11
"Evc2",5,5,2,5
"Stk32b",25,5,7,14
"Msx1",2,0,0,4
"Stx18",275,202,227,743
"Nsg1",1,1,1,7
"Zbtb49",11,7,18,41
"Lyar",4,3,7,36
"Tmem128",8,8,17,28
"Slc2a9",52,36,73,163
"Wdr1",122,35,140,417
"Gm57313",1,0,1,3
"Zfp518b",7,4,7,11
"Clnk",0,0,1,2
"4930513D17Rik",0,0,0,1
"Hs3st1",2,3,2,0
"Rab28",160,80,150,459
"Bod1l",345,178,280,775
"Gm16223",0,1,0,1
"Gm7854",9,9,6,27
"Cpeb2",123,51,56,258
"C1qtnf7",0,0,0,2
"Gm15866",0,0,0,0
"Cc2d2a",173,124,225,515
"Fbxl5",94,70,117,222
"Bst1",1,0,0,3
"Cd38",1,0,0,0
"Gm16014",0,0,0,0
"Prom1",216,167,183,534
"Gm42716",12,7,9,20
"Gm16401",1,3,0,2
"Tapt1",113,67,128,282
"Gm42982",3,1,1,1
"Gm42984",9,14,8,17
"Ldb2",3,3,8,0
"Gm43507",0,0,0,0
"Gm3364",1,0,0,0
"D5Ertd615e",5,1,7,15
"Qdpr",15,13,17,43
"Gm42413",6,4,3,10
"Lap3",17,7,7,25
"Med28",8,1,14,22
"Fam184b",6,11,0,7
"9630001P10Rik",0,0,0,2
"Ncapg",0,2,0,1
"Lcorl",631,301,517,1447
"Slit2",2,0,0,0
"5730480H06Rik",60,51,55,149
"Kcnip4",5370,3606,7124,13611
"Gm20700",1,1,1,1
"Adgra3",31,11,23,77
"Gm43016",0,0,1,0
"Ppargc1a",332,105,535,1455
"Dhx15",124,70,103,279
"9230114K14Rik",42,49,23,96
"C130083M11Rik",1,0,0,1
"Sod3",1,0,0,2
"Ccdc149",82,59,106,207
"Lgi2",85,17,30,66
"8030423F21Rik",0,0,1,3
"Sepsecs",337,153,234,738
"Pi4k2b",70,58,58,179
"Zcchc4",65,31,61,147
"Anapc4",120,77,71,277
"Sel1l3",200,137,155,330
"Smim20",16,17,10,26
"Gm45495",1,0,1,3
"Rbpj",87,44,79,216
"Tbc1d19",169,93,156,332
"Stim2",231,159,185,614
"4932441J04Rik",1,0,1,0
"Pcdh7",2,5,1,0
"Gm43042",0,0,0,0
"Arap2",0,2,0,5
"Dthd1",0,0,1,0
"Nwd2",0,1,0,1
"0610040J01Rik",1246,599,1041,2624
"Rell1",138,119,145,479
"Gm15819",0,0,0,0
"Pgm2",54,14,33,91
"Tbc1d1",681,331,666,1799
"Gm43838",0,0,1,8
"Gm31363",0,1,3,1
"Gm57289",0,0,0,2
"Gm20033",10,4,3,21
"Klf3",49,61,80,131
"Tlr1",0,0,0,0
"Fam114a1",175,122,196,437
"Tmem156",0,0,0,0
"Klhl5",22,9,19,30
"Wdr19",39,17,26,99
"Rfc1",131,67,117,323
"Klb",45,12,96,111
"Rpl9",27,24,51,76
"Lias",102,41,93,269
"Ugdh",55,33,35,96
"Smim14",294,264,355,835
"Ube2k",319,216,272,863
"Gm42726",2,0,0,6
"Pds5a",246,146,177,606
"N4bp2os",7,2,2,4
"N4bp2",165,103,155,392
"Rhoh",0,1,0,0
"Chrna9",1,0,0,3
"9130230L23Rik",13,11,16,52
"Rbm47",218,222,267,626
"Gm26725",2,0,5,4
"Nsun7",24,7,13,45
"Apbb2",1143,603,1008,2619
"Uchl1os",24,1,9,38
"Uchl1",17,6,4,31
"Limch1",645,327,475,1183
"Gm42670",0,2,0,0
"Tmem33",31,17,24,58
"Slc30a9",104,80,85,294
"Gm43698",0,0,0,2
"Bend4",11,4,6,25
"Gm26756",0,0,0,3
"Atp8a1",266,140,212,693
"Gm15478",3,3,1,6
"Gm15477",2,0,0,0
"Kctd8",1791,898,1530,3506
"Guf1",97,59,73,206
"Gnpda2",12,8,7,17
"Gabrg1",0,0,1,5
"Gabra2",0,1,0,0
"Cox7b2",1,0,7,6
"Gabra4",3,5,0,10
"Gabrb1",4,0,3,11
"Commd8",10,6,15,18
"Atp10d",8,12,13,27
"Corin",38,18,127,210
"Gm20647",1,0,1,5
"Nfxl1",154,175,119,404
"Slc10a4-ps",1,2,5,7
"Nipal1",202,154,237,772
"Txk",2,3,1,2
"Tec",127,63,123,283
"Slain2",169,95,118,401
"Gm10135",1,2,1,9
"Fryl",900,504,772,2007
"Gm57260",0,0,0,0
"Gm34411",0,0,0,1
"Ociad1",100,65,95,258
"Ociad2",55,46,72,165
"Dcun1d4",133,47,93,232
"Lrrc66",0,0,0,2
"Sgcb",17,3,17,29
"Usp46",74,69,80,158
"Usp46os1",0,1,0,3
"Usp46os2",0,0,0,0
"Dancr",1,0,1,1
"Scfd2",491,457,473,1230
"Fip1l1",237,169,162,544
"Lnx1",493,174,500,1294
"Gm32304",0,0,2,5
"Gm15984",0,0,1,2
"Chic2",98,56,100,219
"Pdgfra",0,0,0,0
"Kit",30,4,47,143
"Gm19590",1,1,2,9
"Kdr",3,0,0,2
"Srd5a3",18,10,8,51
"Tmem165",88,35,68,169
"Clock",349,203,244,680
"Gm7467",3,5,2,5
"Exoc1",72,52,62,185
"Cep135",65,28,40,91
"Cracd",5,0,9,17
"Aasdh",76,30,38,115
"Ppat",563,181,215,1035
"ENSMUSG00000121495",49,11,17,73
"Paics",52,29,40,134
"Srp72",242,160,294,681
"Arl9",4,7,8,18
"Thegl",3,0,1,5
"Hopx",41,33,129,120
"Hopxos",2,1,1,1
"Rest",7,3,0,8
"Noa1",4,6,9,6
"Polr2b",60,37,25,101
"Igfbp7",287,136,257,378
"Gm34648",0,2,0,0
"Adgrl3",293,205,151,492
"Epha5",3,3,9,6
"Cenpc1",136,66,105,284
"Stap1",2,0,0,0
"Uba6",187,66,139,389
"Tmprss11d",1,0,3,4
"Ythdc1",466,159,369,1142
"Ugt2b34",13,15,33,49
"Sult1b1",1,0,0,1
"Sult1d1",20,25,23,81
"Jchain",0,7,2,1
"Utp3",5,8,10,29
"Gm57272",1,0,1,0
"Rufy3",434,281,374,1067
"Grsf1",49,19,28,113
"Gm57324",3,1,4,4
"Mob1b",70,35,71,157
"Dck",12,4,4,32
"Gm42912",4,1,1,3
"Slc4a4",595,235,390,997
"Gc",43,23,43,116
"Adamts3",0,0,0,0
"Cox18",20,22,29,69
"Ankrd17",871,435,704,2201
"Gm9958",1,0,1,0
"Alb",1,0,1,0
"Afm",12,4,7,15
"Albfm1",0,1,1,2
"Rassf6",35,12,33,74
"Cxcl1",0,0,0,0
"Cxcl2",0,0,0,0
"Mthfd2l",23,15,22,52
"Areg",1,1,0,4
"Gm19619",0,0,0,0
"Btc",2,1,3,5
"Parm1",28,25,51,74
"Rchy1",54,32,53,141
"Cdkl2",60,28,44,138
"G3bp2",201,92,149,455
"D430040L24Rik",0,1,1,2
"Uso1",279,256,213,673
"Ppef2",1,1,1,2
"Naaa",4,9,7,9
"Sdad1",40,29,31,107
"Gm43599",0,1,0,0
"Art3",0,1,0,0
"Cxcl10",1,0,2,0
"Nup54",20,20,25,54
"Scarb2",210,81,195,466
"Ccdc158",1,0,1,0
"Shroom3",1321,440,868,2468
"Sowahb",2,2,4,7
"Septin11",109,68,68,231
"Ccni",49,36,61,119
"2010109A12Rik",0,0,3,3
"Ccng2",10,5,5,24
"Cxcl13",0,1,0,2
"Cnot6l",849,477,1003,2337
"Mrpl1",123,113,128,326
"Fras1",441,219,350,955
"Gm42604",0,1,0,1
"Anxa3",2,0,0,0
"1700016F12Rik",0,0,0,0
"Gm33370",0,0,0,0
"Gm8013",0,0,0,0
"Gm9484",0,1,2,2
"Bmp2k",31,24,19,127
"Paqr3",92,14,66,234
"Gm2861",2,5,1,0
"Antxr2",2,0,0,0
"Cfap299",2,2,0,7
"Bmp3",6,5,9,16
"Prkg2",50,19,34,114
"Gm43251",1,1,1,2
"Rasgef1b",295,206,396,827
"Gm35172",1,0,1,0
"Gm16226",0,2,3,5
"Gm38413",1,3,3,6
"Vamp9",7,0,8,15
"Hnrnpd",176,99,127,399
"Gm17092",7,6,2,10
"Hnrnpdl",199,126,119,412
"Enoph1",27,17,13,39
"Tmem150c",96,80,114,258
"Tmem150cos",1,3,2,6
"Sec31a",493,392,437,1105
"5430416N02Rik",3,9,7,18
"Lin54",26,18,27,88
"Cops4",72,52,44,128
"Plac8",0,3,0,0
"Coq2",70,45,63,161
"Hpse",13,2,13,35
"Helq",79,33,48,193
"Mrps18c",5,3,7,12
"Abraxas1",18,7,9,35
"Gm43514",0,1,0,2
"4930458D05Rik",0,0,2,1
"Gpat3",3,0,9,9
"Nkx6-1",361,186,225,797
"9430085M18Rik",2,1,4,5
"Cds1",306,80,172,589
"Wdfy3",523,326,512,1293
"Gm20548",4,1,6,16
"Gm29707",0,0,0,0
"Arhgap24",260,169,144,471
"Mapk10",956,847,1330,2529
"Ptpn13",406,203,322,898
"Gm42620",4,2,3,5
"Slc10a6",0,0,0,1
"Aff1",596,230,353,1334
"Klhl8",27,11,16,68
"Hsd17b13",1,0,2,4
"Hsd17b11",64,24,39,191
"Nudt9",9,6,9,24
"Gm17660",0,0,0,0
"Sparcl1",0,1,0,2
"Gm26703",0,0,0,0
"Spp1",6,8,6,4
"Pkd2",156,86,159,340
"Thoc2l",333,201,311,813
"Zfp33b",21,14,32,60
"Zfp951",60,37,38,173
"Abcg3",0,0,0,0
"Gbp8",5,12,8,23
"Gbp9",1,0,1,0
"Gbp4",2,1,2,20
"Gbp6",2,7,4,15
"Gbp11",1,0,3,5
"Lrrc8b",33,14,36,85
"Lrrc8c",0,2,0,2
"C230066G23Rik",0,0,0,0
"Gm57323",11,2,11,23
"Lrrc8d",462,309,521,1463
"Lrrc8dos",0,1,0,9
"Zfp326",82,52,86,274
"Gm28050",0,4,2,3
"Zfp644",299,159,326,828
"Hfm1",9,5,6,10
"Cdc7",6,9,2,11
"Gm33474",5,5,1,8
"Tgfbr3",370,93,290,763
"Brdt",26,20,24,81
"Gm42902",7,6,4,8
"Ephx4",8,3,2,13
"Gm17202",1,0,3,3
"Btbd8",127,31,81,229
"1700028K03Rik",4,1,1,8
"Glmn",78,44,67,173
"Rpap2",53,33,40,148
"A930041C12Rik",0,0,1,4
"Gm26692",7,5,12,21
"Evi5",168,98,136,359
"Rpl5",34,42,43,49
"Dipk1a",43,19,19,86
"Mtf2",138,73,133,374
"Tmed5",46,13,28,77
"Ccdc18",1,4,2,4
"Dr1",19,13,9,33
"Pigg",19,16,34,72
"9330198I05Rik",0,0,1,1
"Gm10419",1,1,0,1
"Atp5k",5,3,0,0
"Mfsd7a",1,0,0,3
"Pcgf3",44,31,25,104
"Gak",216,98,162,571
"Tmem175",48,33,44,93
"Dgkq",22,26,22,76
"Idua",18,11,20,36
"Slc26a1",0,2,0,1
"Fgfrl1",1,1,3,4
"Gm20629",8,12,34,53
"Crlf2",12,8,12,37
"5430403G16Rik",13,14,17,52
"A430073D23Rik",21,18,32,60
"4930522L14Rik",0,7,5,1
"Gm57295",5,3,4,7
"ENSMUSG00000121596",16,13,18,41
"Gm26779",15,9,6,16
"Gm15446",29,27,21,58
"Zfp932",24,31,31,90
"Gm17655",7,6,8,9
"Gm35315",7,2,0,14
"Plcxd1",6,3,5,5
"Gtpbp6",18,9,12,33
"Zfp605",21,8,17,33
"Chfr",112,60,98,281
"Gm15787",5,0,6,9
"Golga3",174,136,145,451
"Gm43138",6,10,6,22
"Ankle2",112,45,86,225
"Pgam5",14,15,17,27
"Gm15788",5,1,4,22
"Pxmp2",1,0,3,1
"Pole",2,4,0,3
"Fbrsl1",395,191,368,1020
"A630023P12Rik",0,2,1,5
"Galnt9",136,24,80,297
"Noc4l",4,2,1,8
"Ddx51",14,9,17,41
"Gm42595",3,1,5,14
"Ep400",407,218,254,712
"Gm15559",3,0,7,9
"Pus1",6,5,2,15
"Ulk1",83,55,92,292
"Hscb",0,6,4,13
"Chek2",0,1,3,1
"Ttc28",589,337,657,1445
"Pitpnb",128,75,83,296
"Gm43118",0,0,0,0
"Mn1",0,0,0,0
"Miat",4,2,11,9
"Crybb1",0,1,0,1
"Tpst2",99,79,152,289
"Tfip11",32,6,12,52
"Srrd",12,2,22,44
"Hps4",52,29,43,117
"Asphd2",0,0,1,1
"Sez6l",2875,1495,2222,6061
"Ccdc121rt2",7,7,5,27
"Myo18b",15,8,1,23
"Grk3",697,367,690,1785
"Crybb3",31,9,20,64
"2900026A02Rik",449,216,357,1147
"Gm42161",3,2,3,8
"Sgsm1",661,295,543,1417
"4930405N21Rik",11,12,6,18
"Wscd2",2,2,4,7
"Gm57314",1,0,0,0
"Cmklr1",0,1,0,0
"Ficd",6,8,7,22
"Sart3",41,30,51,158
"Iscu",11,8,17,42
"Tmem119",0,0,1,0
"Selplg",1,0,0,0
"Coro1c",214,70,277,751
"Gm42797",0,0,0,2
"Ssh1",67,38,68,177
"Svop",114,68,142,258
"Usp30",43,25,26,68
"Alkbh2",8,1,1,4
"Ung",3,0,0,10
"Acacb",2,3,7,7
"Myo1h",0,0,0,1
"Kctd10",5,2,3,17
"Ube3b",36,34,43,104
"Mmab",7,3,7,23
"Mvk",6,3,9,26
"Fam222a",192,79,135,475
"Trpv4",0,0,3,8
"Gltp",7,1,3,9
"Tchp",35,17,17,72
"Git2",109,63,136,329
"4930515G01Rik",0,0,0,0
"Ankrd13a",45,26,33,132
"1500011B03Rik",9,11,3,27
"Oasl2",8,2,6,18
"Oasl1",3,5,7,12
"2210016L21Rik",27,25,37,64
"Hnf1a",14,17,12,34
"Hnf1aos1",280,232,451,754
"Sppl3",303,159,260,705
"Acads",13,4,7,15
"Unc119b",17,14,11,55
"Mlec",83,110,66,181
"Cabp1",67,64,113,252
"Gm57268",0,1,1,2
"Pop5",8,10,0,18
"Rnf10",150,116,111,392
"Coq5",38,19,41,99
"Dynll1",18,5,9,7
"Gm13830",8,7,4,19
"Gm57320",0,0,0,1
"Srsf9",7,15,11,19
"Gatc",2,1,2,7
"Triap1",4,3,4,16
"Cox6a1",10,10,12,37
"A430102K17Rik",1,0,0,1
"Gm13832",2,6,0,0
"Msi1",30,23,27,45
"Pla2g1b",0,0,0,0
"Sirt4",11,5,9,28
"Gm57305",2,0,3,4
"Pxn",28,12,24,57
"Rplp0",2,16,22,24
"Gcn1",125,63,127,291
"1110006O24Rik",1,0,0,3
"Rab35",9,7,8,51
"Bicdl1",266,147,189,642
"Cit",8,18,12,26
"Gm14508",2,1,2,2
"Prkab1",18,13,17,25
"Ccdc60",0,3,2,8
"Gm14507",0,0,1,0
"Hspb8",0,2,8,6
"Srrm4os",1,0,0,0
"Srrm4",19,13,20,52
"Suds3",75,58,69,185
"9530046B11Rik",0,2,1,14
"Gm57263",1,0,1,11
"Taok3",363,188,303,723
"Pebp1",20,15,10,44
"BC051077",2,0,0,0
"Gm10399",2,4,3,4
"Vsig10",37,25,67,174
"Wsb2",66,38,74,211
"Rfc5",19,4,9,28
"Gm15728",12,0,5,10
"Ksr2",1354,1298,1293,3156
"Nos1",3,1,2,5
"Fbxo21",126,82,157,373
"Tesc",20,15,24,67
"Fbxw8",144,84,122,346
"Gm9754",1,0,0,1
"Rnft2",14,18,13,41
"Spring1",18,6,4,35
"Med13l",448,222,400,1097
"Tbx3os1",0,5,0,0
"Tbx3",0,1,0,0
"Rbm19",24,23,22,81
"Gm10390",1,0,0,2
"Sdsl",2,1,0,13
"Gm15690",0,0,1,3
"Plbd2",15,14,15,34
"Slc8b1",8,3,7,14
"Tpcn1",96,60,71,244
"Iqcd",4,2,1,3
"Rita1",5,1,5,9
"Ddx54",35,16,36,87
"Gm43579",1,0,0,8
"Cfap73",7,2,9,29
"Rasal1",9,6,1,19
"Dtx1",17,13,11,34
"Oas2",4,0,0,5
"Oas1c",10,2,8,20
"Oas1b",2,4,4,11
"Oas1g",3,1,1,5
"Oas1a",3,3,2,6
"Ptpn11",160,124,167,355
"Rpl6",25,63,52,106
"Hectd4",322,163,262,696
"Gm57321",1,2,1,5
"Trafd1",81,52,84,241
"Gm42917",10,8,3,15
"Gm42918",0,2,0,0
"Naa25",70,36,41,119
"Erp29",34,29,42,102
"Tmem116",7,10,18,22
"Adam1a",7,1,6,11
"Mapkapk5",56,39,47,156
"Aldh2",13,9,7,35
"Acad12",29,10,24,55
"Acad10",50,15,37,101
"Brap",57,25,51,125
"1700064N11Rik",0,2,3,1
"Atxn2",248,152,235,610
"Gm16552",3,2,0,3
"Sh2b3",24,8,13,42
"Pheta1",8,5,8,13
"Cux2",451,194,347,927
"Gm3970",0,0,0,3
"Gm15637",0,0,1,1
"Ppp1cc",67,41,32,121
"Hvcn1",0,1,0,0
"Tctn1",33,16,33,114
"Pptc7",51,35,33,128
"Rad9b",52,19,33,110
"Vps29",13,3,12,38
"Fam216a",21,30,19,70
"Gpn3",17,9,13,38
"Arpc3",15,14,16,45
"Gm57265",0,0,0,1
"Gm42829",4,1,1,3
"Anapc7",33,29,32,82
"Atp2a2",1294,702,1054,2732
"Gm57291",2,3,4,6
"Ift81",257,112,202,557
"P2rx7",1,0,0,0
"P2rx4",220,132,221,579
"Camkk2",207,155,214,508
"Anapc5",269,177,272,724
"Gm33044",0,0,2,1
"Rnf34",43,29,88,181
"Kdm2b",125,96,132,332
"A930024E05Rik",5,3,2,9
"Gm2479",0,0,0,2
"Orai1",13,2,17,36
"Morn3",0,0,2,1
"Tmem120b",44,20,34,148
"Rhof",12,7,7,10
"AI480526",176,138,182,415
"Gm38102",5,4,4,15
"4932422M17Rik",20,7,13,37
"Setd1b",73,53,67,182
"Psmd9",49,36,42,109
"Wdr66",9,8,14,21
"Gm15860",7,3,15,17
"Bcl7a",74,45,72,180
"5830487J09Rik",2,1,2,6
"Gm15747",5,4,2,6
"Mlxip",278,147,209,615
"Gm43813",52,22,32,89
"Lrrc43",0,0,0,1
"Gm15751",1,0,0,0
"Diablo",36,16,36,100
"Gm49027",4,1,3,8
"Vps33a",69,50,81,176
"Clip1",366,199,307,919
"Zcchc8",109,55,81,227
"Rsrc2",533,264,366,1045
"Kntc1",1,3,0,3
"Hcar2",0,1,0,0
"Hcar1",0,1,0,2
"Denr",27,29,17,77
"Ccdc62",122,44,138,345
"Hip1r",118,84,80,235
"Vps37b",37,15,20,105
"Gm34086",5,2,5,6
"Gm43661",0,0,2,1
"Abcb9",141,81,84,256
"Gm16001",1,6,1,5
"Ogfod2",13,6,10,25
"Arl6ip4",18,23,7,48
"Pitpnm2",829,356,854,2294
"Pitpnm2os2",0,1,1,5
"Pitpnm2os1",6,0,4,10
"Mphosph9",158,91,115,400
"Mtrfr",3,6,6,12
"Cdk2ap1",32,24,49,116
"Sbno1",417,189,339,905
"Kmt5a",76,28,82,164
"Rilpl2",34,10,44,114
"Snrnp35",3,7,6,15
"Rilpl1",25,18,12,47
"Tmed2",72,43,53,179
"Ddx55",82,45,58,186
"Eif2b1",14,5,7,25
"Gtf2h3",11,12,17,45
"Tctn2",27,20,20,83
"Atp6v0a2",92,52,54,160
"Dnah10",12,4,7,13
"Ccdc92",93,29,78,253
"Zfp664",110,66,115,291
"Rflna",23,11,18,58
"Ncor2",363,222,287,846
"Gm42839",1,1,2,3
"Gm32585",0,0,0,0
"Scarb1",43,28,55,120
"Ubc",365,411,185,506
"Gm10382",4,2,2,8
"Gm57271",2,3,8,13
"Gm57275",2,1,0,3
"Dhx37",10,7,10,35
"Bri3bp",10,7,9,17
"Aacs",152,46,72,235
"Tmem132b",960,488,904,2720
"Tmem132c",0,0,0,0
"Tmem132cos",0,0,1,0
"Slc15a4",26,16,30,73
"Glt1d1",127,70,117,339
"Tmem132d",0,1,1,1
"Rimbp2",3070,2258,3284,8043
"Gm42875",13,4,6,7
"Stx2",14,7,13,30
"Ran",11,3,8,21
"Adgrd1",0,1,1,8
"Sfswap",246,157,225,678
"Mmp17",0,0,0,0
"Zfp11",3,8,3,5
"Mrps17",16,7,10,42
"Nipsnap2",119,61,137,337
"Gm15903",7,7,3,16
"Psph",2,3,4,15
"Cct6a",74,48,58,138
"Sumf2",7,14,12,30
"Phkg1",1,1,2,7
"Chchd2",5,17,18,33
"Zbed5",11,2,6,30
"Nupr1l",4,0,3,11
"Vkorc1l1",97,73,89,246
"Gusb",17,15,10,45
"Asl",13,5,6,22
"Crcp",26,12,18,64
"Tpst1",80,47,88,255
"Kctd7",7,2,5,10
"Gm57269",6,3,2,8
"Rabgef1",129,59,127,310
"Tmem248",203,75,208,481
"Gm6598",3,5,2,2
"Sbds",122,26,125,313
"Tyw1",51,49,90,188
"Caln1",1,1,5,0
"Galnt17",0,0,0,2
"Gm29681",0,0,2,8
"Auts2",3335,2220,3327,8671
"2810432F15Rik",1,3,0,2
"4930563F08Rik",0,0,4,1
"Gm42439",9,4,3,17
"Gm15627",0,0,0,0
"Castor2",231,231,353,915
"Rcc1l",40,17,32,75
"Gtf2ird2",55,32,64,144
"Ncf1",1,2,0,6
"Gtf2i",500,256,422,1123
"Gm43480",0,1,1,1
"Gtf2ird1",126,108,145,302
"Clip2",85,50,82,244
"Gm42884",0,1,1,1
"Rfc2",43,30,30,99
"Lat2",10,4,5,18
"Eif4h",102,55,102,307
"Limk1",11,3,5,18
"Eln",0,0,0,1
"Gm30003",0,0,0,0
"Mettl27",12,15,29,82
"Cldn4",5,1,9,22
"Cldn3",3,8,4,18
"Wbscr25",6,3,2,9
"Abhd11",14,9,7,19
"Stx1a",19,15,23,55
"Bud23",19,19,11,41
"Dnajc30",3,2,1,6
"Vps37d",14,7,21,68
"Mlxipl",1767,1009,1347,3597
"Gm43500",2,0,2,6
"Tbl2",31,17,30,122
"Bcl7b",30,20,42,88
"Baz1b",442,212,302,912
"Nsun5",9,8,7,27
"Pom121",46,17,46,123
"Hip1",157,94,118,403
"Rhbdd2",44,31,44,155
"Por",369,196,509,1306
"Tmem120a",6,7,10,25
"Styxl1",2,6,10,11
"Mdh2",51,37,41,128
"Srrm3",227,183,205,547
"Srrm3os",0,0,0,2
"Hspb1",4,6,2,6
"Ywhag",127,76,95,270
"Ssc4d",1,2,2,6
"Dtx2",25,26,27,48
"Rasa4",1,2,7,7
"Polr2j",7,9,6,13
"Gm43604",1,0,0,1
"Lrwd1",14,18,9,23
"Alkbh4",1,3,4,7
"Orai2",34,12,17,38
"Prkrip1",38,15,46,103
"Sh2b2",1,0,0,4
"Cux1",368,232,347,903
"Gm16599",13,9,13,39
"Col26a1",1,1,0,0
"Ift22",29,11,15,29
"4933404O12Rik",12,6,8,26
"Fis1",21,15,19,69
"Cldn15",6,0,5,8
"Znhit1",21,12,15,49
"Plod3",18,11,16,37
"Vgf",0,0,3,1
"Ap1s1",13,14,11,32
"Serpine1",0,8,1,13
"Trim56",33,13,26,71
"Gm31160",0,1,2,3
"Muc3a",0,0,3,1
"Gm57304",1,0,1,2
"Gm42456",4,4,1,2
"Ache",24,21,23,23
"Ufsp1",3,7,13,12
"Srrt",141,84,131,323
"Trip6",8,4,6,10
"Slc12a9",23,11,19,61
"Ephb4",0,1,0,1
"Zan",5,7,10,10
"Epo",6,1,6,19
"Pop7",1,3,2,1
"9130604C24Rik",0,1,0,2
"Gm8066",8,8,8,24
"Gigyf1",128,58,110,271
"Gnb2",73,53,52,204
"Gm17112",0,0,2,6
"Actl6b",29,23,28,67
"Tfr2",1,1,0,3
"Mospd3",8,4,4,11
"Pcolce",5,0,3,8
"Fbxo24",3,3,1,4
"Gm36266",4,1,4,13
"Lrch4",23,14,18,52
"Sap25",27,21,19,69
"Agfg2",38,25,39,86
"Nyap1",1,4,5,13
"Spacdr",20,15,7,38
"Ppp1r35",1,2,1,1
"Mepce",18,15,19,38
"Zcwpw1",7,2,10,21
"Pilra",0,0,0,0
"Cyp3a13",0,0,1,2
"Zkscan1",75,28,50,128
"Gm57302",0,0,0,0
"Zscan21",30,22,39,120
"Zfp113",18,12,19,47
"Cops6",4,1,3,6
"Mcm7",8,5,4,17
"Ap4m1",20,17,36,54
"Taf6",18,26,13,45
"Cnpy4",4,2,0,0
"Mblac1",1,0,1,1
"Lamtor4",17,11,15,35
"Trappc14",4,11,4,13
"6330418K02Rik",4,5,2,4
"Gpc2",3,1,0,2
"Stag3",1,1,3,2
"Gm10874",0,0,0,0
"Zfp157",40,28,56,123
"Zfp68",38,16,28,74
"A430033K04Rik",16,10,26,83
"Fam20c",250,133,169,523
"Pdgfa",146,38,85,304
"6330403L08Rik",18,5,10,32
"Prkar1b",251,124,251,581
"Gm15672",2,3,5,10
"Dnaaf5",32,14,32,81
"Sun1",111,64,99,321
"Get4",39,20,24,126
"Adap1",0,0,0,1
"Cox19",21,6,14,33
"3110082I17Rik",74,119,64,205
"Gpr146",15,6,16,40
"C130050O18Rik",0,2,6,8
"Gper1",0,1,0,2
"Zfand2a",23,29,16,71
"Gm57325",1,7,4,3
"Micall2",0,0,4,4
"Ints1",24,10,15,51
"Mafk",75,21,42,152
"Tmem184a",24,14,19,63
"Psmg3",3,2,3,5
"Mad1l1",125,65,90,279
"Gm16122",0,0,2,2
"Gm16120",0,0,2,0
"Nudt1",2,3,1,3
"Mrm2",2,1,1,3
"Snx8",31,22,31,74
"Eif3b",37,26,22,89
"Kif19b",1,2,2,3
"Chst12",3,10,7,20
"Lfng",0,0,1,0
"Ttyh3",16,9,9,38
"Iqce",94,74,68,187
"Brat1",16,14,12,23
"Amz1",2,1,0,1
"Gna12",126,51,102,274
"Card11",1,1,0,8
"Sdk1",902,706,956,2662
"Gm16035",22,21,27,75
"Gm16036",2,3,4,1
"Foxk1",66,68,70,160
"Ap5z1",25,13,34,92
"Radil",33,21,42,99
"Papolb",2,0,4,11
"Mmd2",0,0,0,0
"Wipi2",140,72,112,373
"Slc29a4",73,47,122,189
"Tnrc18",318,176,392,766
"Gm57301",3,1,6,6
"Gm57270",0,0,3,2
"Fbxl18",33,23,26,107
"D430018E03Rik",6,3,10,13
"Actb",221,141,190,433
"Fscn1",0,1,0,1
"Rnf216",362,225,296,860
"Gm43378",4,1,5,10
"Rbak",16,16,19,50
"Spdye4b",0,0,0,1
"Zfp12",17,13,18,61
"Zfp316",15,10,10,33
"BC030343",1,1,0,3
"Ints15",4,2,8,9
"Zdhhc4",13,8,15,38
"0610040B10Rik",13,10,10,23
"Grid2ip",9,4,2,11
"Gm20635",5,3,1,6
"9530056K15Rik",0,0,5,2
"Kdelr2",79,77,85,259
"Daglb",24,22,22,82
"Rac1",55,34,72,213
"Fam220a",0,0,0,3
"Fam220a.1",21,11,23,57
"Cyth3",92,57,88,225
"Usp42",60,48,47,146
"D130017N08Rik",6,12,5,18
"Eif2ak1",82,28,63,191
"Ankrd61",2,3,1,5
"Aimp2",6,2,7,19
"Pms2",26,13,17,93
"Gm17135",2,1,4,8
"Rsph10b",4,12,8,35
"Ccz1",106,63,81,183
"Lmtk2",201,120,154,465
"Bhlha15",2,2,4,7
"Tecpr1",60,34,43,113
"2900089D17Rik",4,1,0,20
"Bri3",77,33,40,144
"Baiap2l1",465,175,322,988
"Gm15708",3,0,4,8
"Nptx2",1,0,0,1
"Tmem130",30,16,21,78
"Trrap",242,127,212,617
"Smurf1",122,58,103,315
"Kpna7",0,0,0,0
"Arpc1a",85,49,97,199
"Arpc1b",14,11,19,39
"Pdap1",37,32,38,98
"Bud31",31,12,29,99
"Ptcd1",9,10,4,30
"Cpsf4",11,8,5,22
"Atp5j2",13,18,18,40
"Zkscan14",1,8,10,6
"Zkscan5",15,6,9,36
"Zfp655",68,26,53,170
"Zscan25",22,11,27,75
"1700001J03Rik",0,0,2,2
"B230303O12Rik",7,1,17,23
"Gm43625",6,3,8,31
"Rnf6",33,24,28,71
"Cdk8",1409,775,1348,3152
"Wasf3",86,70,52,193
"Gm57278",0,0,0,0
"Gm57259",0,0,0,0
"Usp12",116,75,79,262
"Rpl21",15,21,39,28
"Rasl11a",0,0,1,0
"Gtf3a",5,6,7,12
"Mtif3",13,21,20,48
"Lnx2",32,55,47,145
"Polr1d",25,22,18,62
"Plut",107,69,92,247
"Pdx1",105,109,99,222
"Gm27033",9,13,11,26
"Flt3",0,0,0,0
"Pan3",564,326,521,1379
"Flt1",0,4,0,0
"Pomp",17,11,10,41
"Slc46a3",25,13,33,83
"Mtus2",29,4,9,22
"Slc7a1",223,63,196,651
"Gm57292",2,2,1,0
"Ubl3",700,301,618,1735
"2210417A02Rik",0,0,0,0
"Katnal1",39,31,53,112
"Gm15406",0,1,0,1
"1810059H22Rik",4,2,4,14
"Gm15409",3,1,4,3
"5930430L01Rik",20,17,41,68
"Gm15411",9,3,13,23
"Gm15408",1,0,1,2
"Hmgb1",238,75,197,545
"Mm2pr",2,3,0,3
"Gm42788",0,0,0,1
"Uspl1",104,57,83,269
"Gm57255",0,0,0,0
"2310047D07Rik",1,0,1,5
"Gm29264",0,0,0,3
"Alox5ap",5,3,5,5
"Gm19719",0,0,0,1
"Medag",2,0,0,2
"Gm43150",0,0,0,0
"Tex26",6,4,9,15
"4933425D22Rik",3,1,1,2
"Wdr95",6,2,8,4
"Hsph1",500,598,105,457
"B3glct",32,8,33,74
"Fry",692,364,654,1581
"Gm42556",5,3,0,1
"Gm57319",0,0,1,1
"Brca2",28,9,36,81
"Gm42529",0,0,0,0
"Gm42531",1,0,1,4
"N4bp2l1",30,29,54,136
"Gm43598",2,0,2,4
"Gm43597",3,5,3,22
"N4bp2l2",186,117,249,576
"Pds5b",362,152,224,705
"Gm43807",1,1,0,1
"Gm36447",1,0,6,0
"Kl",47,29,10,108
"Stard13",693,463,639,1650
"D730045B01Rik",3,2,4,2
"1700028E10Rik",10,8,40,48
"Vmn2r18",0,0,0,4
"Rfc3",16,8,11,34
"Gm20559",25,13,25,50
"Samd9l",46,36,27,78
"Hepacam2",434,249,431,1044
"Vps50",121,83,130,322
"Tfpi2",0,0,0,0
"Gng11",0,2,0,0
"Bet1",16,21,16,33
"Col1a2",0,1,1,2
"Casd1",109,58,98,175
"Sgce",4,7,4,11
"Peg10",1,0,2,0
"Ppp1r9a",613,337,507,1385
"Pon3",21,18,36,71
"Pon2",26,13,26,29
"Asb4",0,1,2,2
"Pdk4",2,0,6,10
"Gm34470",0,0,2,0
"Dync1i1",391,239,333,773
"Slc25a13",68,45,52,151
"Gm20619",1,0,0,0
"Sem1",36,25,37,85
"Sdhaf3",25,14,24,69
"Asns",48,12,35,88
"C1galt1",134,135,125,311
"Col28a1",7,10,10,36
"Mios",49,29,54,97
"Rpa3",8,4,0,15
"Umad1",451,295,422,1154
"Gm16055",0,0,3,0
"Gm16043",11,4,3,8
"A430035B10Rik",6,12,7,12
"Glcci1",325,220,298,702
"Ica1",1272,903,1087,2907
"Nxph1",837,316,480,1976
"Ndufa4",9,6,13,27
"Phf14",300,156,291,700
"Thsd7a",16,14,10,23
"Gm44129",0,1,0,1
"Tmem106b",35,20,41,51
"Vwde",39,19,34,68
"Tmem168",21,15,15,45
"Bmt2",194,151,253,574
"Gpr85",13,9,11,19
"Smim30",8,6,3,8
"1110019D14Rik",99,59,83,154
"Foxp2",302,144,240,391
"Mdfic",2,0,0,0
"Gm15473",0,0,0,4
"Gm4876",11,3,7,27
"Tes",318,142,247,773
"D830026I12Rik",3,0,4,11
"Gm15581",2,0,0,3
"Cav2",0,0,0,1
"Cav1",0,0,0,1
"Met",69,59,46,148
"Capza2",85,39,59,140
"St7",93,88,79,241
"Cftr",0,2,0,0
"Cttnbp2",221,102,98,397
"Gm15594",1,7,4,9
"Gm20186",16,15,9,46
"Lsm8",4,2,4,1
"Kcnd2",29,36,0,45
"Tspan12",13,8,8,21
"Gm3289",0,0,0,0
"Ing3",55,33,50,124
"Cped1",279,112,162,711
"Fam3c",15,13,23,40
"Ptprz1",8,15,20,3
"Aass",2,2,6,8
"Cadps2",228,170,305,739
"Rnf133",2,0,1,0
"Iqub",2,0,4,6
"Ndufa5",4,5,8,13
"Asb15",0,1,0,1
"Wasl",140,74,124,340
"Pot1a",36,25,37,89
"Grm8",8,4,15,7
"6530409C15Rik",3,1,3,7
"Zfp800",65,47,79,203
"Gcc1",19,7,13,41
"Arf5",33,12,25,73
"Fscn3",1,1,0,0
"Snd1",1861,1324,1573,4411
"Lrrc4",92,67,65,177
"Gm3294",431,281,728,1284
"Rbm28",108,84,77,202
"Prrt4",0,0,0,0
"Impdh1",37,22,46,88
"Hilpda",3,0,1,0
"Garin1a",2,0,6,9
"Calu",163,102,117,372
"Ccdc136",43,33,26,104
"Atp6v1f",5,4,6,10
"Atp6v1fnb",0,0,0,2
"Kcp",0,0,0,1
"Irf5",0,0,0,2
"Tnpo3",205,100,173,484
"Tspan33",56,51,63,162
"Smo",23,17,13,24
"Ahcyl2",511,379,474,1192
"Strip2",28,1,8,37
"1700080G18Rik",0,2,1,2
"Nrf1",146,112,185,391
"Ube2h",607,227,560,1643
"1700095J07Rik",0,0,1,0
"Zc3hc1",5,3,6,20
"Klhdc10",146,89,112,374
"Tmem209",22,20,23,46
"Cpa2",0,9,4,5
"Cpa4",0,0,0,0
"Cpa5",0,0,0,1
"Cpa1",4,0,1,0
"Cep41",5,11,6,32
"Gm13782",0,0,0,0
"Mest",5,6,4,13
"Copg2",170,87,129,349
"Gm56999",1,2,3,3
"Gm27019",4,0,3,13
"Lncpint",3819,1237,3832,11111
"Gm56935",12,6,17,53
"Gm13833",5,4,3,10
"2210408F21Rik",172,224,288,689
"Gm14532",1,0,1,0
"Mkln1os",19,18,24,69
"Gm13844",6,6,14,18
"Mkln1",556,258,583,1463
"Podxl",1,0,0,0
"Gm13849",0,0,0,0
"Plxna4",1,2,9,6
"Chchd3",491,361,529,1201
"Gm14540",0,1,1,0
"Exoc4",1482,1059,1500,3900
"Lrguk",91,50,138,258
"Gm13856",2,1,1,6
"Slc35b4",43,20,40,118
"Gm14546",0,0,0,2
"Akr1b3",19,9,8,39
"Akr1b8",0,0,0,0
"Akr1b10",22,15,30,96
"Bpgm",11,13,8,30
"Cald1",11,42,9,24
"Agbl3",67,41,91,117
"Tmem140",12,7,23,50
"Cyren",3,7,1,15
"Wdr91",32,9,20,63
"Slc23a4",6,2,1,7
"Cnot4",435,223,430,981
"Gm33046",0,0,2,4
"Nup205",68,25,36,130
"Stmp1",7,5,9,11
"Mtpn",39,39,45,68
"9330158H04Rik",0,0,0,2
"Chrm2",0,0,0,0
"Ptn",0,1,2,0
"Dgki",16,6,1,8
"1700111E14Rik",0,1,1,1
"Creb3l2",512,454,530,1396
"Gm33318",2,2,0,11
"Trim24",192,82,214,514
"Svopl",1,1,0,9
"Atp6v0a4",10,3,14,26
"D630045J12Rik",108,57,91,285
"Zc3hav1l",4,2,8,11
"Zc3hav1",109,48,100,335
"Ttc26",60,39,26,132
"Ubn2",799,522,743,2073
"Fmc1",0,0,1,9
"Gm56952",2,0,0,5
"Luc7l2",1184,650,1052,2889
"Klrg2",0,0,0,2
"Gm56936",2,3,9,9
"Hipk2",461,293,516,1058
"Tbxas1",2,0,1,9
"Parp12",67,26,52,150
"4930599N23Rik",10,7,8,22
"Kdm7a",384,147,410,1007
"Gm49041",9,5,17,19
"Slc37a3",113,60,81,264
"Rab19",2,2,1,8
"Mkrn1",45,41,48,113
"Gm10244",1,0,1,1
"Dennd2a",23,12,25,87
"8030453O22Rik",0,0,0,1
"Adck2",20,12,27,54
"Gm16272",9,2,11,15
"Ndufb2",11,13,15,36
"Braf",839,401,750,2069
"Mrps33",12,8,22,34
"Tmem178b",1449,766,1468,3379
"Gm26638",14,4,9,26
"Gm26807",0,0,1,1
"Agk",85,45,71,192
"Dennd11",86,61,71,253
"Wee2",0,1,0,1
"Ssbp1",87,47,57,143
"Clec5a",0,0,0,0
"Mgam",5,2,1,9
"Mgam2-ps",1,1,2,1
"Prss3b",0,1,0,0
"Try4",0,0,1,0
"Try5",0,0,0,0
"Prss2",0,0,0,0
"Ephb6",1,1,1,1
"Gstk1",1,2,0,2
"Tmem139",2,2,1,4
"Casp2",32,22,16,66
"Clcn1",2,0,8,11
"Zyx",6,3,10,10
"Epha1",0,2,4,5
"2010310C07Rik",0,1,0,3
"Tcaf2",0,3,0,6
"Tcaf1",79,74,131,227
"Arhgef5",55,48,39,175
"Tpk1",267,125,280,643
"Gm35113",1,0,1,1
"Cntnap2",3321,1654,1151,5843
"Cul1",303,132,213,628
"Ezh2",13,8,2,21
"Pdia4",54,64,84,123
"Zfp786",1,2,4,8
"Zfp398",180,117,194,434
"Zfp282",72,63,95,229
"Zfp212",17,9,32,54
"Zfp783",39,24,48,84
"Zfp956",60,25,51,146
"Zfp777",28,30,25,72
"Gm45738",0,0,0,1
"Zfp746",41,31,31,106
"Gm16630",0,1,0,0
"Gm54719",10,3,5,16
"Krba1",54,39,54,141
"Zfp467",31,21,32,99
"Sspo",4,5,3,11
"1700026J14Rik",0,1,0,0
"Atp6v0e2",8,7,6,22
"Lrrc61",12,6,5,23
"Rarres2",0,1,0,0
"Repin1",9,4,8,28
"Zfp775",8,11,2,12
"Gm38804",0,2,0,2
"Gimap8",0,0,0,1
"Gimap9",0,0,0,0
"Gimap4",0,1,0,0
"Gimap6",0,1,0,0
"Gimap1",0,3,1,1
"Gimap5",0,0,0,0
"4833403J16Rik",0,0,0,0
"Gimap3",0,0,0,0
"Tmem176b",14,12,32,28
"Tmem176a",9,17,4,37
"Gm56981",1,0,1,3
"Malsu1",56,21,59,159
"Igf2bp3",5,2,5,15
"Tra2a",491,187,371,1037
"Ccdc126",4,8,2,12
"Fam221a",24,15,15,40
"Npy",0,0,1,0
"Pals2",34,26,39,51
"Gsdme",18,4,18,48
"Osbpl3",386,135,310,856
"Cycs",1,5,2,15
"5430402O13Rik",6,7,12,17
"4921507P07Rik",8,3,7,9
"C530044C16Rik",3,4,10,17
"Gm44109",31,30,13,38
"Nfe2l3",1,0,1,2
"Hnrnpa2b1",857,437,658,1709
"Cbx3",78,46,99,217
"Snx10",141,87,137,320
"Skap2",103,64,96,248
"Gm44077",1,0,0,0
"Hotairm1",0,0,0,0
"Hoxa2",0,0,0,0
"Hoxa3",0,0,0,0
"Hoxaas3",0,0,0,1
"Hoxa5",0,0,0,0
"Hoxa7",0,0,0,0
"Hibadh",153,76,118,396
"Tax1bp1",394,141,336,967
"Jazf1",986,531,809,2150
"Creb5",0,3,0,1
"Tril",0,0,0,0
"Chn2",204,41,91,285
"Gm15527",4,3,0,1
"9130019P16Rik",3,1,1,7
"Prr15",0,1,0,1
"Wipf3",4,4,4,20
"Gm44026",7,1,6,24
"Scrn1",91,61,68,229
"Fkbp14",15,20,15,44
"Plekha8",47,28,42,110
"Gm28402",0,0,1,2
"Mturn",43,19,53,97
"Znrf2",121,82,130,279
"Nod1",90,62,62,211
"Ggct",7,8,5,12
"Gars",150,111,95,324
"Crhr2",2,1,1,4
"Inmt",0,1,1,0
"Mindy4",129,67,98,271
"Gm44073",0,1,0,1
"Aqp1",1,0,2,4
"Adcyap1r1",1,3,0,0
"Ppp1r17",0,0,0,3
"Pde1c",368,470,397,1037
"Lsm5",4,3,9,18
"Avl9",235,112,250,574
"Kbtbd2",15,18,32,59
"Fkbp9",113,94,91,245
"Nt5c3",181,96,166,379
"Vmn1r4",4,1,7,10
"Ppm1k",10,20,15,53
"Herc6",62,30,46,115
"Lancl2",35,17,47,89
"Vopp1",27,12,23,50
"Vmn1r30",3,9,2,3
"Gm35077",37,67,43,94
"Abcg2",56,29,36,92
"Herc3",125,77,99,238
"Nap1l5",496,170,276,1123
"Fam13a",4,2,2,9
"Tigd2",35,31,29,75
"Gprin3",405,138,309,636
"Gm5570",0,0,0,1
"Snca",63,20,24,73
"A730020E08Rik",3,7,8,11
"Ccser1",2495,1488,2424,5868
"Grid2",554,188,553,1509
"Smarcad1",184,104,152,342
"Hpgds",17,6,21,40
"Tnip3",0,0,0,0
"Ndnf",0,1,0,1
"Prdm5",2,0,2,3
"2610300M13Rik",0,0,0,2
"Mad2l1",1,2,2,2
"Gng12",742,1064,513,1806
"Gm36816",2,0,0,3
"Gadd45a",5,5,7,12
"E230016M11Rik",44,58,57,124
"A430010J10Rik",2,2,12,9
"Gm38825",0,0,2,1
"Serbp1",95,58,75,191
"Il12rb2",1,2,0,3
"Gm30211",0,5,0,0
"Igkc",36,45,0,0
"Rpia",33,14,13,75
"Eif2ak3",236,202,242,680
"Thnsl2",4,6,4,20
"Smyd1",0,1,1,5
"Krcc1",35,38,71,119
"Gm44174",0,0,0,0
"Rmnd5a",232,108,238,653
"Rnf103",85,39,106,212
"Chmp3",75,45,91,200
"Kdm3a",106,78,96,294
"Reep1",6,11,14,15
"Mrpl35",1,4,0,0
"Immt",107,80,86,272
"Ptcd3",79,33,69,146
"Polr1a",67,42,61,145
"St3gal5",100,64,86,292
"Gm38832",2,0,3,11
"Atoh8",0,0,0,0
"Usp39",18,14,15,43
"Gm45051",1,1,2,5
"0610030E20Rik",31,26,42,98
"Tmem150a",15,14,3,42
"Rnf181",20,18,21,58
"Vamp5",4,1,0,12
"Vamp8",6,6,5,17
"Ggcx",171,162,119,438
"Mat2a",73,52,58,127
"Capg",0,2,0,0
"Elmod3",24,20,29,52
"Retsat",0,1,0,2
"Tgoln1",58,47,86,165
"Gm20536",4,0,3,4
"Tcf7l1",67,18,77,116
"Gm15402",3,0,2,1
"Kcmf1",178,126,184,483
"Tmsb10",1,0,4,12
"Suclg1",29,37,32,71
"Ctnna2",734,498,664,1824
"Lrrtm1",1,1,0,1
"Reg1",0,0,0,0
"Gm4409",0,0,1,0
"Lrrtm4",97,34,85,123
"Gcfc2",52,41,54,168
"Mrpl19",12,8,12,27
"Eva1a",0,0,0,0
"Pole4",3,6,9,20
"Hk2",0,0,0,0
"Sema4f",1,1,1,11
"Dok1",2,0,0,3
"Loxl3",1,4,6,9
"Htra2",6,4,6,17
"Aup1",26,24,30,63
"Dqx1",10,8,5,12
"Pcgf1",11,6,4,19
"Lbx2",1,0,0,0
"Ccdc142",2,4,3,6
"Ccdc142os",4,1,6,11
"Mrpl53",9,4,8,14
"Gm56977",1,5,2,1
"Mogs",5,8,11,19
"Wbp1",18,15,17,55
"Ino80b",22,8,10,30
"Rtkn",4,7,6,19
"Wdr54",1,0,1,0
"1700003E16Rik",0,0,4,3
"Dctn1",87,53,66,184
"Slc4a5",5,1,1,8
"Mthfd2",18,6,11,50
"Mob1a",20,11,17,41
"Bola3",5,10,18,20
"Tet3",315,215,317,805
"B230319C09Rik",0,3,1,5
"Dguok",47,44,45,126
"Stambp",34,37,30,114
"Gm21284",6,3,9,5
"1700124L16Rik",0,0,0,2
"Tex261",13,9,7,30
"Nagk",54,36,57,132
"Paip2b",43,33,47,120
"Zfp638",563,355,573,1281
"Gm43920",3,4,5,7
"Dysf",5,3,0,0
"Gm44127",19,5,28,168
"Cyp26b1",4,4,2,6
"Exoc6b",821,709,855,2089
"Spr",7,3,6,10
"Emx1",1,0,1,0
"Sfxn5",115,66,132,234
"Rab11fip5",25,11,18,47
"Smyd5",10,6,15,25
"Pradc1",4,6,14,18
"Cct7",31,24,38,75
"Fbxo41",19,15,29,62
"Egr4",3,1,3,33
"Alms1",204,88,193,430
"Nat8f4",0,1,0,5
"Nat8f1",1,2,1,11
"Tprkb",22,18,19,50
"Dusp11",97,63,65,175
"Gm19265",6,9,6,8
"Add2",1,4,1,2
"Tgfa",10,13,4,29
"Fam136a",5,7,9,22
"Snrpg",14,8,17,25
"Pcyox1",22,15,30,58
"Tia1",229,168,209,638
"C87436",39,24,38,79
"A430078I02Rik",2,1,2,6
"2310040G24Rik",2,2,1,1
"Gm44386",3,0,0,1
"Pcbp1",7,19,23,74
"1600020E01Rik",184,115,130,463
"Asprv1",3,0,1,7
"Mxd1",78,31,59,199
"Snrnp27",14,2,16,25
"Gm44214",1,0,1,5
"Gmcl1",67,43,73,210
"Gm44036",3,1,1,1
"Anxa4",148,150,253,534
"2610306M01Rik",3,0,4,1
"Aak1",626,374,527,1708
"Gm44091",1,1,2,3
"Nfu1",19,8,20,43
"Gfpt1",296,246,265,735
"D6Ertd527e",3,1,3,3
"Antxr1",0,0,0,0
"Arhgap25",0,0,0,0
"Aplf",8,7,8,10
"Cfap92",8,7,11,14
"Gm44210",3,0,1,1
"Efcc1",38,43,45,140
"Rab43",50,26,62,158
"Isy1",38,19,30,91
"Cnbp",113,43,137,343
"Copg1",129,105,111,329
"Gm26636",3,5,0,7
"Hmces",84,39,54,213
"H1f10",11,3,3,13
"Gm5577",34,24,34,87
"Rab7",316,177,257,828
"Gm56988",0,1,0,0
"Rpn1",63,85,75,155
"Gata2",0,0,0,0
"Eefsec",153,93,138,389
"Gm44265",1,0,1,1
"Ruvbl1",17,13,18,59
"Sec61a1",149,165,137,440
"Kbtbd12",0,0,3,2
"Mgll",0,2,0,0
"Abtb1",19,12,13,51
"Podxl2",36,9,13,62
"Gm15612",6,3,5,16
"Mcm2",3,2,6,21
"Tpra1",20,14,28,60
"4933427D06Rik",0,1,0,0
"4930512J16Rik",0,0,0,0
"Gm26811",2,0,0,0
"Plxna1",25,6,10,42
"Chchd6",210,115,132,439
"Txnrd3",4,3,4,16
"Uroc1",0,0,2,2
"Zxdc",76,32,65,182
"Cfap100",0,0,0,7
"Klf15",13,12,6,31
"Aldh1l1",0,0,0,0
"Slc41a3",7,5,5,18
"Iqsec1",13,13,24,61
"Nup210",274,119,209,659
"Hdac11",37,23,30,77
"Fbln2",0,0,0,0
"1810044D09Rik",6,5,2,12
"Chchd4",2,4,2,5
"Tmem43",6,5,1,19
"Xpc",41,20,27,75
"Lsm3",6,0,6,8
"Gm45216",0,0,1,1
"Gm45218",6,3,8,35
"Slc6a6",985,607,961,2942
"Grip2",1,0,1,6
"Ccdc174",54,30,55,122
"4930590J08Rik",6,13,4,28
"Fgd5",0,0,0,0
"Nr2c2",249,160,243,615
"Mrps25",13,9,15,30
"Rbsn",61,36,58,139
"Prickle2",79,88,91,297
"Adamts9",17,7,7,58
"A730049H05Rik",0,0,0,0
"Gm15737",1,0,0,3
"9530026P05Rik",46,12,79,81
"Magi1",1467,1056,1620,3604
"Slc25a26",50,32,77,146
"Lrig1",159,77,160,415
"Kbtbd8",8,2,4,8
"Suclg2",232,127,188,563
"Tafa1",697,730,482,909
"Tafa4",5,1,9,12
"Eogt",45,24,39,97
"Tmf1",81,49,77,200
"Uba3",25,22,18,59
"Gm56976",0,3,0,1
"Arl6ip5",59,34,60,136
"Gm32191",0,0,0,0
"Frmd4b",1028,627,850,2147
"Mitf",315,186,188,734
"Gm32592",2,0,1,2
"Mdfic2",0,0,0,0
"Gm44196",2,0,1,0
"Foxp1",2581,1538,2423,6311
"Gm52870",8,6,8,13
"Gm20705",5,4,3,12
"Eif4e3",98,55,82,163
"Gpr27",4,8,5,11
"Gm43067",1,0,0,0
"Rybp",277,158,256,697
"Shq1",64,58,61,156
"Gxylt2",0,0,0,0
"Ppp4r2",128,77,105,341
"Gm43948",2,3,0,1
"Pdzrn3",97,76,96,166
"Gm26911",3,1,1,3
"Gm33934",1,1,1,2
"Cntn3",110,111,148,250
"4930587E11Rik",0,1,0,2
"Chl1",0,0,1,1
"Cntn4",12,13,20,51
"Il5ra",0,0,0,0
"Trnt1",32,19,20,82
"Crbn",30,24,55,141
"Gm34933",1,3,16,15
"Lrrn1",91,37,78,221
"Setmar",5,4,4,19
"Sumf1",48,42,73,214
"Itpr1",1262,743,1141,3517
"Gm44040",3,1,1,12
"0610040F04Rik",4,3,7,12
"Gm17055",0,0,0,0
"4833447P13Rik",7,3,5,5
"Bhlhe40",64,20,66,115
"Arl8b",214,99,115,493
"Gm35417",9,14,5,16
"Edem1",69,76,40,189
"Grm7",0,0,4,3
"Lmcd1",11,2,4,44
"Ssu2",1,0,0,0
"Cav3",0,0,0,1
"Oxtr",2,9,1,10
"Rad18",13,8,10,39
"Srgap3",21,8,35,63
"Thumpd3",21,26,34,62
"Gt(ROSA)26Sor",10,9,14,13
"Setd5",720,433,661,1659
"Lhfpl4",80,57,69,203
"Mtmr14",28,22,20,84
"Gm16161",0,0,0,1
"Cpne9",0,1,2,3
"Brpf1",42,17,30,109
"Gm15492",0,7,7,16
"Ogg1",7,5,3,14
"Camk1",18,10,12,41
"Tada3",35,23,29,101
"Arpc4",23,15,37,65
"Ttll3",57,21,71,151
"Rpusd3",6,3,4,4
"Jagn1",2,10,6,13
"Il17re",31,34,26,62
"Il17rc",23,13,13,49
"Gm57002",1,0,2,1
"Creld1",10,6,7,38
"Prrt3",0,1,8,9
"Emc3",19,18,50,78
"Fancd2",2,1,1,1
"Brk1",33,28,26,83
"Gm44200",0,0,1,1
"Vhl",13,8,3,30
"Irak2",37,24,66,106
"Tatdn2",34,15,30,71
"Gm26982",6,3,1,10
"Ghrl",0,0,1,9
"Gm44053",1,2,1,1
"Sec13",79,40,72,209
"Atp2b2",557,294,447,1258
"Gm44167",11,9,13,33
"Gm15083",4,5,1,4
"Slc6a11",1,0,0,2
"Hrh1",0,0,0,1
"Atg7",127,76,149,371
"Vgll4",81,62,88,183
"Tamm41",11,4,5,20
"Gm17733",1,0,2,4
"Syn2",241,189,259,689
"Timp4",2,3,3,5
"Pparg",59,38,52,143
"Gm36355",1,3,3,4
"Tsen2",28,40,46,86
"Mkrn2os",25,8,37,68
"Mkrn2",47,13,33,105
"Raf1",243,173,233,657
"D830050J10Rik",1,2,2,3
"Tmem40",0,4,1,9
"Cand2",33,21,37,68
"Rpl32",14,4,9,16
"Efcab12",3,8,18,30
"Gm44206",1,0,0,0
"Mbd4",18,10,15,29
"Ift122",129,80,108,322
"Rho",0,2,3,4
"H1f8",0,0,0,2
"Plxnd1",0,0,0,1
"Tmcc1",560,306,483,1259
"Gm56980",1,0,0,5
"Gm20404",4,2,0,3
"9530062K07Rik",11,5,6,25
"Washc2",181,87,129,341
"Zfand4",19,9,27,51
"Gm44957",0,1,0,3
"Marchf8",247,162,197,574
"Alox5",2,0,4,0
"Zfp422",2,5,6,9
"Rassf4",32,22,32,96
"Depp1",10,20,6,18
"Tmem72",7,14,3,6
"Cxcl12",4,0,0,0
"Gm45083",9,7,17,29
"Zfp637",6,4,3,9
"Zfp239",2,11,6,12
"Gm38883",1,0,0,0
"Gm38882",6,8,10,8
"Hnrnpf",212,59,137,486
"Fxyd4",1,0,0,0
"Rasgef1a",27,25,75,60
"Csgalnact2",23,13,21,38
"Ret",146,86,120,357
"Bms1",49,38,45,152
"Zfp248",28,15,21,101
"Zfp9",90,82,82,238
"Ankrd26",63,32,78,151
"Cacna1c",2527,1836,2007,5696
"Dcp1b",158,108,151,414
"Cacna2d4",4,0,7,16
"Lrtm2",1,0,2,5
"Adipor2",35,34,39,69
"Gm56986",0,2,3,3
"Wnt5b",85,62,57,189
"Fbxl14",5,4,4,2
"Erc1",411,222,319,843
"Gm44317",0,0,1,0
"Rad52",14,10,23,47
"Wnk1",603,356,510,1423
"Ninj2",0,0,1,0
"B4galnt3",18,16,27,48
"Ccdc77",35,25,56,112
"Kdm5a",277,168,352,787
"Il17ra",17,22,34,50
"Tmem121b",0,1,1,2
"Hdhd5",82,48,80,185
"Cecr2",10,11,32,36
"Slc25a18",4,0,6,5
"Atp6v1e1",194,95,158,466
"Bcl2l13",39,38,54,143
"Bid",8,7,12,24
"Mical3",1281,515,1195,2985
"Gm43915",10,9,12,26
"Gm4651",8,4,6,12
"Gm30842",5,1,3,5
"Pex26",39,24,51,71
"Tuba8",1,1,1,3
"Gm15856",2,2,2,3
"Usp18",19,15,25,30
"Gm44148",15,21,37,50
"Iqsec3",1,0,19,7
"M6pr",25,13,29,55
"Phc1",28,25,31,78
"Rimklb",3,2,1,7
"Apobec1",43,12,23,74
"Slc2a3",0,0,2,1
"Gm26826",5,4,9,11
"Foxj2",49,31,29,97
"C3ar1",3,0,0,0
"Necap1",51,20,35,111
"Clec4a1",0,0,0,3
"Clec4a2",0,0,0,0
"Clec4n",0,0,0,0
"Clec4d",0,0,0,0
"Pex5",29,14,13,64
"Clstn3",30,22,19,55
"C1rl",2,0,1,2
"C1ra",1,1,1,2
"C1s1",0,1,0,0
"Lpcat3",307,152,294,749
"Emg1",17,11,18,34
"Phb2",31,11,25,67
"Gm15884",5,6,4,6
"Ptpn6",17,11,10,39
"Gm20531",1,1,0,1
"Grcc10",7,3,11,17
"Atn1",54,39,39,97
"Eno2",22,21,29,72
"Lrrc23",14,2,11,16
"Spsb2",9,4,12,18
"Tpi1",34,9,19,41
"Usp5",33,20,29,64
"Cdca3",0,0,0,0
"P3h3",7,8,8,26
"Gpr162",6,1,0,10
"Cd4",0,1,0,0
"Lag3",7,1,7,29
"Ptms",92,45,83,235
"A230083G16Rik",5,4,9,21
"Mlf2",16,11,14,55
"Cops7a",27,11,20,53
"Pianp",0,0,0,0
"Zfp384",43,31,62,115
"4930557K07Rik",4,3,8,7
"Ing4",46,32,56,120
"Acrbp",30,29,31,55
"Chd4",668,379,494,1399
"Nop2",14,6,2,21
"Iffo1",113,83,88,270
"Gapdh",38,14,31,40
"Ncapd2",16,13,15,37
"Mrpl51",0,3,1,9
"Vamp1",28,27,35,107
"Tapbpl",3,3,10,13
"Cd27",3,3,8,6
"4930417O13Rik",5,1,5,34
"Tuba3a",0,1,0,0
"Ltbr",8,1,7,11
"Scnn1a",5,0,4,3
"Tnfrsf1a",6,5,5,8
"Plekhg6",3,6,7,13
"Gm32673",0,0,0,3
"Cd9",13,13,38,92
"Gm28809",0,0,0,0
"Gm26728",0,0,1,4
"Vwf",0,0,4,14
"Ano2",0,1,0,1
"Ntf3",0,0,0,0
"Kcna5",0,0,0,2
"Gm56971",0,0,0,0
"Kcna1",0,0,0,0
"Kcna6",0,0,0,0
"Ndufa9",17,17,24,73
"Akap3",3,15,5,6
"Dyrk4",1,1,4,6
"Rad51ap1",1,3,0,3
"D6Wsu163e",44,25,31,112
"Tigar",11,6,4,27
"Platr31",0,0,0,1
"Gm43126",0,1,1,0
"Ccnd2",290,158,179,627
"9330179D12Rik",7,1,5,31
"Gm56941",0,0,0,0
"Parp11",44,21,34,101
"Cracr2a",15,6,7,29
"Tspan9",157,96,165,358
"Gm10010",3,3,3,15
"Tead4",1,1,0,0
"Tulp3",55,38,56,131
"Gm44190",2,0,3,2
"Gm26770",0,0,0,2
"Rhno1",15,9,9,21
"Foxm1",0,2,1,4
"Gm15862",5,1,2,2
"Nrip2",0,1,1,2
"Itfg2",41,32,40,123
"Fkbp4",29,24,16,49
"Gm10069",44,31,30,77
"Pzp",0,0,0,3
"A2ml1",1,1,4,0
"Klrb1b",0,0,0,0
"Gm44066",0,0,1,2
"BC035044",1,0,0,0
"Clec2i",1,1,0,0
"Clec2g",0,0,0,0
"Gm15987",2,2,0,0
"ENSMUSG00000121482",1,0,2,0
"Clec2e",1,0,0,0
"Clec2d",2,13,1,4
"2310001H17Rik",2,2,4,0
"Cd69",0,0,0,0
"Clec12a",0,0,0,0
"Clec12b",0,0,0,0
"Clec9a",0,0,0,0
"Clec1a",0,0,0,0
"Clec7a",4,0,0,0
"1700101I11Rik",1,1,0,2
"Gabarapl1",122,50,103,365
"Klra2",0,0,0,0
"Magohb",9,4,4,31
"Styk1",15,20,11,36
"Ybx3",52,33,46,145
"5430401F13Rik",0,0,0,1
"A630073D07Rik",0,0,0,1
"Smim10l1",18,20,33,79
"Etv6",354,198,322,922
"Gm17089",0,0,0,3
"Bcl2l14",1,1,5,3
"Lrp6",301,172,275,657
"Gm38910",0,0,0,0
"Mansc1",3,5,4,0
"Borcs5",32,33,30,100
"Gm44017",0,1,0,0
"Dusp16",102,65,149,402
"Crebl2",36,23,44,122
"Gpr19",15,10,16,51
"Gm44366",1,0,1,0
"2810454H06Rik",7,9,6,27
"Cdkn1b",51,30,52,117
"Lockd",2,1,1,1
"Apold1",0,2,0,0
"Ddx47",29,11,23,100
"Gprc5a",2,2,6,5
"Hebp1",0,6,4,9
"Fam234b",62,46,63,185
"Emp1",1,0,0,1
"Atf7ip",249,130,144,523
"Gm44140",1,0,0,0
"Plbd1",0,0,0,0
"Gucy2c",50,115,65,108
"H4c16",4,3,6,3
"H2aj",20,6,18,28
"Wbp11",177,62,141,401
"BC049715",48,26,62,118
"Smco3",5,1,0,3
"Art4",0,0,0,1
"Mgp",0,0,0,0
"Erp27",0,0,1,0
"Arhgdib",0,2,0,0
"Pde6h",8,12,16,48
"Rerg",1,5,7,4
"Ptpro",5,12,29,22
"Eps8",400,213,267,881
"Strap",57,24,55,144
"Dera",80,38,55,181
"Slc15a5",0,1,0,0
"Mgst1",0,0,0,0
"Lmo3",22,7,7,40
"A830011K09Rik",0,0,0,0
"Pik3c2g",275,368,517,687
"Plekha5",596,322,548,1273
"Aebp2",109,66,103,247
"Gm30524",10,1,5,6
"Gm28523",2,3,5,6
"Pde3a",452,249,360,1088
"Slco1c1",0,0,2,3
"Gm5724",1,0,0,3
"Slco1a6",180,173,217,411
"Gm20400",78,57,94,180
"Slco1a5",129,69,143,253
"Iapp",2465,1875,2678,5711
"Pyroxd1",66,44,47,198
"Recql",27,26,15,59
"Golt1b",57,32,47,141
"Spx",2,0,5,7
"Gys2",10,4,4,3
"Ldhb",58,20,97,150
"Kcnj8",0,0,0,0
"Abcc9",3,15,0,0
"5330439B14Rik",1,2,3,14
"Cmas",79,74,78,194
"St8sia1",25,26,2,47
"C2cd5",242,184,237,635
"Etnk1",235,137,196,492
"1700126G02Rik",0,2,1,7
"D6Ertd474e",0,3,16,5
"1700060C16Rik",2,1,0,0
"Sox5",297,207,267,792
"Sox5os2",0,0,0,0
"Sox5os4",0,0,0,0
"Bcat1",1,3,0,7
"Irag2",0,1,0,0
"Casc1",8,1,3,14
"Gm15543",0,0,0,0
"Etfrf1",14,1,7,25
"Kras",305,147,275,705
"Gm15706",25,12,13,29
"2010013B24Rik",0,1,0,0
"Lmntd1",1,0,0,1
"Rassf8",62,29,53,162
"Bhlhe41",90,31,85,205
"Sspn",11,25,24,22
"Sspnos",0,0,0,2
"Itpr2",230,196,206,673
"Ints13",67,45,55,139
"Fgfr1op2",44,43,42,107
"Tm7sf3",52,37,53,146
"Med21",11,8,12,21
"4930479D17Rik",1,1,0,2
"Stk38l",161,84,114,368
"Arntl2",23,18,20,48
"Ppfibp1",546,194,404,1161
"Rep15",4,2,6,16
"Mrps35",20,18,30,51
"Mansc4",0,0,0,0
"Klhl42",30,13,26,63
"Pthlh",0,2,0,2
"Gm6288",14,14,24,40
"Ccdc91",129,66,134,358
"Gm15762",0,2,0,1
"Far2",12,1,1,1
"Ergic2",80,73,85,241
"Gm17216",0,1,0,0
"Tmtc1",171,76,101,330
"Gm44020",0,1,1,1
"Ipo8",116,48,75,240
"Caprin2",27,13,28,57
"Gm43913",0,1,1,1
"Sinhcaf",194,79,176,450
"3010003L21Rik",8,5,7,11
"Dennd5b",231,116,160,453
"Etfbkmt",10,5,6,16
"Amn1",42,43,60,118
"Resf1",101,68,66,172
"Bicd1",383,274,332,1026
"Gm21814",2,8,3,4
"Myadm",12,7,10,29
"Prkcg",34,8,30,80
"Cacng7",0,2,5,3
"Gm44257",0,0,1,0
"Cacng8",0,2,0,0
"Gm35037",2,1,2,5
"Ndufa3",6,3,5,3
"Tfpt",4,10,8,22
"Prpf31",10,11,15,52
"Gm15927",15,2,5,23
"Cnot3",107,88,73,223
"Leng1",15,10,4,31
"Tmc4",120,72,130,247
"Gm15929",2,3,0,3
"Mboat7",26,20,26,63
"Tsen34",34,15,25,68
"Rps9",10,22,33,21
"Pirb",0,0,0,0
"Lair1",0,1,0,0
"9430041J12Rik",0,1,0,1
"Ttyh1",2,4,1,7
"Leng8",204,128,162,499
"Leng9",16,14,12,25
"Gm57243",2,0,0,3
"Cdc42ep5",2,4,1,0
"Lilra5",0,0,0,0
"Rdh13",19,14,23,59
"Gm15494",22,13,18,34
"Eps8l1",29,11,18,82
"Ppp1r12c",132,50,82,267
"Tnni3",0,0,2,0
"Dnaaf3",0,0,0,0
"Syt5",20,8,29,49
"Ptprh",0,0,4,3
"Gm44877",0,0,0,0
"Tmem86b",26,15,25,87
"Ppp6r1",134,47,53,245
"Hspbp1",33,19,27,63
"Brsk1",68,45,51,142
"Tmem150b",0,0,0,2
"Kmt5c",61,34,37,153
"Cox6b2",2,0,0,1
"Il11",1,1,1,3
"Tmem238",1,6,6,11
"Rpl28",7,17,21,14
"Ube2s",29,7,21,45
"Gm57202",0,0,0,1
"Shisa7",3,1,1,3
"Isoc2b",7,6,8,24
"Isoc2a",116,82,94,252
"Zfp628",0,5,6,11
"Nat14",7,2,3,13
"Ssc5d",6,3,11,23
"Sbk2",0,0,0,6
"Sbk3",2,0,0,5
"Gm57233",0,1,0,1
"Zfp579",25,13,14,39
"Fiz1",9,6,10,22
"Zfp524",2,4,4,7
"Zfp865",17,15,17,71
"Ccdc106",0,10,6,7
"Zfp784",1,2,2,6
"Gm15510",6,8,8,18
"Zfp580",0,2,4,2
"U2af2",68,42,40,161
"Epn1",71,46,48,111
"Zfp787",39,29,48,119
"Gm36371",9,9,11,16
"Zfp444",25,25,30,88
"Gm45148",1,1,2,3
"Gm45069",0,0,0,0
"Zfp667",95,25,74,219
"Zfp583",2,5,3,9
"Gm3854",12,3,5,16
"Zfp78",4,6,3,14
"Zfp28",30,9,13,72
"Smim17",8,0,2,8
"Zim1",377,193,345,854
"Peg3",5553,2797,5070,16152
"Usp29",559,426,626,1454
"Zfp954",9,3,6,21
"Zfp773",0,1,0,5
"Zfp418",2,1,0,1
"Zfp772",4,4,7,26
"Vmn2r29",17,9,14,46
"ENSMUSG00000121470",1,5,4,5
"Clcn4",57,28,56,172
"ENSMUSG00000121471",1,2,5,3
"Zik1",0,5,7,0
"Zfp551",2,2,0,3
"Zfp606",19,13,22,39
"2900092C05Rik",2,0,1,7
"Vmn2r56",0,0,0,1
"Zscan18",79,24,66,187
"Zfp329",51,60,65,145
"Zfp110",151,56,106,335
"Gm31152",0,0,1,2
"Zfp128",0,1,0,3
"Zscan22",5,3,6,8
"Rps5",7,6,15,7
"Rnf225",0,1,1,6
"1810019N24Rik",4,4,1,3
"Zfp324",3,20,6,27
"Zfp446",18,13,17,46
"Slc27a5",0,0,0,0
"Trim28",32,21,20,57
"Zbtb45",4,3,2,10
"Chmp2a",30,14,20,63
"Ube2m",14,8,15,37
"Mzf1",7,2,8,31
"Zswim9",18,6,14,53
"Lig1",19,10,15,31
"Pla2g4c",0,2,0,2
"Nlrp5-ps",28,14,22,94
"Vmn1r90",0,0,0,3
"Obox1",0,0,1,1
"Selenow",18,17,32,62
"Nop53",41,12,17,57
"Ehd2",1,3,4,7
"Bicra",167,150,150,416
"Gm38948",2,0,1,17
"2010004M13Rik",1,0,1,1
"Zfp541",3,1,2,6
"Napa",390,195,289,1019
"Kptn",65,20,36,109
"Slc8a2",23,11,21,87
"Meis3",73,41,50,144
"Dhx34",23,20,14,62
"C5ar2",0,0,0,0
"C5ar1",0,0,0,0
"Inafm1",5,5,12,29
"Ccdc9",34,25,44,152
"Bbc3",41,16,19,118
"Sae1",73,64,66,228
"Gm57198",9,10,9,21
"Gm57196",2,0,0,3
"Zc3h4",103,82,117,265
"Gm45509",6,5,6,14
"Gm45510",0,0,1,0
"Tmem160",0,0,1,1
"Npas1",0,0,1,1
"Arhgap35",385,220,306,960
"Gm29443",1,3,4,5
"Ap2s1",7,15,10,19
"Slc1a5",11,3,12,16
"Fkrp",11,5,10,25
"Strn4",67,29,60,124
"Prkd2",49,26,55,119
"9330104G04Rik",3,4,3,7
"Dact3",1,0,5,13
"Ptgir",0,0,0,0
"Calm3",31,15,16,54
"Pnma8b",175,116,126,412
"Pnma8a",12,22,16,43
"Pnma8c",0,4,1,5
"Ccdc8",3,1,3,7
"Ppp5c",22,23,20,53
"Hif3a",1,1,3,5
"Psg16",17,23,34,72
"Mill2",38,20,34,64
"Pglyrp1",0,1,3,3
"Ccdc61",21,11,20,44
"Nova2",39,37,48,153
"Mypop",3,7,8,24
"Mypopos",2,1,2,4
"Irf2bp1",4,4,4,9
"Foxa3",3,3,8,19
"Sympk",90,45,76,191
"Rsph6a",4,0,1,12
"Dmwd",30,17,26,51
"Dmpk",24,18,18,75
"Six5",11,8,1,23
"Meiosin",1,0,0,0
"Fbxo46",16,8,14,21
"Qpctl",42,18,46,89
"Snrpd2",4,3,7,8
"Gipr",412,220,367,1212
"Eml2",38,24,40,110
"Gpr4",1,3,1,0
"Gm57235",2,0,3,2
"Opa3",98,22,82,202
"Vasp",31,9,22,71
"1700058P15Rik",3,2,0,2
"Ppm1n",2,0,0,18
"Rtn2",18,14,28,68
"Gm26802",26,26,19,28
"Fosb",3464,887,1577,6926
"Gm57205",4,3,2,3
"D830036C21Rik",10,1,4,11
"Gm57200",43,23,18,78
"Gm44698",10,0,6,13
"Ercc1",15,10,4,18
"Polr1g",6,6,5,9
"Ppp1r13l",6,7,6,15
"Ercc2",16,22,14,52
"Gm26852",3,2,3,7
"Klc3",13,4,12,22
"A930016O22Rik",4,2,2,11
"Mark4",41,27,30,83
"Exoc3l2",0,2,0,0
"Bloc1s3",2,0,1,1
"Trappc6a",8,10,8,20
"Nkpd1",1,2,2,3
"Ppp1r37",313,140,233,603
"Gemin7",3,4,7,17
"Zfp296",0,3,2,3
"Clasrp",69,51,73,175
"Relb",90,10,113,160
"Clptm1",55,38,51,116
"Apoe",16,7,2,10
"Tomm40",38,29,37,97
"Lncob1",0,0,0,1
"Nectin2",35,17,48,110
"Bcam",5,9,6,23
"Gm26600",0,0,0,0
"Cblc",23,26,25,49
"Bcl3",18,9,24,46
"Gm16175",4,1,2,8
"Gm16174",15,5,7,25
"Gm44658",2,1,1,5
"Gm19345",2,2,8,16
"Ceacam16",1,0,1,0
"Pvr",2,1,1,8
"Gm16251",0,0,0,1
"Nlrp4e",17,2,9,38
"Zfp180",25,26,26,64
"Zfp112",11,16,28,53
"Zfp235",9,6,8,19
"Zfp114",0,3,2,1
"Zfp111",3,3,3,12
"Zfp109",3,6,3,5
"Zfp108",4,4,6,9
"Zfp93",2,2,1,4
"Zfp61",12,8,9,46
"Zfp94",3,4,4,6
"Kcnn4",5,4,3,7
"Smg9",70,39,49,141
"Plaur",2,1,0,0
"Cadm4",6,6,13,25
"Zfp428",0,2,0,1
"Irgq",14,10,18,44
"Pinlyp",0,1,1,1
"Xrcc1",28,41,25,66
"Ethe1",2,1,5,5
"Phldb3",3,3,10,8
"Rps19",5,17,24,40
"Cd79a",0,2,1,0
"Arhgef1",192,84,132,391
"Rabac1",42,36,38,94
"Atp1a3",4,0,0,4
"Grik5",248,157,243,573
"Zfp574",18,16,14,38
"Pou2f2",2,2,0,5
"Dedd2",70,21,69,169
"Zfp526",2,6,2,8
"Gsk3a",18,20,20,33
"9130221H12Rik",3,1,2,7
"Erf",37,13,42,94
"Cic",87,47,55,187
"Pafah1b3",1,4,2,10
"Tmem145",18,8,15,39
"Megf8",83,65,80,226
"4732471J01Rik",88,46,100,272
"Lipe",17,14,12,39
"Cxcl17",0,0,0,3
"Ceacam1",5,5,6,18
"Ceacam2",0,0,0,5
"Gm38569",2,0,0,1
"Dmac2",21,11,21,43
"B3gnt8",2,0,0,2
"Bckdha",37,25,34,107
"Exosc5",6,4,6,22
"Tmem91",1,1,2,2
"B9d2",10,5,5,15
"Tgfb1",0,0,0,0
"Ccdc97",12,8,14,34
"Hnrnpul1",146,88,97,358
"Axl",0,4,0,0
"Cyp2s1",2,1,8,27
"Egln2",21,9,22,65
"Rab4b",23,26,37,77
"Snrpa",20,13,18,46
"BC024978",8,8,8,13
"Itpkc",35,15,44,111
"Coq8b",108,55,56,146
"Gm15567",0,0,2,3
"Numbl",31,13,32,65
"Ltbp4",1,0,0,4
"Shkbp1",37,14,20,93
"Sptbn4",334,169,297,745
"Blvrb",4,3,4,22
"Sertad3",2,1,2,14
"Sertad1",2,3,1,15
"Prx",1,0,0,3
"Gm15541",2,1,2,1
"Hipk4",0,0,0,0
"Pld3",35,26,62,104
"2310022A10Rik",17,19,12,39
"Akt2",108,77,83,280
"Gm38973",2,1,4,4
"Map3k10",43,37,34,112
"Zfp607b",8,7,7,15
"Zfp60",31,37,39,77
"Gm10046",0,0,0,0
"Zfp626",14,12,17,40
"Zfp59",15,12,18,24
"Zfp607a",19,8,10,27
"Zfp974",28,35,20,74
"Zfp780b",18,26,27,50
"Zfp850",3,3,3,13
"Psmc4",26,27,36,66
"Fcgbp",2,0,0,0
"9530053A07Rik",0,0,0,3
"Fbl",67,13,41,185
"Dyrk1b",25,5,20,31
"Eid2",1,3,1,4
"Eid2b",7,3,4,4
"Timm50",7,2,6,13
"Supt5",132,92,104,326
"Gm44709",1,2,4,4
"Rps16",12,5,21,18
"Plekhg2",12,4,9,16
"Zfp36",19,10,25,31
"Gm44710",8,3,8,13
"Gm57214",1,0,0,1
"Med29",0,3,8,15
"Paf1",61,36,38,134
"Samd4b",145,50,133,301
"Gmfg",0,1,0,1
"Lrfn1",2,5,1,6
"Sycn",1,0,0,5
"Pak4",12,8,9,45
"Fbxo27",5,1,0,2
"Fbxo17",27,13,23,56
"Mrps12",2,3,10,13
"Sars2",19,8,6,21
"Nfkbib",17,2,11,24
"Sirt2",77,38,72,187
"Rinl",10,5,3,13
"Hnrnpl",322,138,309,787
"Gm44702",2,0,0,0
"Gm57249",0,0,2,3
"Ech1",13,12,15,29
"Lgals4",26,12,28,75
"Gm10648",0,0,3,5
"Actn4",154,92,147,395
"Gm44699",9,5,12,26
"Eif3k",12,9,15,45
"Map4k1",0,2,2,6
"Rasgrp4",0,0,0,0
"Fam98c",25,11,18,43
"1110035H17Rik",3,3,0,6
"Spred3",28,31,23,79
"Ggn",0,3,1,3
"Psmd8",22,7,6,38
"Catsperg1",3,4,12,7
"Kcnk6",0,0,0,0
"Yif1b",5,2,4,15
"2200002D01Rik",1,1,1,0
"Spint2",96,71,115,240
"Ppp1r14a",0,0,1,2
"Dpf1",3,2,0,3
"Sipa1l3",524,394,586,1290
"Zfp84",10,8,12,20
"Zfp30",10,10,14,35
"Zfp790",16,16,32,40
"Zfp940",6,8,4,12
"Zfp420",18,20,12,49
"Zfp27",8,12,13,38
"Zfp383",3,4,8,21
"Zfp74",28,23,18,54
"ENSMUSG00000121374",4,2,2,3
"Zfp568",271,86,155,545
"Zfp14",17,10,6,23
"Zfp82",3,7,3,17
"Zfp566",14,6,6,40
"Zfp260",35,38,27,104
"Zfp382",10,7,6,13
"Zfp146",22,14,29,59
"Gm5113",3,4,2,4
"Capns1",29,23,26,79
"Gm26810",0,0,1,1
"Tbcb",5,11,7,11
"Polr2i",1,5,2,6
"Wdr62",6,6,0,13
"Clip3",18,12,22,37
"Alkbh6",10,13,13,22
"Syne4",20,11,10,65
"Sdhaf1",1,2,0,1
"4930479H17Rik",3,0,2,3
"Lrfn3",11,6,17,24
"Tyrobp",4,0,0,0
"Hcst",1,0,2,5
"Nfkbid",11,4,5,27
"Aplp1",98,71,84,189
"Kirrel2",4,3,4,18
"Nphs1",16,18,35,50
"Arhgap33",11,6,6,35
"Proser3",15,16,6,31
"Hspb6",2,0,2,15
"Lin37",10,5,5,16
"Psenen",6,5,5,4
"U2af1l4",6,1,7,10
"Igflr1",9,7,11,29
"Kmt2b",102,50,102,199
"Zbtb32",0,1,0,0
"Upk1a",1,0,1,5
"Cox6b1",3,7,11,30
"Rbm42",25,14,31,65
"Gm57227",1,0,0,1
"Haus5",13,4,24,39
"Atp4a",3,1,0,4
"Tmem147",9,6,6,28
"Tmem147os",5,5,12,12
"Gapdhs",4,3,1,4
"Gm26935",8,13,17,29
"Gm57241",4,5,3,8
"Sbsn",9,4,10,23
"Dmkn",0,0,0,1
"Ffar2",6,13,10,1
"Ffar3",6,13,7,13
"Ffar1",16,34,22,53
"Cd22",2,1,0,2
"D7Ertd128e",2,0,0,3
"Hamp",0,1,0,0
"Usf2",42,28,37,84
"Gm17077",0,2,0,0
"Gm4673",15,9,21,28
"Lsr",31,14,29,81
"Fam187b",24,30,19,48
"Gm57248",1,1,0,5
"Fxyd5",1,0,0,6
"Fxyd7",0,0,0,0
"Fxyd1",0,0,0,0
"Lgi4",4,0,3,4
"Fxyd3",10,6,13,30
"Hpn",1,1,1,2
"Scn1b",1,3,2,9
"Gramd1a",154,81,91,359
"G630030J09Rik",0,0,0,1
"Gm10640",2,1,0,1
"Wtip",5,2,6,19
"Uba2",37,43,51,79
"Pdcd2l",9,8,12,31
"Gpi1",105,47,79,167
"Gm12762",4,2,2,2
"Gm12758",1,2,5,8
"Garre1",99,58,80,281
"Lsm14a",113,64,134,243
"Gm12764",4,2,6,5
"Gm44837",0,0,0,0
"Kctd15",27,6,27,46
"Gm12781",0,1,2,5
"Gm12756",1,0,0,0
"Chst8",45,24,67,88
"Pepd",102,88,133,395
"Cebpg",36,33,46,107
"Gm44836",0,1,3,6
"Gm57192",1,2,0,8
"Gm35611",1,0,0,1
"Cebpa",0,0,0,1
"Lrp3",24,16,25,74
"Wdr88",2,1,1,3
"Gpatch1",112,56,95,291
"Rhpn2",282,128,224,650
"Faap24",1,1,1,4
"Cep89",84,49,82,176
"Tdrd12",22,18,18,76
"Nudt19",8,3,15,25
"B230322F03Rik",0,1,0,3
"Ankrd27",70,37,39,169
"Pdcd5",20,7,10,17
"Dpy19l3",16,9,6,30
"Zfp507",57,54,51,138
"E130304I02Rik",0,0,0,3
"Tshz3",803,332,484,2014
"Zfp536",10,7,1,35
"Uri1",289,145,224,745
"Ccne1",1,1,0,2
"D530033B14Rik",0,1,0,0
"1600014C10Rik",4,8,2,14
"Plekhf1",0,0,0,0
"Pop4",18,4,10,38
"Gm44767",10,10,9,28
"ENSMUSG00000121502",28,17,16,82
"Zfp619",13,11,14,26
"Gm33989",80,72,90,230
"Gm5592",0,0,2,0
"AI987944",31,13,23,44
"Vmn2r57",2,1,2,3
"AW146154",23,22,29,65
"2610021A01Rik",25,22,23,79
"Zfp788",67,41,66,180
"Vmn2r-ps54",0,0,1,1
"Zfp141",48,17,43,95
"Gm44997",5,1,7,13
"Zfp977",5,4,13,19
"Zfp976",48,31,67,126
"Zfp975",50,41,53,132
"Zfp715",53,32,43,119
"Siglecg",1,1,0,0
"Etfb",33,22,21,56
"Vsig10l",17,8,22,43
"Iglon5",9,4,12,16
"Cd33",0,0,0,0
"Zfp658",4,6,2,11
"Zfp719",41,47,28,83
"Zfp819",2,1,0,2
"Siglece",2,0,0,1
"Ctu1",0,2,0,1
"2310002F09Rik",0,0,0,0
"1700028J19Rik",3,1,2,12
"2410002F23Rik",32,18,27,85
"Acp4",0,1,2,0
"Clec11a",1,1,0,3
"Shank1",30,19,44,61
"1700008O03Rik",4,1,0,0
"Gm44780",1,2,0,2
"Syt3",5,5,2,9
"Lrrc4b",0,0,1,0
"Josd2",9,11,10,15
"5430431A17Rik",1,2,0,2
"Emc10",17,11,16,28
"Garin5a",11,7,14,24
"Gm44646",2,4,1,4
"Pold1",4,2,3,7
"Nr1h2",56,18,59,163
"Napsa",1,0,1,3
"Gm15396",4,4,9,21
"Kcnc3",220,136,179,506
"Gm44832",2,0,1,1
"Myh14",106,52,86,272
"Zfp473",1,0,0,5
"Vrk3",37,15,35,84
"Atf5",12,13,9,19
"Nup62",2,6,3,5
"Il4i1",0,6,0,7
"Tbc1d17",35,14,38,103
"Akt1s1",12,12,13,32
"Gm57218",0,1,0,0
"Pnkp",15,11,16,58
"Ptov1",43,27,41,136
"Med25",106,71,85,292
"Fuz",34,23,18,72
"Ap2a1",85,58,59,196
"Tsks",0,0,0,3
"Cpt1c",20,7,14,34
"6530437J22Rik",0,2,0,6
"Prmt1",20,17,15,62
"Gm15545",24,24,14,62
"Bcl2l12",1,1,0,2
"Irf3",33,23,30,76
"Scaf1",44,32,44,126
"Rras",4,2,1,6
"Prr12",58,47,36,98
"Prrg2",21,25,16,37
"Nosip",22,9,18,45
"Rcn3",3,2,4,3
"Gm45669",1,1,0,1
"Fcgrt",1,0,0,0
"Rps11",33,20,30,68
"Rpl13a",30,43,30,33
"Flt3l",17,10,16,53
"Aldh16a1",12,7,10,18
"Pih1d1",3,1,5,11
"Kash5",0,1,0,3
"Tead2",0,0,0,0
"Cd37",3,0,0,1
"Trpm4",22,6,25,69
"Hrc",0,0,0,0
"Ppfia3",23,27,14,70
"Mtag2",0,1,1,1
"Lin7b",2,0,0,3
"Gm45619",0,0,1,0
"Snrnp70",895,547,774,2158
"Ruvbl2",4,6,3,18
"Gys1",22,16,15,41
"Ftl1",16,41,37,64
"Bax",24,16,21,55
"Dhdh",30,13,37,78
"Tulp2",6,2,3,12
"Nucb1",60,42,65,125
"Gm57220",0,1,1,0
"Ppp1r15a",154,56,78,227
"Plekha4",52,14,59,98
"Gm45564",1,0,0,1
"Hsd17b14",2,0,2,5
"0610005C13Rik",3,3,0,7
"Bcat2",20,29,22,73
"Gm31479",1,2,0,0
"Fut1",1,0,0,0
"Izumo1",0,0,0,2
"Rasip1",0,0,1,0
"A030001D20Rik",3,2,3,4
"Mamstr",1,0,0,0
"Fut2",0,0,0,2
"Sec1",0,1,1,3
"Car11",2,4,3,7
"Dbp",159,60,206,518
"Sphk2",22,10,6,49
"Rpl18",140,38,202,245
"Fam83e",21,2,31,61
"Spaca4",0,0,0,0
"Sult2b1",20,7,15,34
"Gm31597",8,1,3,11
"Lmtk3",91,60,69,221
"Cyth2",17,9,17,36
"Kcnj14",0,0,0,3
"Grwd1",0,1,2,5
"Grin2d",4,4,1,15
"Kdelr1",15,13,29,74
"Syngr4",0,0,0,0
"Tmem143",4,2,5,17
"Emp3",4,0,0,2
"Odad1",41,22,38,80
"Abcc6",1,1,2,2
"Nomo1",40,31,32,86
"Kcnj11",44,35,40,83
"Abcc8",3667,2255,3588,9015
"Gm45486",84,55,81,204
"Ush1c",522,360,440,1176
"Kcnc1",2,2,3,8
"Sergef",104,71,107,267
"Gm45311",1,1,0,5
"Gm15700",0,0,1,0
"Saal1",6,2,7,10
"Saa3",0,2,0,0
"Hps5",70,40,49,167
"Gm45309",0,0,1,3
"Gtf2h1",80,41,79,190
"Ldha",0,1,0,0
"Tsg101",46,41,54,109
"Uevld",22,16,17,53
"C86187",0,0,0,1
"Spty2d1",101,39,67,189
"Gm32031",10,12,6,24
"Tmem86a",5,2,5,7
"Mrgpra6",0,0,1,0
"Mrgpra2b",0,0,0,0
"Zdhhc13",56,22,34,130
"Nav2",6297,4184,5882,14714
"Gm32849",39,24,36,69
"9130015G15Rik",35,21,29,79
"Htatip2",4,6,9,13
"Prmt3",84,53,60,178
"Nell1",2404,1078,1083,5407
"Nell1os",10,5,5,17
"4933405O20Rik",5,3,1,15
"Gm29296",1,1,6,13
"Fancf",1,3,0,2
"Gas2",81,49,113,303
"Svip",17,12,17,48
"Luzp2",5,24,4,6
"Siglech",1,0,0,0
"Tubgcp5",68,58,71,210
"Cyfip1",115,66,136,278
"Nipa2",66,27,86,213
"A230056P14Rik",10,7,5,12
"Nipa1",30,37,56,78
"Gm34121",0,2,1,7
"Herc2",503,252,332,1008
"Oca2",0,2,0,1
"Gabrg3",7,3,21,4
"Gabra5",8,4,2,18
"Gabrb3",817,371,553,1562
"Atp10a",9,6,34,29
"Ube3a",261,154,271,586
"Snhg14",20,21,30,62
"Snrpn",12,11,14,29
"B230209E15Rik",2,0,2,1
"A230057D06Rik",8639,3852,9307,22970
"A330076H08Rik",4216,1923,4861,11671
"Gm9801",1,1,3,12
"Ndn",3,2,6,3
"Chrna7",5,0,4,3
"Otud7a",889,384,513,1581
"Klf13",655,166,693,2306
"Gm27252",4,0,4,6
"Gm57239",1,0,4,13
"E030018B13Rik",0,1,0,2
"Gm32633",8,3,10,18
"Trpm1",0,0,0,0
"Mtmr10",50,26,61,120
"Gm20457",13,7,13,29
"Fan1",67,35,52,167
"Mphosph10",46,21,27,89
"Mcee",8,4,12,20
"Apba2",0,0,0,3
"Entrep2",97,38,77,224
"Nsmce3",4,10,7,17
"Tjp1",2974,1464,2040,6103
"Gm57226",3,4,1,5
"ENSMUSG00000121315",3,2,1,5
"BC046251",10,7,16,24
"Tarsl2",68,29,44,118
"Tm2d3",20,9,13,26
"1810008I18Rik",31,14,34,73
"Gm20684",0,1,1,1
"Pcsk6",136,101,119,356
"Snrpa1",26,12,22,45
"Selenos",70,70,62,182
"Gm26827",2,0,0,5
"Chsy1",8,12,16,27
"Lrrk1",34,50,51,97
"Gm44752",0,0,0,0
"Gm10974",0,0,0,0
"Aldh1a3",3,29,3,23
"Asb7",64,65,65,166
"Lins1",6,8,14,25
"Cers3",0,0,1,1
"Adamts17",262,72,114,502
"Gm57242",1,1,0,0
"1700112J16Rik",4,3,4,8
"Lysmd4",12,17,10,37
"Mef2a",389,182,340,908
"Lrrc28",70,43,83,187
"Ttc23",49,33,51,112
"Synm",0,0,0,12
"Gm39027",0,0,0,2
"Igf1r",834,523,871,2320
"Pgpep1l",2,0,0,1
"Fam169b",1,2,0,0
"Gm16158",0,0,0,1
"Arrdc4",34,7,20,43
"Gm29683",1,1,0,0
"Nr2f2",1,3,1,7
"B130024G19Rik",0,2,0,0
"Gm42397",0,0,0,0
"Mctp2",65,33,116,223
"A730056A06Rik",0,0,0,0
"Rgma",1,1,0,4
"Chd2",438,237,432,951
"Gm44686",10,4,7,8
"Chaserr",216,113,248,459
"Gm57236",6,2,4,3
"Fam174b",208,96,114,349
"Gm10619",2,1,1,4
"Gm21269",2,3,2,1
"St8sia2",8,0,4,8
"Slco3a1",393,291,412,1008
"Gm7580",2,0,0,1
"Sv2b",151,108,249,541
"1500012K07Rik",2,1,1,8
"Akap13",1005,534,718,2531
"AU020206",0,2,0,0
"Klhl25",4,2,5,13
"Agbl1",3,3,3,9
"Ntrk3",11,2,1,18
"Mrpl46",3,4,2,10
"Mrps11",6,5,5,17
"Det1",8,8,13,28
"Gm57212",236,147,159,535
"Aen",11,15,24,57
"Isg20",17,16,48,49
"Hapln3",1,0,0,0
"Mfge8",0,0,0,2
"Abhd2",1043,276,536,2536
"Fanci",0,1,1,5
"Polg",42,15,22,76
"Kif7",0,0,1,1
"Pex11a",11,8,12,53
"Wdr93",20,5,10,29
"Mesp1",3,3,6,15
"Anpep",57,69,110,202
"Ap3s2",93,72,102,242
"5430400D12Rik",1,1,4,5
"Arpin",10,8,3,16
"Zfp710",145,84,75,271
"Gm21057",8,4,6,14
"Gm44949",7,4,6,10
"Idh2",144,104,105,342
"Sema4b",57,44,67,134
"Cib1",6,7,1,10
"Gdpgp1",6,5,2,8
"Ttll13",11,7,16,29
"Ngrn",13,13,11,20
"Vps33b",52,22,37,95
"Rccd1",15,6,32,66
"Prc1",2,3,0,6
"Unc45a",129,46,106,353
"Hddc3",3,5,2,11
"Man2a2",113,60,113,292
"Fes",9,3,4,22
"Furin",46,23,35,115
"Blm",24,7,31,60
"Crtc3",218,133,206,480
"Gm15880",0,1,0,0
"Iqgap1",762,335,448,1411
"Gm44649",9,6,3,10
"Zscan2",5,8,4,20
"Wdr73",21,13,9,38
"Nmb",6,1,7,18
"Sec11a",75,69,88,232
"Gm44899",15,14,18,40
"Zfp592",128,84,93,277
"Alpk3",1,1,0,9
"Slc28a1",0,1,0,4
"Pde8a",425,252,452,1240
"Rps17",24,16,20,67
"Cpeb1",346,241,335,938
"Ap3b2",175,126,133,379
"2900076A07Rik",43,28,39,103
"Fsd2",0,1,1,1
"Whamm",58,32,43,148
"Homer2",3,0,0,6
"Ramac",6,4,3,25
"3110040N11Rik",19,7,9,31
"Gm45016",0,1,0,0
"Btbd1",86,73,73,249
"Tm6sf1",2,2,1,13
"Hdgfl3",163,101,129,409
"Sh3gl3",0,1,0,1
"Adamtsl3",0,0,0,0
"Saxo2",4,1,6,15
"Efl1",144,77,130,327
"4933406J10Rik",0,0,1,0
"Gm36584",2,2,2,3
"Mex3b",0,0,2,5
"5930435M05Rik",0,0,0,0
"Tmc3",0,1,0,1
"Gm16638",14,5,10,19
"Stard5",49,31,34,139
"Il16",4,0,1,0
"Tlnrd1",4,2,2,3
"Mesd",12,8,20,54
"Cemip",8,3,2,35
"Abhd17c",80,32,44,153
"Gm26708",2,2,0,0
"Arnt2",132,53,78,270
"Gm30873",0,0,0,1
"Ctxnd1",39,21,15,41
"Fah",27,8,8,37
"Zfand6",296,195,244,668
"2610206C17Rik",15,5,36,41
"Nox4",0,0,1,4
"Grm5",0,0,0,3
"Ctsc",0,0,0,0
"Gm44751",0,0,0,0
"Rab38",0,1,0,6
"Tmem135",330,182,360,860
"Fzd4",0,0,0,1
"AI314278",0,0,0,1
"Prss23",5,0,6,3
"Me3",379,114,276,635
"Ccdc81",2,0,1,0
"Hikeshi",13,10,7,25
"Eed",48,34,47,127
"E230029C05Rik",3,5,8,16
"2310010J17Rik",1,2,3,6
"Gm57211",1,0,0,1
"Picalm",292,175,261,757
"Sytl2",0,4,10,3
"Ccdc89",1,1,0,2
"Crebzf",65,36,79,148
"Tmem126a",5,12,16,32
"Tmem126b",5,3,10,8
"Dlg2",1659,1246,2329,3572
"Gm45159",60,60,79,109
"4930567K12Rik",1,0,1,2
"Ccdc90b",18,13,11,29
"Ankrd42",31,23,40,87
"Gm26944",19,10,17,40
"Pcf11",287,104,266,729
"Gm26981",0,1,3,2
"4632427E13Rik",138,89,141,297
"Rab30",4,7,10,7
"Ddias",2,2,2,5
"Prcp",7,5,4,7
"Gm32647",6,19,16,2
"Tenm4",1557,837,1124,2711
"Gm15414",7,2,7,6
"Gm15413",0,1,0,1
"C230038L03Rik",2,2,2,5
"Nars2",132,74,108,278
"Gab2",267,213,314,750
"Usp35",229,168,169,462
"Kctd21",3,9,12,16
"Alg8",20,21,11,50
"Ndufc2",15,21,29,40
"Thrsp",0,0,0,1
"Kctd14",0,0,1,0
"Ints4",82,54,64,177
"Aamdc",15,14,16,39
"Rsf1",412,228,388,798
"Rsf1os1",5,8,8,5
"Rsf1os2",15,4,11,13
"Clns1a",16,28,17,40
"Aqp11",8,15,13,42
"Pak1",34,11,46,109
"Myo7a",13,12,11,32
"Capn5",43,38,34,92
"Omp",0,2,0,1
"Gm16938",3,1,0,2
"B3gnt6",1,0,0,0
"Acer3",56,28,77,161
"Tsku",1,0,0,2
"Lrrc32",0,0,0,0
"Emsy",149,72,109,361
"4930558N01Rik",3,7,6,12
"Thap12",11,6,8,23
"Uvrag",451,264,413,1121
"Gm45188",0,1,0,0
"Gm45187",1,0,0,0
"Dgat2",10,2,19,28
"Map6",120,55,80,285
"Gm45591",1,0,0,5
"Serpinh1",7,1,1,5
"Gdpd5",0,0,1,0
"Klhl35",0,1,0,1
"Rps3",2,9,24,11
"Arrb1",5,9,13,14
"Tpbgl",0,0,0,0
"Slco2b1",0,1,0,0
"Neu3",3,6,3,8
"Spcs2",92,108,88,210
"Xrra1",9,5,8,15
"Gm38405",1,3,2,5
"Rnf169",224,134,181,537
"Pold3",69,57,65,175
"Lipt2",0,0,0,0
"Pgm2l1",27,8,38,66
"Ppme1",127,95,111,356
"C2cd3",220,145,176,492
"Gm10603",2,1,1,9
"Ucp3",0,1,1,4
"Ucp2",92,37,69,171
"Dnajb13",3,1,2,10
"Coa4",0,0,2,0
"Mrpl48",39,38,51,118
"Rab6a",193,110,192,476
"Plekhb1",6,6,8,14
"Fam168a",313,217,230,672
"Relt",38,13,10,50
"Arhgef17",123,61,109,266
"P2ry6",3,0,0,3
"P2ry2",1,0,0,0
"Fchsd2",333,163,322,764
"Atg16l2",233,101,222,551
"Stard10",66,41,56,148
"Gm20476",0,0,0,0
"Gm45620",0,1,0,1
"Arap1",90,42,81,169
"Pde2a",0,0,2,4
"Gm35363",0,1,0,0
"Gm57204",0,0,0,1
"Clpb",96,88,109,290
"Inppl1",66,38,53,194
"Gm10602",2,1,6,8
"Folr2",5,4,7,8
"Folr1",20,16,33,41
"Anapc15",5,8,8,22
"Tomt",0,0,1,1
"Lamtor1",27,19,33,59
"Lrrc51",6,7,6,15
"Numa1",398,213,252,679
"Il18bp",7,10,12,39
"Rnf121",53,53,50,139
"Xndc1",57,37,44,123
"Art5",1,0,0,1
"Nup98",307,154,284,795
"Pgap2",87,45,86,241
"Rhog",2,0,0,4
"Stim1",495,248,395,1200
"Rrm1",23,8,22,55
"Trim21",7,3,9,15
"Or52k2",0,0,1,0
"Trim68",28,9,13,35
"Or51e1",0,0,0,2
"Or51e2",0,0,0,0
"Trim6",2,4,3,4
"Trim34a",12,5,11,51
"Trim5",3,0,1,7
"Trim12a",15,8,4,27
"Gm15133",0,0,0,0
"Trim12c",11,3,5,25
"Trim30b",0,0,0,0
"Trim30c",1,0,0,0
"Trim30a",1,1,0,0
"Trim30d",0,0,1,1
"Fhip1b",95,27,80,228
"Gm45885",2,2,1,5
"Cavin3",0,1,0,0
"Smpd1",6,8,2,2
"Apbb1",28,22,23,82
"Hpx",1,3,1,2
"Trim3",48,31,43,133
"Arfip2",32,34,21,78
"Timm10b",12,14,14,28
"Dnhd1",73,58,39,118
"Rrp8",8,5,10,13
"Ilk",20,9,11,40
"Taf10",4,3,11,2
"Tpp1",57,34,62,158
"Dchs1",0,0,0,0
"Mrpl17",4,3,14,14
"Gvin2",0,0,0,0
"Gvin1",0,0,0,0
"ENSMUSG00000121501",2,1,0,0
"Syt9",109,65,98,206
"Olfml1",0,0,0,1
"Ppfibp2",0,0,1,4
"Eif3f",13,12,12,21
"Tub",2,1,0,1
"Ric3",76,48,81,208
"Lmo1",9,12,16,29
"Stk33",72,47,89,235
"1700095J03Rik",4,3,7,10
"Trim66",16,17,8,33
"Rpl27a",40,38,30,84
"Dennd2b",229,152,178,623
"Akip1",0,0,5,3
"Tmem9b",22,8,29,70
"Nrip3",13,7,11,43
"Scube2",1,2,3,5
"Dennd5a",231,114,201,509
"Tmem41b",66,42,63,191
"1600010M07Rik",20,14,15,47
"Ipo7",89,50,73,207
"Zfp143",24,20,23,73
"Wee1",54,19,49,135
"Swap70",1,3,5,6
"Sbf2",389,187,418,1070
"Gm28863",0,0,0,0
"Ampd3",2,1,6,3
"Rnf141",124,85,160,311
"Lyve1",8,6,6,10
"Irag1",0,0,0,0
"Ctr9",99,69,118,200
"Eif4g2",240,126,179,572
"Zbed5-ps",13,26,29,58
"Gm57201",0,1,1,1
"Gm57240",0,1,2,2
"5430402P08Rik",1,2,1,2
"Galnt18",1361,1049,2342,7081
"Usp47",356,224,295,890
"Dkk3",0,0,0,5
"Mical2",411,210,298,826
"Parva",671,341,513,1290
"Parvaos",0,0,3,6
"2310014F06Rik",22,5,20,43
"Tead1",968,366,599,2174
"Rassf10",5,4,2,11
"Arntl",44,37,10,38
"Btbd10",34,34,40,120
"Far1",145,60,104,349
"Far1os",4,3,2,9
"Spon1",0,3,0,0
"Rras2",101,58,82,203
"Copb1",213,116,182,466
"Psma1",34,29,37,83
"4933406I18Rik",695,622,1095,2208
"Pde3b",915,448,915,2365
"Cyp2r1",5,1,2,4
"Calca",0,3,0,17
"Insc",1,0,0,0
"Gm34225",54,33,65,100
"Sox6",65,35,89,106
"1110004F10Rik",54,40,40,98
"1700003G18Rik",2,1,0,4
"Plekha7",124,72,167,272
"Rps13",17,5,30,45
"Gm44777",3,4,3,8
"Pik3c2a",318,199,296,827
"AV356131",3,2,1,3
"Nucb2",44,68,42,108
"Gm45151",0,4,3,6
"4732496C06Rik",0,1,1,2
"Xylt1",82,27,13,103
"Rps15a",14,16,33,52
"Arl6ip1",31,16,16,40
"Smg1",854,429,642,1949
"4930583K01Rik",2,0,0,0
"Syt17",7,0,6,15
"Itpripl2",0,0,0,0
"Coq7",10,7,8,27
"Tmc7",43,15,28,122
"Tmc5",0,1,0,0
"Gde1",160,71,118,409
"Ccp110",46,18,44,91
"Vps35l",163,112,145,391
"Gm44549",0,0,0,4
"Knop1",54,31,37,92
"Iqck",27,16,45,111
"Gm44763",1,0,0,2
"Gprc5b",2,1,1,4
"Thumpd1",25,12,15,66
"Eri2",18,8,17,33
"Rexo5",18,8,10,19
"Dcun1d3",108,50,80,259
"Lyrm1",27,23,19,68
"Tmem159",17,10,20,59
"Zp2",2,0,1,7
"Anks4b",36,29,20,61
"Crym",4,0,0,3
"Abca14",6,6,27,33
"Uqcrc2",57,47,63,136
"9030407P20Rik",3,1,2,9
"Mosmo",106,61,65,227
"Vwa3a",5,2,3,14
"Eef2k",29,19,26,74
"Polr3e",43,19,23,97
"Cdr2",36,27,12,80
"Mfsd13b",4,5,4,7
"Mettl9",95,82,69,229
"Igsf6",1,0,0,4
"Otoa",20,2,8,44
"Hs3st2",0,0,0,1
"4933432K03Rik",4,3,0,4
"Usp31",168,84,82,282
"Scnn1g",18,2,6,24
"Scnn1b",321,151,174,606
"Cog7",102,67,82,183
"Gm44987",1,0,1,5
"Gga2",92,63,89,219
"Ears2",30,37,26,60
"Ubfd1",21,24,17,78
"Ndufab1",20,12,19,36
"Palb2",3,2,2,3
"Dctn5",35,18,28,70
"Gm15489",5,2,4,12
"Plk1",2,0,0,0
"Ern2",0,0,0,3
"Chp2",1,0,0,1
"Prkcb",1006,694,1093,3052
"Cacng3",22,23,36,37
"Rbbp6",211,191,253,620
"Gm20274",9,1,1,14
"Gm45847",68,32,68,222
"Tnrc6a",905,576,863,2443
"Arhgap17",130,82,116,386
"Lcmt1",39,27,26,83
"Zkscan2",48,30,43,122
"Hs3st4",1,0,0,0
"3100003L05Rik",1,0,0,1
"4933440M02Rik",19,14,28,62
"Kdm8",9,8,9,32
"Nsmce1",17,8,17,52
"Il4ra",3,3,6,8
"Il21r",0,2,0,0
"Gtf3c1",221,99,170,591
"Katnip",197,95,183,481
"Gsg1l",0,5,5,4
"Xpo6",221,128,180,565
"1700123J17Rik",0,0,0,2
"Sbk1",15,10,8,30
"Lat",1,0,0,3
"Spns1",9,10,21,64
"Nfatc2ip",7,6,4,17
"Cd19",3,1,0,0
"Gm57238",1,1,1,0
"Rabep2",25,12,24,66
"Atp2a1",1,0,3,3
"Sh2b1",21,17,13,61
"Tufm",4,0,0,2
"Atxn2l",113,73,96,219
"Eif3c",73,52,76,166
"Cln3",25,16,18,52
"Apobr",0,0,1,2
"Il27",4,3,7,14
"Nupr1",29,5,5,14
"2510046G10Rik",2,1,0,1
"Sgf29",27,15,21,50
"Sult1a1",2,0,0,0
"Slx1b",15,10,14,37
"Bola2",0,3,0,2
"Coro1a",3,1,0,0
"Mapk3",38,19,38,64
"Gdpd3",6,5,8,24
"Gm9967",1,2,2,5
"Ypel3",31,25,45,119
"Tbx6",7,3,8,15
"Ppp4c",77,27,69,172
"Aldoa",38,21,29,72
"Tlcd3b",27,19,54,105
"Aldoa.1",0,0,0,3
"Doc2a",0,0,1,2
"Ino80e",28,29,34,87
"Hirip3",22,17,13,45
"Taok2",159,157,113,323
"Tmem219",157,87,127,338
"Gm20650",3,1,1,5
"Kctd13",17,16,26,49
"Asphd1",8,15,15,17
"Gm57228",8,8,12,16
"Sez6l2",125,170,228,371
"Cdiptos",1,0,3,2
"Cdipt",9,12,16,36
"Mvp",61,20,81,134
"Pagr1a",0,1,2,0
"Maz",24,26,23,54
"Kif22",1,1,1,7
"Gm31749",3,2,7,2
"Zg16",1,0,0,4
"AI467606",1,2,0,2
"Spn",0,0,0,0
"Cd2bp2",3,9,6,22
"Tbc1d10b",19,15,17,55
"Mylpf",1,1,1,2
"Septin1",8,2,1,9
"Zfp553",2,6,2,5
"Zfp771",16,16,18,38
"Dctpp1",2,1,1,0
"Sephs2",2,3,4,17
"Itgal",0,1,0,0
"Zfp768",3,1,0,3
"Zfp747",0,1,3,1
"9130019O22Rik",0,5,0,4
"E430018J23Rik",5,0,2,4
"Zfp764",4,4,1,0
"Zfp688",13,8,8,12
"Gm45184",3,2,1,0
"Zfp689",0,2,3,1
"B130055M24Rik",28,37,36,48
"Prr14",36,45,36,98
"Fbrs",65,32,46,109
"1700008J07Rik",1,1,4,3
"Srcap",360,167,303,743
"Gm28198",5,1,10,8
"Tmem265",21,12,40,58
"Phkg2",60,38,46,123
"Ccdc189",8,7,13,30
"Rnf40",70,28,50,200
"Gm44759",9,4,5,21
"Zfp629",11,12,19,47
"Bcl7c",14,20,27,70
"Gm39090",1,0,0,6
"Ctf1",2,0,0,1
"Fbxl19",39,22,32,78
"Orai3",4,0,6,9
"Setd1a",69,34,80,164
"Hsd3b7",2,3,4,5
"Stx1b",0,1,2,1
"Stx4a",28,12,18,62
"Zfp668",9,5,8,14
"Zfp646",13,31,14,62
"Prss53",26,25,8,29
"Vkorc1",4,7,11,11
"Bckdk",12,14,14,28
"Kat8",23,18,28,53
"Prss8",2,3,2,6
"Prss36",10,6,8,23
"Fus",677,318,506,1492
"Pycard",9,3,3,30
"Trim72",5,2,1,6
"Itgam",0,0,0,1
"Itgax",0,0,0,0
"Itgad",0,1,0,0
"4931431B13Rik",3,0,0,4
"Cox6a2",3,4,0,0
"Gm44850",10,14,0,5
"9130023H24Rik",1,4,2,1
"Armc5",5,8,4,22
"Tgfb1i1",0,0,0,2
"Slc5a2",0,1,1,1
"Rusf1",40,33,27,64
"Rgs10",0,0,1,0
"Gm15503",0,0,0,0
"Tial1",194,117,195,500
"Gm32816",0,1,0,0
"Bag3",40,26,25,52
"Inpp5f",158,89,135,363
"Mcmbp",83,44,78,194
"Sec23ip",103,78,94,256
"Gm32884",1,0,1,4
"Wdr11",77,49,110,181
"Fgfr2",152,99,141,320
"Ate1",97,38,84,217
"Gm44647",0,1,1,0
"Nsmce4a",27,17,19,54
"Tacc2",350,230,293,974
"Btbd16",0,0,2,5
"Plekha1",187,172,153,375
"Htra1",0,0,0,0
"2310057M21Rik",18,9,6,31
"Pstk",14,11,13,34
"Gm44623",0,0,1,3
"Ikzf5",25,18,16,59
"Acadsb",140,118,174,471
"Gm44982",0,1,1,2
"Bub3",10,11,18,21
"Chst15",0,1,0,0
"Oat",1,2,0,1
"Lhpp",5,2,15,13
"Fam53b",5,6,3,12
"Eef1akmt2",4,5,3,12
"Abraxas2",63,30,25,93
"1500002F19Rik",0,0,1,0
"Gm45502",1,0,1,1
"Zranb1",442,204,348,1034
"Ctbp2",62,22,47,120
"4930483O08Rik",3,2,0,8
"Edrf1",97,65,73,246
"Mmp21",1,0,1,1
"Uros",28,26,25,50
"Bccip",44,21,20,79
"Dhx32",185,111,149,463
"Gm45670",1,1,1,2
"Fank1",27,18,22,43
"Adam12",6,1,2,3
"D7Ertd443e",0,0,0,3
"Dock1",60,39,36,200
"Insyn2a",0,1,2,6
"Ptpre",1,3,0,0
"5830432E09Rik",0,1,0,0
"Mki67",0,5,0,0
"C030029H02Rik",24,30,35,54
"Gm6249",0,0,0,0
"Mgmt",128,83,130,305
"Ebf3",0,0,0,7
"9430038I01Rik",5,8,7,8
"Glrx3",44,37,46,139
"Tcerg1l",0,4,0,3
"Mapk1ip1",87,54,62,271
"Ppp2r2d",138,62,112,340
"Bnip3",23,12,44,75
"Gm45507",0,0,0,2
"Jakmip3",5,5,19,8
"Stk32c",2,8,6,9
"Lrrc27",22,10,29,71
"Pwwp2b",14,4,14,40
"Inpp5a",497,267,382,1387
"Cfap46",31,10,24,55
"Adgra1",0,2,0,1
"Kndc1",14,8,6,24
"Gm16201",0,3,6,2
"Spef1l",1,0,4,2
"Adam8",5,1,1,3
"Tubgcp2",43,36,20,92
"Zfp511",15,7,7,23
"Caly",4,2,3,4
"Prap1",1,0,0,3
"Fuom",8,9,10,26
"Echs1",25,12,14,48
"Paox",3,2,4,11
"Mtg1",3,3,8,10
"Scart1",0,0,0,0
"Or13a18",0,1,1,2
"Syce1",4,0,1,1
"Zfp941",10,17,11,30
"Urah",0,0,1,0
"Bet1l",35,15,38,130
"Ric8a",36,12,17,73
"Sirt3",29,32,30,83
"Psmd13",62,43,51,147
"Pgghg",16,9,16,28
"Ifitm2",0,3,0,2
"Ifitm1",0,0,0,0
"Ifitm3",0,0,0,1
"B4galnt4",4,7,5,18
"Pkp3",7,5,9,22
"Sigirr",9,9,18,48
"Ano9",5,6,8,11
"Ptdss2",45,22,26,68
"Rnh1",58,27,52,136
"Gm57245",0,3,1,1
"Hras",1,1,3,8
"Lrrc56",14,8,13,43
"Lmntd2",17,9,12,35
"Rassf7",7,2,5,30
"Phrf1",110,70,104,278
"Irf7",5,0,0,2
"Deaf1",63,32,39,130
"Tmem80",22,19,34,56
"Eps8l2",159,81,158,298
"B230206H07Rik",5,1,6,5
"Taldo1",8,9,12,28
"Gatd1",15,15,5,6
"Slc25a22",7,9,12,13
"Pidd1",3,3,1,6
"Rplp2",10,32,42,68
"Pnpla2",6,3,6,23
"Cracr2b",3,5,2,7
"Gm10575",1,2,4,2
"Cd151",5,1,4,5
"Polr2l",0,1,1,5
"Tspan4",2,1,5,5
"Chid1",64,35,28,95
"Ap2a2",174,122,156,422
"Gm16982",0,0,1,0
"Muc6",0,0,0,0
"Tollip",38,18,34,80
"Gm20501",6,1,4,2
"Brsk2",50,36,31,136
"Mob2",128,68,110,364
"Dusp8",46,9,45,122
"Gm32786",6,2,3,21
"Ifitm10",6,5,9,8
"Ctsd",27,29,22,68
"Lsp1",0,4,0,0
"Mrpl23",5,4,7,4
"Nctc1",0,0,0,0
"Gm33148",0,1,0,1
"Gm49394",1,0,0,0
"Igf2os",0,0,1,1
"Ins2",5999,6032,6342,10825
"Gm39117",0,0,1,5
"Th",10,47,22,40
"Tspan32os",3,1,1,1
"Tspan32",0,0,0,0
"R74862",30,13,12,66
"Cd81",51,29,55,96
"Trpm5",22,15,9,31
"Tssc4",35,19,31,82
"Kcnq1",63,16,34,121
"Kcnq1ot1",1108,986,1295,2698
"4933417O13Rik",0,0,4,2
"Cdkn1c",1,0,0,2
"Slc22a18",5,4,5,12
"Nap1l4",108,69,94,284
"Cars",84,31,62,216
"Tnfrsf26",0,0,0,0
"E230032D23Rik",0,0,1,2
"Tnfrsf22",9,12,9,14
"Tnfrsf23",27,28,56,119
"Osbpl5",58,34,75,141
"Mrgpre",0,1,0,1
"Nadsyn1",12,8,13,34
"Dhcr7",8,8,10,22
"Shank2",91,47,82,142
"Gm14372",5,1,2,2
"Cttn",46,29,46,148
"Ppfia1",292,136,270,803
"Fadd",0,1,0,3
"Ano1",0,10,0,0
"Bc1",10,10,18,23
"LTO1",20,16,16,56
"Ccnd1",47,50,53,103
"Tpcn2",15,10,20,37
"Insr",279,169,274,643
"Arhgef18",84,71,87,249
"Pex11g",7,7,5,16
"Tex45",0,3,4,12
"Zfp358",1,1,4,0
"Mcoln1",23,18,23,69
"Pnpla6",44,37,36,99
"Camsap3",14,6,8,28
"Xab2",14,6,13,28
"Pet100",10,3,6,13
"Stxbp2",32,32,31,81
"Trappc5",0,2,3,6
"Fcer2a",1,1,0,1
"4932443L11Rik",6,2,2,17
"Evi5l",59,43,69,160
"Prr36",5,0,3,13
"Lrrc8e",0,0,0,1
"Map2k7",75,35,63,165
"Tgfbr3l",13,8,7,41
"Snapc2",2,5,5,12
"Ctxn1",1,1,2,2
"Timm44",83,53,60,189
"Elavl1",126,76,124,411
"Ccl25",68,51,55,166
"Cers4",66,45,54,149
"Zfp958",9,14,18,27
"Gm6410",0,1,0,2
"Shcbp1",0,0,0,1
"Gm31135",0,0,1,1
"Gm45075",1,2,3,5
"Efnb2",2,0,1,12
"Arglu1",485,209,565,1258
"Gm44626",0,0,1,2
"Nalf1",6862,4617,6257,15897
"Lig4",3,0,0,4
"Abhd13",18,25,12,41
"Tnfsf13b",1,4,2,6
"Myo16",4,3,10,8
"Gm32540",1,0,3,2
"4833411C07Rik",5,2,8,13
"3930402G23Rik",5,2,3,6
"Gm44956",6,2,0,19
"Irs2",1138,532,987,1968
"9530052E02Rik",128,93,55,259
"B830042I05Rik",0,0,0,1
"Gm44717",9,5,14,14
"Gm15418",132,34,78,232
"Col4a1",27,22,29,38
"Col4a2",1,6,0,0
"Gm15419",0,0,0,0
"Rab20",19,10,21,20
"E230013L22Rik",0,1,0,4
"Naxd",32,42,23,78
"Cars2",58,34,27,117
"Ing1",4,5,5,22
"Ankrd10",247,154,200,511
"Spaca7b",0,0,0,0
"Arhgef7",346,117,286,708
"Tex29",2,0,2,4
"Tubgcp3",123,62,89,251
"4931415C17Rik",1,0,0,2
"Atp11a",213,121,137,502
"Gm15350",2,0,0,1
"Gm15347",3,0,1,5
"Mcf2l",643,283,454,1181
"Gm15353",0,0,0,0
"Gm15351",7,12,20,31
"F7",4,3,2,7
"F10",9,2,8,18
"Proz",0,1,3,3
"Gm17023",1,2,5,6
"Pcid2",35,18,38,100
"Cul4a",156,118,138,358
"Lamp1",68,62,72,177
"Grtp1",108,47,113,223
"2810030D12Rik",8,7,11,18
"Dcun1d2",60,55,62,175
"Tmco3",95,48,61,209
"Tfdp1",92,66,68,207
"Tmem255b",0,0,0,0
"Gas6",0,2,3,10
"1700029H14Rik",0,0,0,1
"Rasa3",14,6,8,32
"Cdc16",54,45,40,120
"Upf3a",19,19,23,62
"Champ1",6,5,11,35
"Coprs",6,7,1,7
"Fbxo25",30,14,27,80
"Tdrp",34,10,11,65
"Erich1",44,26,60,109
"Dlgap2",75,36,85,153
"Cln8",3,1,2,6
"Arhgef10",21,30,25,57
"Kbtbd11",1,1,0,0
"Gm45408",1,0,0,1
"Csmd1",1,0,0,4
"Mcph1",139,96,111,343
"Gm16725",1,0,0,3
"Angpt2",18,13,25,35
"Gm56833",1,1,0,1
"Agpat5",41,24,39,63
"Gm39139",1,0,0,1
"Potefam3e",0,1,2,1
"2610005L07Rik",106,59,136,275
"Potefam3a",1,0,4,2
"6820431F20Rik",218,174,273,563
"Potefam3f",0,1,0,3
"Gm56847",7,7,12,19
"Gm56829",19,14,17,41
"Potefam3b",3,0,5,1
"Defb1",120,162,86,304
"Atp7b",0,3,4,10
"Alg11",9,6,11,23
"Nek5",41,21,49,140
"Nek3",34,9,14,59
"Ckap2",0,2,0,0
"Vps36",49,12,44,81
"Thsd1",7,3,8,17
"Slc25a15",2,9,2,10
"1810012K16Rik",1,0,1,0
"Mrps31",16,10,4,35
"Smim19",15,13,18,60
"Slc20a2",85,53,105,210
"Gm17491",41,21,25,132
"Vdac3",29,22,16,46
"Polb",132,70,103,263
"Ikbkb",106,63,109,256
"Gm15346",0,0,0,4
"Plat",1,0,2,3
"Ap3m2",46,23,54,80
"1700041G16Rik",7,2,8,6
"Kat6a",283,146,222,619
"Ank1",4,3,3,22
"Gm15816",0,0,0,0
"Nkx6-3",0,0,1,0
"Gpat4",70,45,45,162
"Gins4",2,2,5,15
"Golga7",13,10,9,46
"Sfrp1",2,0,0,0
"Zmat4",3,0,0,1
"Tcim",1,5,0,2
"Adam5",2,0,2,1
"Adam32",3,6,10,29
"Adam9",81,58,76,257
"Tm2d2",5,10,7,37
"Htra4",0,0,0,1
"Plekha2",57,33,51,118
"5830408C22Rik",5,0,0,18
"Tacc1",358,227,339,894
"Gm30978",0,0,0,1
"Gm45237",1,0,1,0
"Gm31045",12,5,6,17
"Fgfr1",31,23,22,94
"Gm16159",0,0,1,1
"Letm2",68,34,56,170
"Gm45570",0,0,1,2
"D830025C05Rik",4,10,0,11
"Nsd3",622,435,679,1646
"Plpp5",42,45,49,97
"Ddhd2",182,65,111,365
"Gm17484",3,3,12,12
"Bag4",35,25,31,98
"Lsm1",18,23,22,42
"Star",7,3,4,33
"Ash2l",53,60,49,138
"Kcnu1",34,16,12,55
"Hgsnat",40,29,32,123
"Pomk",8,1,1,7
"Fnta",63,31,47,119
"Hook3",334,206,273,708
"1700047A11Rik",0,2,1,1
"Rnf170",33,50,43,110
"Gm45250",7,6,4,10
"Thap1",3,1,3,7
"Gm31784",1,1,2,1
"Gm45307",13,7,6,9
"Gm39150",3,2,2,6
"Zfp703",0,1,0,2
"Gm45371",1,0,0,0
"Erlin2",23,14,23,53
"Proscos",5,4,3,9
"Plpbp",147,69,107,341
"Adgra2",0,0,1,0
"Brf2",3,1,4,5
"Rab11fip1",31,10,22,73
"Gm45267",1,0,2,2
"Eif4ebp1",2,2,0,4
"Poteg",0,0,0,1
"Unc5d",1,1,6,25
"Dusp26",16,14,30,39
"Rnf122",3,2,13,19
"Tti2",14,11,22,28
"Mak16",11,17,14,33
"Fut10",39,20,44,95
"Gm38572",0,0,0,3
"Nrg1",2472,1772,3329,8907
"Wrn",195,81,142,427
"Purg",66,36,44,123
"Tex15",0,2,7,2
"Ppp2cb",72,27,46,103
"Ubxn8",10,4,10,16
"Gsr",82,54,49,174
"1700104B16Rik",0,0,1,0
"Gtf2e2",101,47,47,171
"Smim18",2,0,2,1
"Rbpms",851,466,674,1987
"Gm26632",19,12,20,27
"Gm26978",0,0,0,1
"Gm39157",0,5,2,2
"Dctn6",32,22,19,99
"Gm10131",1,1,0,0
"Leprotl1",14,7,19,39
"Saraf",400,139,323,924
"B930018H19Rik",20,5,18,23
"Gm56826",2,2,5,3
"Gm56852",1,3,3,3
"Dusp4",63,13,54,95
"Tnks",485,223,389,1052
"Gm45469",0,0,0,1
"Ppp1r3b",1,0,1,2
"Eri1",14,13,13,45
"Mfhas1",45,18,26,90
"Cldn23",4,3,6,6
"Prag1",1,0,0,0
"Lonrf1",168,25,193,641
"Trmt9b",285,153,267,648
"Dlc1",7,34,4,7
"AI429214",4,1,0,5
"Sgcz",4303,1936,1975,10326
"Gm40493",0,0,0,1
"Tusc3",301,180,253,712
"Gm6213",0,0,0,0
"Msr1",0,0,1,0
"Fgf20",0,0,1,3
"Micu3",276,161,288,749
"Zdhhc2",929,608,694,1958
"Cnot7",108,69,110,347
"Vps37a",363,182,308,918
"Mtmr7",398,263,456,1046
"Slc7a2",511,469,592,1913
"Pdgfrl",118,65,50,213
"Mtus1",236,103,226,657
"B430010I23Rik",14,4,16,51
"Gm16192",2,3,2,9
"Gm16193",0,2,1,3
"Fgl1",0,0,0,0
"Gm16348",2,0,2,2
"Pcm1",664,330,589,1400
"Asah1",106,44,71,192
"Gm56834",0,0,0,1
"Frg1",55,35,34,131
"2810404M03Rik",13,4,19,25
"Gm9908",0,1,1,4
"Fat1",142,76,135,351
"Gm2366",0,0,0,2
"AY512931",0,0,0,1
"F11",1,0,2,6
"Klkb1",6,5,7,9
"Cyp4v3",51,25,48,124
"Fam149a",54,28,56,133
"Tlr3",13,11,5,24
"Sorbs2",1502,1171,1439,4322
"Gm16351",0,1,1,3
"Sorbs2os",18,29,16,43
"Pdlim3",103,29,31,166
"1700029J07Rik",60,45,44,133
"Ufsp2",59,65,56,134
"Ankrd37",12,4,6,18
"Lrp2bp",11,10,15,44
"Snx25",174,87,154,315
"Cfap97",37,37,31,127
"Gm56864",0,2,0,0
"Slc25a4",39,23,46,96
"Acsl1",61,26,61,211
"Cenpu",0,2,2,11
"Primpol",33,23,28,65
"Casp3",14,7,24,69
"Gm16675",9,5,7,14
"Irf2",350,216,303,839
"Gm45479",1,0,1,1
"Enpp6",0,0,0,0
"E330018M18Rik",0,0,1,1
"Stox2",618,458,576,1632
"Trappc11",121,73,111,287
"Rwdd4a",37,33,56,116
"Gm45576",0,1,0,3
"Ing2",100,67,58,176
"AA386476",8,13,7,28
"Cdkn2aip",46,25,23,98
"E030037K01Rik",0,0,0,0
"1700061N14Rik",0,0,0,0
"Wwc2",11,3,12,9
"Dctd",2,7,3,14
"Tenm3",726,510,755,1747
"Gm19744",1,0,0,0
"4930555F03Rik",12,19,20,28
"Gm45323",0,0,0,0
"Gm45341",0,0,0,0
"C130073E24Rik",0,0,0,0
"Gm45554",0,0,0,0
"Aga",24,29,30,46
"Neil3",0,5,0,1
"Vegfc",26,14,30,68
"Spcs3",64,46,46,153
"Asb5",9,19,21,41
"5330439A09Rik",0,0,1,1
"Spata4",0,0,0,0
"Wdr17",25,9,26,55
"Gpm6a",4,5,1,5
"Glra3",0,1,0,3
"Hpgd",4,3,33,12
"Cep44",44,26,43,138
"Fbxo8",93,50,103,290
"Hand2os1",0,1,0,0
"Hand2",0,0,0,0
"Hdnr",3,0,0,0
"Sap30",3,1,4,6
"2500002B13Rik",6,4,4,10
"Hmgb2",271,60,104,336
"Galnt7",120,87,103,309
"AW046200",5,7,12,5
"Gm45356",0,0,0,0
"Galntl6",1,4,10,7
"Mfap3l",2,2,0,6
"Hpf1",28,20,42,88
"Clcn3",314,161,377,915
"B230317F23Rik",4,2,1,4
"Nek1",187,107,100,318
"Gm16178",1,1,1,1
"Sh3rf1",227,128,168,444
"1700001D01Rik",0,0,0,0
"Cbr4",9,8,10,42
"Palld",34,31,106,100
"Ddx60",59,29,41,156
"Gm45459",0,0,1,0
"Spock3",0,2,2,2
"Tll1",0,0,0,0
"Cpe",2373,1345,2229,5652
"Gm45518",5,1,0,13
"Msmo1",155,124,119,370
"Klhl2",100,43,67,217
"Tmem192",40,17,40,97
"Marchf1",33,42,44,105
"Tma16",9,8,8,15
"Npy1r",1,0,0,0
"Naf1",38,11,22,98
"Nat1",0,1,0,1
"Nat2",1,1,1,8
"Psd3",1005,541,920,2373
"Gm15991",1,2,0,4
"Sh2d4a",0,0,0,0
"Csgalnact1",30,3,22,104
"Ints10",37,25,34,95
"Lpl",24,16,20,69
"Slc18a1",146,128,242,555
"Gm15716",6,5,13,20
"Atp6v1b2",222,137,180,604
"Lzts1",0,0,1,4
"Zfp930",3,11,15,9
"D130040H23Rik",62,50,77,184
"Gm10033",39,38,51,94
"Gm43263",1,0,2,4
"Zfp868",34,17,28,76
"Zfp964",1,5,3,13
"Zfp869",152,64,120,345
"Zfp963",9,6,14,37
"Zfp866",29,27,17,62
"Atp13a1",52,48,42,196
"Gmip",27,13,23,71
"Lpar2",1,0,2,12
"Pbx4",24,18,20,41
"Yjefn3",0,3,1,6
"Ndufa13",10,13,8,29
"Gatad2a",149,98,119,357
"Mau2",161,104,217,477
"Sugp1",90,86,67,218
"Tm6sf2",3,3,0,8
"Hapln4",8,11,9,14
"Rfxank",10,8,6,17
"Nr2c2ap",5,7,6,16
"Borcs8",10,7,5,14
"Mef2b",9,4,8,25
"Tmem161a",26,24,26,74
"Slc25a42",34,32,46,91
"Armc6",4,6,7,18
"Sugp2",95,61,77,222
"Homer3",0,3,0,2
"Ddx49",17,24,24,64
"Cope",56,71,45,145
"Cers1",0,1,1,1
"Upf1",61,45,36,132
"Comp",1,0,0,3
"Crtc1",174,97,192,556
"Klhl26",67,42,85,176
"Tmem59l",11,15,24,23
"Crlf1",3,1,2,6
"Rex1bd",1,3,2,1
"Uba52",6,5,5,6
"Kxd1",13,18,12,65
"Gm56874",2,1,2,4
"Fkbp8",21,24,22,82
"Ell",92,73,69,234
"Isyna1",6,3,10,36
"Ssbp4",49,25,29,108
"Lrrc25",0,0,0,0
"Gdf15",0,0,0,1
"Pgpep1",5,4,6,13
"Lsm4",15,10,11,33
"Jund",685,404,271,1118
"Gm11175",2,1,2,4
"Iqcn",287,72,111,374
"Gm3336",19,9,5,92
"Pde4c",50,42,37,173
"Rab3a",16,8,9,39
"Mpv17l2",4,0,0,3
"Ifi30",13,6,16,32
"Pik3r2",28,15,23,61
"2010320M18Rik",3,1,3,2
"Mast3",194,52,111,415
"Il12rb1",0,0,0,1
"Arrdc2",4,1,6,17
"Kcnn1",4,4,7,23
"Ccdc124",17,11,12,23
"Slc5a5",0,0,0,1
"Rpl18a",14,12,28,46
"Map1s",25,25,26,74
"1700026F02Rik",4,0,6,6
"Gm35256",7,3,2,29
"Haus8",7,5,6,19
"Myo9b",187,115,151,448
"Use1",18,9,17,57
"Gm56873",2,1,0,1
"Ocel1",15,7,11,35
"Nr2f6",8,8,11,20
"Ushbp1",0,0,0,0
"Babam1",31,19,17,72
"Ankle1",1,0,0,1
"Abhd8",9,4,14,29
"Mrpl34",0,0,0,0
"Dda1",24,19,14,43
"Ano8",18,21,18,53
"Gtpbp3",15,7,17,38
"Plvap",0,1,0,1
"Bst2",0,0,2,5
"Mvb12a",18,21,7,24
"Tmem221",0,1,0,0
"Slc27a1",43,21,25,110
"Gm56877",0,0,0,1
"Pgls",23,17,17,49
"Niban3",1,0,0,3
"Colgalt1",52,25,27,108
"Unc13a",288,180,307,772
"Jak3",0,5,2,8
"B3gnt3",13,7,9,23
"Fcho1",3,1,5,14
"ENSMUSG00000121402",2,0,0,0
"Zfp709",2,6,6,11
"Zfp882",7,7,10,12
"Zfp617",12,13,19,49
"Zfp961",28,24,43,76
"Cyp4f18",3,0,3,0
"Tpm4",65,28,66,244
"Gm26586",1,0,3,1
"Gm16091",8,8,8,15
"Rab8a",22,17,25,65
"Hsh2d",5,2,1,16
"Cib3",26,13,13,98
"Fam32a",9,11,14,21
"Ap1m1",71,40,57,185
"Hmgn2-ps",1,2,2,2
"Klf2",6,7,3,6
"Eps15l1",211,169,226,582
"Calr3",1,2,4,1
"1700030K09Rik",21,29,23,80
"Cherp",70,51,68,181
"Slc35e1",58,18,38,137
"Gm17435",15,8,12,38
"Med26",133,77,89,302
"1700085D22Rik",8,6,7,15
"Smim7",17,14,28,80
"Tmem38a",62,68,74,194
"Nwd1",1,0,2,2
"Sin3b",45,22,43,115
"F2rl3",1,0,2,1
"Large1",639,471,624,1552
"Gm11033",1,1,1,1
"Hmgxb4",65,47,51,164
"Gm45822",0,1,0,0
"Tom1",105,83,111,337
"Gm45820",2,1,1,6
"Hmox1",0,1,1,4
"Mcm5",2,3,1,1
"Rasd2",1,0,1,6
"Iqcm",0,8,7,2
"Gm45740",0,1,0,0
"Gm10649",6,6,20,20
"Nr3c2",1049,348,838,2348
"Arhgap10",5,7,5,23
"Prmt9",51,25,37,114
"Tmem184c",30,23,18,79
"4933431K23Rik",0,7,2,0
"Ednra",10,39,10,41
"Ttc29",0,1,0,0
"Rbmxl1",11,8,28,54
"Slc10a7",270,169,222,649
"Lsm6",18,18,16,37
"Zfp827",390,203,306,889
"Mmaa",38,28,49,163
"Gm4890",5,9,8,16
"Smad1",175,122,158,468
"Otud4",171,121,150,487
"Abce1",61,68,60,149
"Anapc10",83,53,65,168
"Gm45435",3,0,2,1
"Gypa",0,0,0,0
"Frem3",0,0,0,2
"Smarca5",389,110,267,880
"Gab1",96,41,85,234
"Gm31223",2,0,4,5
"Usp38",109,42,103,236
"Gm9725",15,6,11,34
"Inpp4b",119,187,289,140
"Il15",0,0,0,0
"Zfp330",34,27,43,85
"Rnf150",397,300,310,944
"Tbc1d9",178,85,153,483
"Elmod2",29,42,19,63
"Scoc",22,15,8,30
"Ndufb7",8,2,6,6
"Tecr",68,58,77,216
"D830024N08Rik",12,6,8,11
"Dnajb1",51,116,16,59
"Gipc1",16,5,12,34
"Pkn1",86,65,75,284
"Ptger1",3,2,7,8
"Ddx39a",7,5,2,16
"Adgre5",5,5,14,18
"Adgrl1",431,217,333,940
"Gm10644",8,7,8,23
"Asf1b",11,4,8,18
"Prkaca",54,42,37,107
"Samd1",13,5,5,32
"1700067K01Rik",0,0,0,3
"Il27ra",0,0,0,0
"Gm10643",5,5,8,21
"C330011M18Rik",3,8,5,13
"Rfx1",43,16,24,102
"Dcaf15",15,4,12,26
"Podnl1",0,0,0,0
"Cc2d1a",14,10,23,45
"Brme1",1,0,1,6
"Gm56844",0,0,0,0
"Gm26887",1,4,4,6
"Gm56830",3,6,4,7
"Gm26532",5,4,6,19
"Zswim4",27,19,31,105
"D8Ertd738e",23,6,15,50
"Mri1",28,23,32,85
"Ccdc130",24,14,10,38
"Cacna1a",2948,1964,2764,6747
"Gm16183",25,26,25,43
"Ier2",81,59,34,168
"Gm56854",1,0,0,1
"Gm26664",1,3,8,7
"Nacc1",25,26,34,80
"Trmt1",53,47,59,109
"Nfix",104,43,62,193
"Dand5",4,8,5,5
"Gadd45gip1",2,7,4,2
"Rad23a",20,12,15,40
"Calr",105,106,102,267
"Farsa",27,19,21,71
"Syce2",7,5,3,20
"Gcdh",9,10,5,32
"Gm39213",0,1,3,0
"Dnase2a",9,6,5,34
"Mast1",64,25,61,200
"Rtbdn",10,2,11,18
"Rnaseh2a",7,6,9,18
"Prdx2",6,13,9,25
"Junb",118,98,119,274
"Gm56846",0,0,1,0
"Hook2",187,80,185,454
"Get3",6,10,7,15
"Trir",45,26,46,132
"Tnpo2",57,38,49,110
"A230103J11Rik",6,1,1,7
"Fbxw9",36,13,14,52
"Gm56867",10,5,4,15
"Dhps",8,7,13,39
"Wdr83",12,10,13,24
"Wdr83os",1,4,1,0
"Man2b1",25,18,26,69
"Zfp791",4,2,2,5
"Gm42031",0,0,1,2
"Cks1brt",0,0,1,1
"Vps35",99,72,80,238
"Orc6",38,11,20,56
"Mylk3",1,1,0,1
"4921524J17Rik",5,10,14,28
"Gpt2",12,8,7,16
"Dnaja2",55,38,56,159
"Neto2",0,4,4,1
"Itfg1",188,108,130,368
"Gm39214",3,0,0,4
"Phkb",261,150,207,591
"Hm629797",0,1,1,5
"Abcc12",0,0,0,2
"Lonp2",320,181,311,757
"Siah1a",54,22,56,142
"Gm10638",0,2,1,1
"N4bp1",115,76,115,324
"Gm27169",3,0,3,2
"Gm2694",2,4,0,5
"Zfp423",3,0,1,6
"Cnep1r1",57,37,39,156
"Heatr3",70,29,61,172
"9430002A10Rik",0,0,0,0
"Tent4b",124,86,99,298
"Adcy7",0,1,0,1
"Brd7",106,63,89,209
"Nkd1",0,0,0,0
"Snx20",1,0,0,0
"Nod2",0,0,0,0
"Cyld",183,120,169,428
"Sall1",2,0,0,0
"Gm3134",0,3,0,2
"Tox3",1404,731,1218,3341
"Chd9",809,549,662,1762
"Rbl2",91,50,62,215
"Aktip",44,17,39,91
"Gm45464",12,4,8,16
"Rpgrip1l",62,41,65,114
"Fto",893,667,794,2127
"4831440D22Rik",5,4,4,6
"Gm3235",4,3,4,13
"Irx3",0,0,0,1
"Crnde",0,0,0,0
"Mmp2",0,0,0,0
"Lpcat2",0,1,0,2
"Ces5a",0,1,0,2
"Gm45708",6,3,5,10
"Gm26843",8,14,23,55
"Gm30606",11,13,10,31
"4930488L21Rik",46,53,60,175
"Gnao1",2506,1616,2303,6046
"Amfr",124,58,106,219
"Nudt21",30,23,29,75
"Ogfod1",57,33,46,138
"Bbs2",106,49,135,287
"Mt3",0,0,0,0
"Gm45774",7,0,0,11
"Mt2",76,21,53,259
"Mt1",196,43,165,565
"Gm39228",0,0,1,0
"Nup93",158,80,82,330
"C78859",0,1,2,4
"Slc12a3",1,1,0,4
"Gm15889",0,0,0,0
"Gm15890",2,1,7,8
"Herpud1",538,342,497,1481
"9330175E14Rik",0,1,0,2
"Nlrc5",0,4,2,13
"Cpne2",4,4,12,9
"Psme3ip1",26,33,30,61
"Rspry1",158,107,155,389
"Arl2bp",24,25,36,99
"Gm45767",0,3,6,11
"Cx3cl1",23,4,18,36
"Ciapin1",25,15,10,62
"Coq9",32,34,31,92
"Polr2c",18,23,14,65
"Dok4",4,0,1,7
"Ccdc102a",0,0,0,0
"Adgrg5",0,0,0,0
"Adgrg1",120,117,86,301
"Adgrg3",40,40,59,107
"Katnb1",13,7,6,31
"Kifc3",90,50,112,263
"Gm31224",2,3,4,8
"Gm45812",3,0,1,4
"Gm31036",7,3,5,21
"Cngb1",1,1,1,2
"Zfp319",3,2,7,11
"Usb1",6,4,11,24
"Mmp15",2,1,2,6
"Cfap20",436,198,323,1062
"Csnk2a2",157,97,121,362
"4933406B17Rik",0,0,0,1
"Ccdc113",11,3,15,35
"Gm31518",0,2,1,4
"Gins3",0,3,3,7
"Ndrg4",7,1,3,12
"Setd6",14,7,5,39
"Cnot1",376,197,321,870
"4930513N10Rik",4,1,3,14
"Gm31659",0,0,0,2
"Gm31805",0,1,2,4
"Slc38a7",14,15,8,40
"Got2",34,26,24,67
"Cdh8",855,218,387,1584
"Gm15680",2,0,0,1
"A330008L17Rik",18,15,12,111
"Cdh11",4,1,1,2
"Gm29682",0,0,0,0
"Cdh5",0,0,0,0
"Bean1",2,0,2,0
"Tk2",30,25,28,90
"Cklf",7,3,0,11
"Cmtm3",0,0,2,1
"Cmtm4",184,118,223,561
"Gm45877",1,0,1,6
"Dync1li2",97,56,83,258
"K230015D01Rik",0,2,0,1
"Terb1",31,19,18,67
"Nae1",56,38,76,133
"Car7",4,5,3,8
"Pdp2",6,7,12,23
"Rrad",0,0,0,1
"Ciao2b",1,1,0,5
"1700082M22Rik",1,0,0,0
"Ces2e",0,0,0,0
"Ces2g",0,0,0,2
"Cbfb",158,54,120,344
"Phaf1",52,46,63,187
"B3gnt9",2,1,2,7
"Tradd",7,3,2,23
"Fbxl8",3,1,1,5
"Hsf4",6,1,5,10
"Nol3",4,2,5,6
"Matcap1",16,13,9,28
"Gm20163",1,1,2,3
"Exoc3l",0,1,0,0
"E2f4",18,8,24,50
"Elmo3",17,10,21,55
"Fbxl9",18,13,19,47
"Tmem208",16,19,26,55
"Fhod1",3,2,3,9
"Slc9a5",1,1,2,2
"Kctd19",0,0,0,8
"Lrrc36",202,71,169,453
"Tppp3",47,9,17,66
"Zdhhc1",133,74,175,380
"Atp6v0d1",185,110,185,544
"Gm38250",7,14,9,18
"Agrp",10,9,9,24
"Ripor1",48,22,34,113
"Gm5914",3,3,1,6
"Ctcf",208,86,157,380
"Carmil2",1,2,3,14
"Acd",20,6,9,20
"Pard6a",5,0,6,22
"Enkd1",8,4,2,13
"Gfod2",75,55,52,178
"Ranbp10",106,69,80,310
"Tsnaxip1",1,1,0,2
"Cenpt",2,2,0,10
"Thap11",2,2,1,3
"Nutf2",7,11,5,13
"Edc4",45,25,38,119
"Nrn1l",0,0,1,2
"Pskh1",26,15,29,53
"Ctrl",1,0,0,0
"Gm16156",0,1,3,9
"Psmb10",2,1,2,2
"Lcat",0,0,0,0
"Slc12a4",6,1,4,7
"Dpep2",0,0,0,0
"Dus2",20,28,29,49
"Ddx28",3,1,1,1
"Nfatc3",139,101,99,326
"Esrp2",5,1,2,4
"1810019D21Rik",4,1,1,6
"Pla2g15",6,6,9,24
"Slc7a6",44,29,37,92
"Slc7a6os",42,17,41,124
"Prmt7",45,35,53,93
"Smpd3",114,84,87,253
"Gm10629",3,3,1,3
"Zfp90",24,36,19,68
"1110028F18Rik",0,0,0,1
"Cdh1",382,273,285,895
"Tango6",70,53,61,228
"Has3",1,0,1,4
"Chtf8",0,0,1,2
"Utp4",44,24,40,75
"Sntb2",65,27,52,141
"Gm16208",1,1,0,4
"Vps4a",26,4,22,39
"Pdf",1,1,4,3
"Cog8",21,19,22,50
"Nip7",6,5,6,16
"Tmed6",0,0,2,4
"Terf2",148,91,130,303
"Cyb5b",119,102,156,343
"4930517G24Rik",0,1,0,4
"Nfat5",781,384,688,1666
"Nqo1",1,2,0,6
"Nob1",27,19,20,65
"Wwp2",201,128,192,518
"Psmd7",53,35,41,103
"Zfhx3",521,368,537,1344
"Gm20686",1,0,0,0
"D030068K23Rik",0,0,1,1
"Pmfbp1",0,0,0,0
"Dhx38",24,16,14,68
"Txnl4b",0,0,0,3
"Dhodh",12,7,7,20
"Pkd1l3",4,1,2,5
"Ist1",95,47,79,272
"Zfp821",45,34,37,102
"Atxn1l",20,13,35,45
"Ap1g1",255,120,197,606
"Gm17344",3,1,3,15
"Phlpp2",114,50,70,243
"Marveld3",99,73,107,245
"Tat",35,17,18,87
"Zfp612",295,132,334,777
"Cmtr2",1,2,4,7
"Hydin",4,3,5,10
"Vac14",113,77,107,355
"Mtss2",172,75,159,492
"Il34",3,4,3,27
"Sf3b3",70,55,46,176
"Cog4",86,66,99,224
"Fcsk",7,11,5,16
"St3gal2",15,12,21,36
"Ddx19a",34,24,48,126
"Ddx19b",38,24,32,111
"Aars",110,34,100,202
"Clec18a",0,0,0,0
"Pdpr",43,21,64,147
"9430091E24Rik",20,13,28,59
"Glg1",502,332,429,1304
"Gm56868",0,1,1,2
"Rfwd3",29,21,32,96
"Mlkl",11,6,8,12
"Fa2h",11,13,4,13
"Wdr59",144,82,83,241
"Gm56848",2,1,3,6
"Znrf1",228,123,165,434
"Ldhd",17,6,6,18
"Gm56859",3,0,1,0
"Zfp1",65,33,48,140
"Ctrb1",2,2,0,0
"Bcar1",92,36,47,178
"Cfdp1",136,117,145,325
"Tmem170",11,11,17,38
"Chst5",0,0,2,0
"Tmem231",14,14,6,32
"Gabarapl2",76,21,65,209
"Adat1",19,23,26,58
"Kars",10,14,18,25
"Terf2ip",21,9,21,40
"Cntnap4",3,0,2,1
"Gm45904",0,0,0,1
"Mon1b",4,5,7,11
"Syce1l",0,0,2,1
"Adamts18",226,71,304,540
"Nudt7",51,38,52,111
"Vat1l",448,274,351,1117
"4933408N05Rik",0,0,1,1
"Wwox",1694,1261,1999,4709
"Gm16116",1,0,0,2
"Gm16118",0,0,0,0
"Maf",1,1,0,0
"Gm45733",0,0,0,1
"Dynlrb2",4,1,0,12
"Cdyl2",134,53,125,251
"Cmc2",4,2,8,16
"Cenpn",0,2,0,4
"Atmin",7,6,3,31
"1700030J22Rik",3,2,2,13
"Gcsh",10,3,5,11
"Pkd1l2",0,0,1,1
"Bco1",7,11,5,20
"Gm56860",2,4,0,2
"Gan",38,25,32,104
"Cmip",1389,941,1309,3415
"Gm56878",30,33,31,96
"Plcg2",25,21,31,61
"Sdr42e1",3,5,1,5
"Mphosph6",18,13,13,44
"Cdh13",6,6,0,5
"Hsbp1",7,8,10,6
"Mlycd",43,32,37,116
"Gm32006",0,1,0,0
"Osgin1",29,26,24,63
"Necab2",50,25,39,149
"Slc38a8",1,2,2,5
"Mbtps1",111,51,110,302
"Hsdl1",9,14,8,43
"Dnaaf1",1,0,0,1
"Taf1c",11,9,10,39
"Wfdc1",0,0,0,0
"Atp2c2",0,0,0,0
"Meak7",6,3,6,16
"Cotl1",86,34,84,228
"Klhl36",17,10,12,37
"Usp10",98,52,65,209
"Crispld2",0,0,0,0
"Zdhhc7",22,7,20,51
"A130014A01Rik",4,8,4,6
"6430548M08Rik",35,53,42,82
"Cibar2",40,25,38,129
"A330074K22Rik",2,2,1,4
"Gse1",1319,794,944,2671
"Gm56871",0,2,0,2
"Gm56858",5,5,7,12
"Gm26971",2,0,2,1
"Gins2",9,5,5,17
"Gm10614",4,1,1,7
"Gm26739",0,0,1,2
"1190005I06Rik",10,14,10,30
"Emc8",16,18,24,46
"Cox4i1",19,17,17,50
"Irf8",0,4,0,0
"Fendrr",1,0,1,1
"Foxf1",0,0,0,0
"Mthfsd",42,21,29,101
"Foxc2",0,0,0,0
"Fbxo31",19,11,14,50
"Map1lc3b",83,35,54,189
"Zcchc14",138,78,114,377
"Gm27030",0,0,0,0
"Jph3",66,52,65,159
"Klhdc4",38,19,18,67
"Gm20406",3,1,2,2
"Gm42047",59,90,52,275
"Gm26812",3,4,2,15
"Slc7a5",47,45,39,125
"BC048644",0,0,1,1
"Banp",220,122,103,322
"Zfp469",8,1,3,12
"Zfpm1",19,6,27,40
"Gm45353",0,0,0,1
"Zc3h18",108,68,115,267
"Cyba",2,0,0,0
"Mvd",3,2,1,12
"9330133O14Rik",3,6,5,11
"Rnf166",29,16,35,74
"Gm56876",0,0,0,1
"Ctu2",12,3,9,16
"Piezo1",1,0,1,2
"Cdt1",0,0,4,2
"Aprt",7,2,2,9
"Galns",64,30,75,242
"Trappc2l",11,6,7,21
"Pabpn1l",1,1,0,1
"Cbfa2t3",209,99,131,457
"C230057M02Rik",0,0,0,4
"Gm39271",2,0,2,4
"Acsf3",42,21,34,121
"Gm45894",2,1,3,4
"Ankrd11",862,476,760,2001
"2810013P06Rik",19,15,15,45
"Spg7",47,51,37,130
"Rpl13",29,34,51,26
"Cpne7",1,0,0,3
"Gm4316",2,2,2,6
"Chmp1a",12,11,10,25
"Spata33",3,1,1,9
"Cdk10",30,23,36,81
"Spata2l",9,2,7,15
"4933417D19Rik",0,1,7,8
"Vps9d1",10,16,14,48
"Zfp276",12,8,8,40
"Fanca",0,2,2,5
"Spire2",87,59,104,170
"Tcf25",575,366,595,1455
"Mc1r",0,1,0,2
"Tubb3",15,3,12,41
"Def8",44,32,43,90
"Afg3l1",90,60,99,226
"Dbndd1",0,1,2,6
"Gas8",18,8,18,33
"Rhou",41,23,53,120
"Gm45781",0,0,0,0
"6030466F02Rik",0,0,0,0
"4732419C18Rik",2,0,2,3
"Gm45866",0,0,0,1
"Rab4a",27,19,20,56
"2810455O05Rik",0,0,1,7
"Ccsap",27,3,24,88
"Acta1",0,1,0,5
"Gm29773",1,0,3,3
"Nup133",36,19,45,95
"Gm45890",4,4,4,10
"Abcb10",117,67,54,260
"Taf5l",38,22,39,85
"Urb2",11,6,7,35
"Gm45732",2,0,1,0
"Galnt2",151,124,129,373
"Gm15775",2,0,1,4
"Pgbd5",138,61,85,294
"Cog2",63,50,54,181
"Agt",3,1,0,8
"Capn9",1,4,0,7
"2310022B05Rik",25,24,25,47
"Ttc13",79,34,59,194
"Arv1",17,11,25,46
"Fam89a",9,2,2,4
"Trim67",16,4,10,28
"2810004N23Rik",28,30,34,76
"Gnpat",49,38,58,124
"Exoc8",2,2,2,9
"Sprtn",15,6,8,33
"Gm45709",0,0,4,3
"Egln1",72,44,58,226
"Tsnax",32,30,36,90
"Disc1",25,10,8,60
"Sipa1l2",155,39,155,339
"4930567H12Rik",8,2,2,16
"Map10",0,3,2,7
"Ntpcr",4,6,7,10
"Pcnx2",0,0,0,1
"Map3k21",45,29,39,91
"Kcnk1",107,28,90,320
"Slc35f3",28,16,49,55
"Coa6",2,1,2,4
"Tarbp1",49,16,41,93
"Gm26759",19,12,10,32
"Irf2bp2",199,121,163,428
"Gm56824",5,1,8,19
"Gm56842",8,5,8,10
"Gm45805",16,3,3,31
"Gm31718",7,10,5,30
"A630001O12Rik",3,2,1,5
"Tomm20",41,18,32,91
"Rbm34",12,16,15,58
"Pard3",2539,1360,2077,6086
"Gm53207",9,10,4,17
"Nrp1",3,7,0,1
"Gm56862",0,0,0,0
"Itgb1",100,66,107,204
"Ccdc7a",0,0,0,2
"Ccdc7b",1,4,0,1
"2610044O15Rik8",12,10,16,29
"Gm32856",5,14,10,28
"Alkbh8",39,37,37,97
"Cwf19l2",206,97,179,456
"Gucy1a2",157,67,77,285
"Aasdhppt",18,12,14,44
"Kbtbd3",36,33,23,63
"Msantd4",11,6,9,27
"Gria4",3,0,5,7
"Casp1",0,0,0,1
"Casp4",0,0,0,1
"Casp12",0,0,0,0
"Pdgfd",3,22,6,6
"Ddi1",0,0,0,0
"Dync2h1",1202,592,1053,2873
"Dcun1d5",60,65,62,121
"Mmp13",0,0,0,0
"Mmp12",0,0,0,0
"Tmem123",98,23,99,223
"Birc2",96,73,132,335
"Birc3",49,10,58,97
"Yap1",5,7,3,3
"Gm45494",0,0,0,0
"Cfap300",4,4,5,7
"Cep126",132,61,122,280
"1700018P22Rik",1,2,0,2
"Trpc6",0,3,0,1
"Pgr",0,0,3,2
"Arhgap42",1,3,0,0
"Gm46102",1,0,0,1
"Cntn5",2,0,0,2
"Jrkl",5,8,7,18
"Ccdc82",131,72,136,286
"Maml2",972,386,742,1898
"Gm17571",0,0,0,0
"Mtmr2",110,49,84,217
"Cep57",143,49,100,297
"Fam76b",120,85,117,324
"Gm47557",1,0,3,4
"Gm47565",0,0,0,1
"Gm34069",0,2,1,4
"Sesn3",324,185,247,732
"Gm47326",1,1,1,4
"Endod1",17,7,7,14
"Kdm4d",11,13,13,12
"Cwc15",14,19,15,50
"Amotl1",15,28,17,43
"Piwil4",0,0,0,2
"Fut4",0,1,1,0
"Ankrd49",5,8,6,13
"Mre11a",56,30,51,112
"Gm16302",1,1,0,2
"Gpr83",0,0,0,0
"Panx1",5,4,6,9
"Vstm5",7,9,10,6
"Med17",32,24,32,118
"4931406C07Rik",20,14,22,50
"Taf1d",90,48,63,175
"Cep295",65,40,100,162
"Gm16568",0,0,1,0
"Smco4",3,1,2,1
"Deup1",0,0,0,1
"Slc36a4",65,31,34,133
"Fat3",71,47,19,75
"Chordc1",64,62,52,116
"Naalad2",1,2,0,1
"Zfp558",6,3,3,9
"Muc16",1,1,1,0
"Zfp317",43,33,40,110
"Zfp560",17,17,7,24
"Zfp26",37,24,30,109
"Zfp426",56,45,38,144
"Zfp266",101,74,84,258
"Zfp846",34,20,33,68
"Fbxl12os",1,3,2,8
"Fbxl12",93,61,109,252
"Ubl5",21,6,21,45
"Pin1",12,11,16,49
"Olfm2",2,9,3,8
"Col5a3",0,0,0,0
"Shfl",132,55,102,225
"Angptl6",2,4,4,3
"Ppan",22,12,25,59
"Eif3g",9,6,10,25
"Dnmt1",53,28,51,92
"S1pr2",3,0,0,1
"Mrpl4",28,9,8,51
"Icam1",0,0,0,1
"Zglp1",2,4,2,4
"Fdx2",4,10,14,22
"Raver1",45,31,72,174
"1700084C06Rik",19,27,54,82
"Tyk2",48,20,37,99
"Cdc37",36,29,49,88
"Pde4a",31,13,12,29
"Gm16754",1,2,0,2
"Keap1",51,35,46,113
"Atg4d",12,7,20,44
"Kri1",51,28,51,130
"Cdkn2d",5,2,6,10
"Ap1m2",35,28,48,104
"Slc44a2",16,15,18,43
"Gm36198",11,7,9,10
"Ilf3",195,126,171,443
"Gm16853",8,12,11,18
"Qtrt1",82,31,73,165
"Dnm2",488,298,363,1174
"Tmed1",2,7,4,9
"AB124611",5,7,1,8
"Carm1",76,42,61,164
"Yipf2",25,20,25,61
"Timm29",8,2,8,22
"Smarca4",323,217,279,798
"Gm26511",0,1,1,2
"Ldlr",461,254,334,907
"Spc24",10,4,2,5
"Kank2",11,5,11,25
"Dock6",99,61,108,340
"Angptl8",0,0,1,1
"Rab3d",14,23,15,38
"Tmem205",6,4,8,18
"Ccdc159",21,17,18,63
"Plppr2",43,22,46,100
"Swsap1",3,0,3,1
"Rgl3",52,55,50,141
"Odad3",6,3,2,5
"Prkcsh",35,26,44,92
"Elavl3",0,0,0,3
"Zfp653",27,13,32,82
"Gm16845",13,6,10,35
"Ecsit",29,7,28,61
"Elof1",23,9,21,36
"Acp5",0,0,0,0
"Pigyl",0,0,2,0
"Zfp872",1,4,3,3
"1810064F22Rik",0,0,0,1
"Zfp809",49,26,32,129
"Zfp599",1,5,3,5
"Zfp810",116,89,129,308
"Anln",1,1,8,12
"Rp9",165,74,144,354
"9530077C05Rik",29,27,39,115
"Bbs9",375,248,360,883
"Bmper",0,0,0,0
"Npsr1",1,0,3,0
"Dpy19l1",43,14,26,66
"Gm47772",0,0,0,2
"Herpud2",57,35,43,120
"Gm29642",15,11,13,27
"9130004C02Rik",1,2,0,4
"Septin7",149,93,143,377
"Eepd1",52,22,12,45
"B3gat1",10,7,4,17
"Glb1l2",115,56,100,266
"Acad8",45,24,30,96
"Thyn1",3,6,3,11
"Vps26b",34,19,25,68
"Ncapd3",129,50,98,315
"Jam3",59,30,52,150
"Gm48796",7,1,9,24
"Igsf9b",119,87,127,284
"Opcml",908,486,814,1722
"Ntm",411,248,574,1077
"Gm15520",0,0,0,0
"Snx19",73,69,62,149
"Adamts15",0,0,0,1
"Adamts8",0,0,0,2
"Gm29724",22,18,20,69
"4930421P22Rik",0,1,1,5
"Zbtb44",63,59,69,220
"St14",28,37,41,102
"Aplp2",118,51,70,235
"4930517E14Rik",0,1,0,0
"Prdm10",111,54,94,213
"Nfrkb",86,51,65,213
"Tmem45b",3,0,0,27
"Barx2",96,3,31,276
"Gm47465",1,0,0,2
"Arhgap32",270,173,225,647
"Gm39317",0,0,0,1
"Fli1",2,1,0,0
"Gm27201",0,0,0,0
"Ets1",1,3,0,1
"Gm3331",0,1,0,1
"7630403G23Rik",0,0,0,1
"Kirrel3",44,9,30,67
"Kirrel3os",0,0,0,2
"St3gal4",14,8,17,44
"4930581F22Rik",30,19,12,46
"Dcps",64,40,40,114
"Tirap",3,6,2,14
"Gm39318",0,0,0,0
"Srpr",221,166,205,595
"Foxred1",22,18,16,55
"Fam118b",58,27,40,118
"Rpusd4",0,5,7,12
"Cdon",168,83,142,397
"Ddx25",9,13,6,25
"Pus3",8,8,0,11
"Hyls1",2,6,5,5
"Pate2",2,6,11,15
"Chek1",42,24,38,90
"Stt3a",211,183,193,542
"Gm26787",5,0,6,4
"Ei24",37,24,36,98
"Fez1",15,17,18,54
"Pknox2",79,58,84,194
"Tmem218",19,33,30,68
"Slc37a2",2,1,4,9
"Ccdc15",38,12,23,74
"Gm34885",0,0,0,0
"Hepacam",0,1,2,7
"Robo4",1,1,0,0
"Robo3",2,0,3,7
"Msantd2",152,76,128,358
"Esam",15,12,8,15
"Vsig2",0,4,3,1
"Nrgn",0,1,0,0
"Gm57038",0,1,1,1
"Siae",34,29,39,77
"Spa17",7,7,6,11
"Tbrg1",100,55,88,261
"Vwa5a",57,18,60,120
"Or8b53",8,6,14,20
"AW551984",4,2,7,15
"Zfp202",7,7,4,25
"Scn3b",36,22,37,99
"Gramd1b",278,192,244,579
"1700110K17Rik",102,59,130,289
"Clmp",7,11,3,19
"Gm48293",0,0,0,0
"Gm57042",0,0,2,2
"Hspa8",249,307,111,283
"Jhy",14,15,11,30
"Crtam",0,0,1,2
"Ubash3b",51,31,72,105
"1700063D05Rik",7,5,3,11
"Mir100hg",27,12,12,23
"Sorl1",24,23,9,44
"Sc5d",23,17,23,51
"Gm10690",2,1,2,0
"Tecta",1,0,2,2
"Tbcel",82,43,53,170
"Grik4",41,31,110,68
"Arhgef12",748,430,638,1766
"Tlcd5",0,0,0,0
"Pou2f3",2,0,3,2
"Oaf",3,8,6,23
"Gm30015",1,3,2,5
"Nectin1",78,45,64,216
"Gm30373",4,1,1,3
"Thy1",1,0,0,0
"Gm49380",4,6,10,16
"Usp2",142,28,80,303
"Rnf26",2,1,0,4
"Mfrp",0,0,2,6
"Gm26737",4,2,1,3
"Gm10687",0,0,1,0
"Mcam",0,0,0,1
"Cbl",179,100,130,369
"Nherf4",1,0,0,2
"Nlrx1",8,7,9,32
"Abcg4",3,1,0,0
"Gm48604",7,2,2,8
"Hinfp",34,26,23,74
"C2cd2l",35,19,12,44
"Dpagt1",9,20,12,23
"H2ax",3,1,0,4
"Hmbs",7,7,10,23
"Vps11",22,20,35,114
"Hyou1",154,225,164,403
"Slc37a4",19,10,10,66
"Trappc4",20,11,22,40
"Rps25",13,9,18,16
"Ccdc84",39,27,30,72
"C030014I23Rik",1,1,3,5
"Gm47204",0,5,1,2
"Bcl9l",44,34,40,90
"Cxcr5",0,1,0,0
"Gm47230",5,3,1,9
"Gm47232",3,2,1,5
"Gm57017",3,2,0,2
"Ddx6",418,271,334,1049
"Phldb1",16,15,17,48
"Arcn1",286,165,224,692
"Ift46",68,34,48,148
"Tmem25",11,13,11,28
"Ttc36",6,3,8,8
"Kmt2a",1467,750,1237,3626
"Gm39326",14,7,19,60
"Atp5l",84,53,102,244
"Gm30934",1,2,4,4
"Ube4a",179,123,135,456
"Mpzl3",5,4,9,27
"Jaml",1,1,0,1
"Scn2b",1,0,1,1
"Tmprss4",40,53,72,121
"Smim35",1,1,1,3
"Il10ra",0,1,0,0
"Fxyd6",82,73,117,205
"Fxyd2",2,1,2,4
"Dscaml1",1,2,0,15
"Cep164",137,83,118,305
"Bace1",66,56,52,154
"Gm16536",10,3,7,16
"Rnf214",119,97,128,296
"Pcsk7",69,50,79,176
"Tagln",0,0,5,8
"Gm48529",5,1,1,5
"Sidt2",79,33,80,228
"A830035O19Rik",1,1,2,3
"Pafah1b2",85,55,89,227
"Sik3",1476,880,1406,4401
"Apoa1",1,0,0,2
"Zpr1",30,13,16,73
"Bud13",11,5,13,21
"4930448E22Rik",0,0,0,0
"Gm31374",0,1,1,1
"Gm47141",10,3,4,15
"Gm47144",18,14,6,32
"Gm31432",52,32,61,118
"Gm48945",18,11,11,39
"Gm31557",26,22,25,79
"Gm31614",1,1,3,9
"2900052N01Rik",9,2,13,15
"Gm4791",8,7,1,12
"Gm31816",7,3,6,19
"Cadm1",58,59,37,190
"Nxpe4",142,126,203,322
"Nxpe2",0,3,3,0
"ENSMUSG00000121481",0,0,0,0
"Rexo2",22,15,24,50
"Rbm7",35,15,48,123
"Gm5617",3,0,1,10
"Nnmt",0,0,1,0
"Zbtb16",6,1,12,44
"Usp28",42,39,34,125
"Zw10",45,24,19,79
"Tmprss5",8,2,1,10
"Drd2",1,2,0,3
"Ttc12",5,8,14,29
"Ncam1",1171,659,1085,2923
"Gm11149",18,10,20,33
"Rpl10-ps3",6,3,4,3
"Plet1os",12,6,6,30
"Plet1",0,2,3,3
"Pts",61,40,67,156
"Bco2",4,0,3,4
"Il18",44,21,56,123
"Tex12",0,0,1,2
"Sdhd",2,8,17,31
"Timm8b",7,2,2,8
"Nkapd1",27,24,34,95
"Pih1d2",20,6,7,24
"Dlat",36,27,47,136
"Dixdc1",325,81,227,412
"2310030G06Rik",22,21,22,67
"Hspb2",0,0,0,0
"Cryab",0,0,0,0
"Cfap68",48,42,65,129
"Fdxacb1",5,4,3,13
"Alg9",75,31,63,132
"Ppp2r1b",53,40,58,180
"Sik2",356,225,423,1455
"Layn",0,0,0,0
"Hoatz",2,4,2,0
"Gm32742",0,0,0,0
"Pou2af1",0,0,0,0
"Pou2af3",0,0,0,0
"2010007H06Rik",0,0,0,0
"Pou2af2",0,0,0,0
"Arhgap20",0,0,0,0
"Gm6980",0,0,0,1
"Fdx1",5,7,4,18
"Rdx",160,95,131,347
"Zc3h12c",132,56,117,322
"Gm33125",1,0,0,0
"Gm1715",1,0,1,1
"Ddx10",134,75,93,272
"Exph5",243,192,262,704
"Poglut3",16,7,10,25
"4930550C14Rik",17,10,14,40
"Atm",259,119,195,534
"Npat",97,42,121,352
"Acat1",99,58,87,241
"Cul5",138,95,144,408
"Gm16124",16,18,16,45
"Rab39",4,5,6,10
"Elmod1",82,47,66,168
"Tnfaip8l3",19,6,17,41
"Dmxl2",401,223,291,867
"Cib2",9,5,4,10
"Idh3a",14,15,14,35
"Acsbg1",1,0,2,5
"Dnaja4",218,139,68,388
"Skic8",86,28,59,125
"Ireb2",189,107,221,564
"Hykk",6,5,8,28
"AY074887",0,0,0,1
"Psma4",37,19,15,65
"Chrnb4",0,0,1,2
"Ube2q2",193,79,171,419
"Fbxo22",41,23,39,116
"Nrg4",7,7,10,43
"Tmem266",31,42,31,106
"Etfa",91,41,109,216
"Scaper",888,405,728,1842
"4930563M21Rik",0,1,0,0
"Rcn2",41,17,26,57
"Pstpip1",3,0,4,3
"Tspan3",61,42,63,167
"Peak1",50,22,23,78
"Hmg20a",226,192,231,601
"Gm2296",2,0,3,4
"Lingo1",0,5,4,4
"Cspg4",0,5,0,1
"Snx33",12,2,9,21
"Imp3",1,0,0,8
"Snupn",13,8,19,55
"Ptpn9",162,111,175,396
"Gm10658",5,3,2,10
"Sin3a",111,64,134,334
"Gm57026",1,0,0,2
"Man2c1os",15,10,7,27
"Man2c1",41,23,34,81
"Neil1",39,22,37,99
"Commd4",14,6,7,21
"Trcg1",1,0,0,0
"1700017B05Rik",8,5,3,14
"Ppcdc",56,28,49,150
"Scamp5",86,64,109,236
"Rpp25",1,0,0,3
"Cox5a",10,10,18,30
"Gm26631",1,2,7,10
"Fam219b",5,4,3,14
"Mpi",4,2,1,8
"Scamp2",77,54,67,227
"Ulk3",15,6,11,38
"Cplx3",1,0,0,2
"Lman1l",1,0,2,5
"Csk",38,19,27,67
"Edc3",71,50,85,259
"Clk3",62,32,43,132
"Gm17231",16,2,7,29
"Arid3b",84,36,72,180
"Ubl7",17,7,19,37
"Sema7a",0,0,1,1
"Ccdc33",16,1,10,49
"Stra6",2,0,0,0
"Islr",0,0,0,0
"Pml",23,29,15,67
"Stoml1",13,14,7,22
"Loxl1",1,1,3,1
"Cd276",17,14,21,48
"Nptn",230,137,214,548
"Rec114",4,4,4,9
"Hcn4",21,14,17,53
"Neo1",344,178,336,730
"Gm47271",8,4,7,8
"Gm33053",2,0,0,3
"Adpgk",21,14,31,71
"Bbs4",60,20,40,124
"Arih1",723,316,735,2100
"Gm57013",1,0,0,0
"Tmem202",0,2,0,5
"Hexa",43,47,45,139
"Celf6",30,13,21,105
"Parp6",112,63,116,307
"Pkm",176,86,136,416
"Gramd2",6,9,6,38
"Senp8",12,8,13,23
"Myo9a",479,234,406,1094
"Gm20275",265,322,459,891
"Thsd4",102,102,84,268
"9230112J17Rik",8,15,11,25
"Lrrc49",92,75,77,258
"Larp6",3,1,3,2
"1700036A12Rik",2,0,1,0
"Uaca",488,297,388,1115
"Gm9869",6,1,3,10
"Tle3",193,78,279,847
"Rplp1",13,18,34,3
"Kif23",3,2,4,1
"Paqr5",0,1,1,2
"Glce",37,23,45,81
"Anp32a",51,34,46,129
"Gm57047",9,5,3,14
"Coro2b",88,52,75,230
"Itga11",1,0,6,4
"Fem1b",41,31,38,111
"Cln6",43,25,44,103
"Calml4",0,0,3,1
"Pias1",388,195,396,1011
"Skor1",1,0,1,3
"Map2k5",299,173,288,671
"2300009A05Rik",5,10,3,7
"Gm16759",50,38,49,136
"Iqch",16,8,11,30
"Aagab",81,61,80,207
"Smad3",13,2,0,23
"Gm36033",0,0,0,0
"Smad6",0,2,0,1
"Zwilch",7,7,4,13
"Rpl4",52,54,60,109
"Snapc5",1,1,0,2
"Map2k1",153,82,158,413
"Gm48855",6,0,4,7
"Tipin",16,14,9,20
"Dis3l",32,14,30,62
"Megf11",1,1,3,5
"Rab11a",51,24,38,127
"Gm36459",5,0,3,5
"Dennd4a",482,216,400,1137
"Slc24a1",2,0,0,1
"Ints14",12,13,27,41
"Hacd3",137,65,166,404
"Dpp8",165,98,138,405
"Gm47350",3,2,3,6
"Igdcc4",3,0,8,13
"Parp16",55,63,57,187
"Cilp",13,6,11,41
"Clpx",184,89,144,408
"Gm39363",11,0,9,33
"Pdcd7",19,5,11,50
"Ubap1l",2,3,2,11
"Rasl12",0,4,0,0
"Mtfmt",29,7,18,52
"Gm47270",4,4,4,11
"Spg21",9,16,19,43
"Gm17749",0,0,0,0
"Plekho2",1,0,0,1
"Rbpms2",0,2,0,1
"Oaz2",30,30,27,73
"Zfp609",406,228,361,1015
"Trip4",138,102,117,271
"Pclaf",2,0,3,0
"Csnk1g1",397,230,332,987
"Ppib",21,35,14,92
"Snx22",1,0,1,1
"Snx1",61,62,96,150
"Ciao2a",3,7,1,12
"Dapk2",8,0,6,6
"Herc1",625,364,472,1403
"Gm28379",5,4,0,7
"Fbxl22",5,2,4,22
"Usp3",257,174,260,603
"Gm15563",9,6,1,13
"Car12",0,0,0,0
"Aph1b",16,9,12,33
"Aph1c",5,3,5,10
"Rab8b",124,68,54,191
"Gm40528",3,3,1,10
"Rps27l",6,6,4,9
"Lactb",7,9,11,21
"Tpm1",109,62,228,311
"Tln2",521,115,364,1247
"M5C1000I18Rik",4,6,2,8
"C2cd4b",100,94,83,274
"Gm57018",2,0,1,4
"C2cd4a",1,2,0,6
"Vps13c",469,278,373,999
"4930502A04Rik",176,173,197,525
"Rora",15408,9513,16228,42371
"Gm15511",5,3,4,10
"Ice2",65,32,46,118
"Anxa2",0,0,0,0
"Bnip2",48,27,37,110
"Gtf2a2",74,30,53,145
"Fam81a",2,1,6,1
"Myo1e",136,46,236,637
"Ccnb2",1,3,7,6
"Rnf111",149,107,183,446
"Sltm",540,280,441,1214
"Mindy2",105,64,98,275
"Gm10642",1,0,0,1
"Adam10",146,80,100,304
"Lipc",1,0,1,0
"Polr2m",25,17,38,64
"Myzap",0,0,0,1
"Cgnl1",0,2,0,1
"Tcf12",932,469,889,2110
"Gm27188",4,0,0,3
"Gm27253",2,3,1,11
"Zfp280d",399,212,397,939
"BC065403",2,2,0,1
"Mns1",49,20,23,90
"Tex9",41,35,49,124
"4930509E16Rik",0,0,0,1
"Rfx7",262,168,242,723
"Gm27241",2,1,1,2
"Nedd4",686,423,627,1548
"Prtg",0,2,0,0
"Pygo1",13,10,28,28
"Dnaaf4",7,8,12,23
"Pierce2",4,4,2,9
"Ccpg1",168,110,198,423
"Pigb",36,34,36,95
"Pigbos1",2,5,7,7
"Rab27a",528,395,634,1630
"Khdc3",4,3,4,9
"Rsl24d1",12,7,10,21
"Unc13c",1,0,1,0
"Atosa",361,215,276,890
"Arpp19",39,38,35,81
"Myo5a",285,107,213,501
"Myo5c",0,0,1,5
"Gnb5",38,22,40,187
"Gm19531",0,0,1,1
"Gm48677",3,2,5,8
"Bcl2l10",1,1,1,3
"Mapk6",124,59,99,328
"4933433G15Rik",8,5,13,22
"Leo1",20,9,11,47
"ENSMUSG00000121476",9,10,9,11
"Tmod3",58,33,58,189
"Tmod2",406,204,424,974
"Lysmd2",18,18,19,33
"Scg3",2861,1189,3114,6931
"Bmp5",0,0,4,2
"Gm26903",2,3,1,7
"Hmgcll1",213,132,263,591
"Hcrtr2",0,0,0,0
"Fam83b",18,17,16,63
"Mlip",0,0,3,1
"5730403I07Rik",0,0,1,2
"Lrrc1",222,129,216,484
"Gm19569",1,2,0,1
"Klhl31",0,5,5,4
"Gclc",91,55,89,215
"Gm34654",1,0,1,0
"Gm47818",0,0,1,1
"Elovl5",242,140,300,774
"Gm34829",2,0,2,1
"Fbxo9",34,18,35,105
"Cilk1",64,33,58,127
"C920006O11Rik",27,7,23,33
"Gsta4",0,0,1,2
"Ddx43",0,0,0,1
"Cgas",0,3,0,5
"Gm17324",0,0,0,2
"Mto1",26,22,28,78
"Eef1a1",184,108,198,242
"Slc17a5",74,32,61,175
"Cd109",0,0,0,0
"Col12a1",0,0,0,1
"Cox7a2",18,13,13,30
"Tmem30a",92,67,87,188
"4930429F24Rik",0,2,2,4
"Filip1",1545,576,1067,3555
"Senp6",561,251,398,1079
"Gm17477",6,1,2,5
"Myo6",636,354,549,1386
"Gm26713",1,0,0,1
"Htr1b",0,0,0,2
"D430036J16Rik",0,0,0,0
"Mei4",0,0,1,0
"Irak1bp1",33,14,25,84
"Phip",999,417,815,1751
"Gm39383",2,1,0,2
"Gm38398",0,1,2,1
"Hmgn3",589,247,361,1214
"Gm29054",8,1,0,5
"Gm46123",217,95,221,562
"Lca5",52,30,35,89
"Gm2087",2,2,4,10
"Sh3bgrl2",9,15,12,31
"Gm36120",0,1,0,0
"Elovl4",1,6,0,11
"Gm57060",0,0,1,4
"Gm36278",0,2,2,1
"Bckdhb",196,192,184,459
"Gm46124",1,0,1,2
"Tent5a",192,86,105,402
"Ibtk",108,82,72,234
"Ube2cbp",39,3,33,78
"Dop1a",253,142,197,609
"Pgm3",55,44,57,180
"Rwdd2a",1,0,0,0
"Me1",88,32,81,166
"A330041J22Rik",0,2,4,2
"Prss35",1,0,0,0
"Snap91",119,66,91,244
"Cyb5r4",145,67,122,362
"Mrap2",2,1,1,3
"Cep162",128,72,121,278
"Nt5e",0,8,0,27
"Snx14",158,88,146,345
"Gm28229",0,0,1,5
"Syncrip",184,83,130,398
"Snhg5",11,2,8,11
"Zfp949",61,36,66,126
"Trim43a",0,0,4,2
"9430037G07Rik",3,0,1,6
"Mthfsl",7,14,18,46
"Gm10634",1,4,0,2
"Bcl2a1d",0,0,0,0
"Trim43c",3,0,0,2
"9330159M07Rik",20,7,15,38
"Gm2396",0,0,0,0
"Bcl2a1a",0,0,0,1
"4930579C12Rik",0,0,0,0
"Bcl2a1b",0,0,0,0
"Mthfs",73,44,91,226
"Minar1",0,0,0,4
"Gm47409",0,2,1,2
"Tmed3",21,28,24,36
"Ankrd34c",0,0,1,0
"4930524O08Rik",0,0,0,0
"Rasgrf1",179,148,178,569
"Ctsh",15,9,6,10
"Morf4l1",397,190,378,976
"Adamts7",0,0,0,2
"Tbc1d2b",17,13,19,32
"Plscr1",37,29,40,70
"Plscr2",0,2,3,0
"1700057G04Rik",1,0,0,0
"Plscr4",32,20,20,71
"Plod2",24,12,14,45
"Dipk2a",30,27,30,64
"Slc9a9",867,532,857,2298
"Chst2",0,0,0,1
"U2surp",256,154,221,552
"Gm28424",0,2,0,1
"Paqr9",9,2,3,10
"Gm32542",0,0,1,0
"Pcolce2",2,5,1,2
"Trpc1",275,97,220,621
"Pls1",61,36,25,129
"Atr",80,38,68,200
"Gm16794",8,8,9,13
"Xrn1",363,178,337,866
"C78334",0,1,0,1
"Gm28085",1,1,2,1
"Gk5",63,28,63,95
"Tfdp2",165,67,113,335
"Atp1b3",107,33,66,192
"BC043934",0,0,0,0
"Rnf7",13,17,20,37
"Gm28729",2,1,7,9
"Gm57055",0,0,0,0
"Rasa2",148,111,137,365
"Zbtb38",96,74,122,271
"A930006L05Rik",0,1,2,2
"Pxylp1",71,50,106,165
"Spsb4",21,4,17,29
"Gm19325",10,4,18,23
"Slc25a36",298,113,243,692
"Gm16185",3,1,2,4
"Clstn2",53,26,31,104
"4921534H16Rik",0,0,1,0
"Nmnat3",121,94,152,404
"Rbp1",3,6,2,10
"Rbp2",1,0,0,0
"4930579K19Rik",1,2,0,12
"Copb2",138,85,97,284
"Mrps22",12,5,9,32
"Gm37637",3,0,4,5
"Faim",23,11,19,55
"Gm1123",4,2,5,13
"Pik3cb",59,31,72,189
"Cep70",297,154,311,680
"4930422M22Rik",0,0,0,2
"Esyt3",31,14,22,50
"Mras",100,58,90,241
"Nme9",1,0,0,1
"Armc8",173,118,154,408
"Dbr1",15,5,16,51
"Dzip1l",90,69,101,215
"Il20rb",29,8,32,102
"Nck1",149,102,138,379
"Slc35g2",53,33,39,130
"Stag1",623,300,535,1356
"Pccb",61,50,52,193
"Msl2",90,66,91,233
"Ppp2r3a",402,188,460,926
"Ephb1",0,0,1,2
"Ky",489,274,449,1135
"Cep63",90,45,88,175
"Anapc13",9,8,9,21
"4930533D04Rik",0,0,2,8
"Amotl2",15,4,14,63
"Ryk",145,84,121,332
"Slco2a1",88,38,113,308
"Rab6b",122,56,66,187
"Srprb",25,30,23,59
"Trf",0,1,0,3
"Inhca",18,11,15,37
"Topbp1",26,12,33,61
"Cdv3",64,22,63,116
"5830418P13Rik",0,1,0,1
"Bfsp2",2,1,2,0
"Gm16252",0,1,0,1
"Tmem108",368,335,252,827
"Gm32743",0,3,1,8
"4932413F04Rik",0,1,1,0
"Nphp3",42,29,41,112
"Uba5",104,102,74,270
"Acad11",41,41,38,89
"Ackr4",1,0,1,5
"Dnajc13",479,286,422,1117
"Acpp",0,1,0,0
"Cpne4",455,445,407,833
"Mrpl3",60,35,59,163
"Gm47106",1,1,1,6
"Nudt16",5,10,5,17
"Nek11",41,21,42,97
"Aste1",36,21,28,103
"Atp2c1",404,147,249,725
"Gm19667",0,0,0,0
"Pik3r4",46,43,58,135
"Col6a6",330,313,421,877
"Col6a5",0,0,1,0
"D030055H07Rik",1,1,0,1
"Glyctk",0,1,4,5
"Wdr82",34,25,42,106
"Ppm1m",1,3,7,6
"Twf2",12,6,6,25
"Alas1",31,10,21,64
"Poc1a",12,10,18,31
"Gm29123",1,0,1,5
"Dusp7",5,4,1,11
"Rpl29",7,18,11,11
"Acy1",3,2,0,3
"Abhd14a",7,10,6,24
"Abhd14b",11,8,8,31
"Pcbp4",14,6,9,23
"Parp3",1,0,2,1
"Rrp9",6,1,9,9
"Tex264",44,13,33,89
"Rad54l2",177,90,134,369
"Dcaf1",132,58,119,270
"Manf",83,57,86,189
"Gm37612",2,0,2,6
"Rbm15b",45,12,23,83
"4930524O07Rik",2,1,1,1
"Dock3",189,62,102,375
"Mapkapk3",69,19,93,142
"Cish",14,4,6,42
"Hemk1",25,11,27,63
"6430571L13Rik",7,3,5,18
"Cacna2d2",17,6,12,26
"Tmem115",2,2,8,8
"Cyb561d2",1,1,2,3
"Nprl2",10,9,14,39
"Zmynd10",0,0,1,0
"Rassf1",70,25,60,144
"Gm9917",0,1,0,1
"Tusc2",2,1,1,6
"Hyal2",1,3,1,2
"Gm16343",0,0,0,1
"Hyal1",4,3,5,7
"Naa80",4,3,0,7
"Hyal3",2,3,5,6
"Ifrd2",12,6,5,23
"Lsmem2",0,0,0,0
"Gm38150",0,0,1,0
"Sema3b",0,0,0,4
"Gnai2",108,99,100,240
"Slc38a3",0,1,0,0
"Gnat1",0,1,0,0
"Gm57061",1,0,0,0
"Sema3f",4,3,2,1
"Rbm5",480,313,424,1076
"Rbm6",485,270,379,1111
"Mon1a",12,36,24,37
"Mst1r",1,0,0,2
"Traip",1,2,2,4
"Uba7",9,9,9,35
"Inka1",1,0,0,0
"4921523L03Rik",0,0,2,2
"Cdhr4",0,0,1,2
"4930535L15Rik",1,0,1,3
"Ip6k1",360,199,375,972
"Gm38134",5,2,5,6
"Gmppb",27,14,26,59
"Rnf123",40,20,40,87
"Gm20529",1,0,3,10
"Amigo3",29,11,12,65
"Apeh",11,11,11,36
"Bsn",146,90,128,359
"4930447F24Rik",0,1,0,2
"Dag1",99,78,80,181
"Nicn1",8,12,7,16
"Amt",7,8,3,23
"Tcta",12,18,11,26
"Rhoa",111,71,141,256
"Gpx1",2,5,5,4
"Gm57028",5,1,3,9
"Usp4",98,69,87,292
"Gm37963",1,0,0,0
"1700102P08Rik",5,4,11,18
"Iho1",0,0,0,1
"Klhdc8b",22,12,31,61
"Ccdc71",3,3,6,11
"Lamb2",0,0,0,0
"Usp19",117,51,69,227
"Qars",19,20,16,62
"Qrich1",210,139,228,600
"Impdh2",16,9,8,26
"Ndufaf3",3,2,2,2
"4833445I07Rik",4,1,5,16
"Dalrd3",36,28,27,66
"Wdr6",42,36,31,97
"P4htm",51,42,79,181
"Gm38163",1,0,2,4
"Arih2",180,103,203,580
"Slc25a20",38,21,58,76
"Prkar2a",102,59,101,231
"Ip6k2",288,149,192,693
"Nckipsd",20,20,17,62
"Gm35025",3,2,3,5
"Celsr3",69,36,81,193
"Gm57039",0,1,1,2
"Slc26a6",1,7,2,13
"Tmem89",2,0,0,2
"Uqcrc1",20,17,21,51
"Col7a1",10,2,5,18
"Pfkfb4",27,10,17,56
"Shisa5",6,7,9,14
"Atrip",24,20,33,69
"Tma7",6,9,7,24
"Ccdc51",10,7,10,27
"Gm7628",1,0,1,1
"Plxnb1",71,47,47,165
"Fbxw15",1,0,0,1
"Fbxw24",2,0,4,9
"Nme6",7,10,10,21
"Cdc25a",12,19,3,24
"Map4",140,37,111,271
"Dhx30",112,50,87,260
"Smarcc1",144,115,127,297
"Cspg5",8,0,4,8
"Elp6",6,3,3,17
"Scap",41,49,41,130
"Ptpn23",70,35,42,152
"Klhl18",60,46,49,178
"Kif9",49,29,50,81
"Setd2",426,217,345,1009
"Nradd",1,4,3,10
"Nbeal2",42,27,40,135
"Ccdc12",107,45,92,244
"Gm35715",2,2,1,2
"Pth1r",1,0,3,9
"Tmie",4,3,7,11
"Als2cl",15,2,5,14
"Lrrc2",0,0,0,3
"Rtp3",0,0,0,1
"Gm10030",0,2,0,2
"Ccrl2",1,0,0,3
"Lrrfip2",417,203,304,1017
"Mlh1",58,55,62,139
"Epm2aip1",92,77,77,234
"Trank1",1,1,4,7
"Stac",0,2,1,1
"AU023762",1,0,1,1
"Gm36745",0,0,0,0
"Pdcd6ip",122,71,133,362
"Clasp2",820,377,823,2105
"Ubp1",218,82,125,459
"Fbxl2",239,125,233,562
"Gm47950",3,2,0,5
"Susd5",0,0,1,4
"4930520O04Rik",0,1,0,2
"Crtap",5,8,2,7
"Glb1",56,34,65,111
"Tmppe",0,1,0,1
"Gm57032",0,0,1,0
"Ccr4",0,0,0,1
"Trim71",0,3,1,10
"Cnot10",253,145,217,698
"Dync1li1",63,56,72,245
"Cmtm6",8,6,9,15
"Cmtm7",5,1,3,2
"Gm9888",0,0,0,0
"Cmtm8",11,5,2,18
"Gpd1l",8,12,12,30
"Osbpl10",138,78,81,338
"Rps27rt",2,6,2,1
"Stt3b",121,101,80,293
"Tgfbr2",2,0,1,0
"Rbms3",611,472,934,1438
"Gm17396",0,1,3,4
"Gm26614",1,1,1,4
"Zcwpw2",103,79,93,309
"Azi2",153,77,135,352
"Cmc1",67,31,51,159
"Gm17399",0,7,2,9
"Golga4",982,673,825,2066
"Itga9",50,61,42,131
"Gm2415",2,0,7,7
"Ctdspl",956,520,825,2340
"Vill",2,0,6,5
"Plcd1",0,1,0,3
"Dlec1",16,8,7,37
"Slc22a14",10,1,7,15
"Slc22a13b",0,0,0,0
"Oxsr1",36,20,31,108
"Gm57027",2,0,5,3
"Myd88",2,0,0,8
"Acaa1a",35,30,19,68
"Xylb",13,3,7,11
"Acvr2b",73,38,44,150
"Gm47320",3,3,1,3
"4930516B21Rik",0,0,0,0
"Exog",10,19,12,42
"Scn5a",0,0,2,0
"Scn11a",1,0,0,0
"Gm2449",0,0,2,4
"Wdr48",75,43,74,181
"Cx3cr1",16,3,8,18
"Gorasp1",8,6,7,19
"Ttc21a",6,0,2,9
"Csrnp1",31,6,41,116
"1700019L13Rik",0,3,2,2
"Slc25a38",9,10,9,22
"Rpsa",30,40,52,39
"Gm38642",0,0,0,2
"Myrip",49,53,20,106
"D830035M03Rik",0,2,0,5
"Eif1b",5,9,5,12
"Entpd3",244,240,238,856
"Rpl14",37,15,29,13
"5830454E08Rik",3,1,1,0
"Gm39460",0,0,0,1
"Ctnnb1",155,101,143,423
"Ulk4",228,98,168,456
"Gm34655",4,2,2,9
"Trak1",447,341,490,1425
"Gm47095",0,0,0,0
"Lyzl4",22,22,84,125
"Vipr1",92,39,146,311
"Sec22c",12,6,7,33
"Ss18l2",7,6,10,26
"Nktr",1725,990,1326,4078
"E530011L22Rik",14,5,4,15
"Zfp651",20,9,11,65
"Klhl40",0,0,0,4
"Hhatl",1,0,2,2
"Ccdc13",0,0,0,0
"Higd1a",0,2,4,2
"Gm47112",0,0,0,0
"Gm47113",0,0,0,0
"Ackr2",0,0,0,0
"1700048O20Rik",0,0,0,0
"Pomgnt2",16,15,34,73
"Snrk",66,53,72,184
"Gm47121",1,1,3,4
"Ano10",62,45,50,141
"Gm26797",21,9,10,17
"Abhd5",12,19,14,46
"A730085K08Rik",2,0,1,1
"9530059O14Rik",0,0,0,1
"Tcaim",33,22,33,80
"Gm35549",2,0,2,6
"Zfp445",179,103,163,488
"Gm47140",1,4,0,5
"A530083I20Rik",2,1,0,3
"Zkscan7",9,13,15,25
"Zfp660",3,1,1,1
"Zfp105",5,1,4,4
"ENSMUSG00000121452",0,0,0,2
"1110059G10Rik",11,5,7,17
"Kif15",0,10,0,1
"Gm9856",11,14,12,36
"Tmem42",10,2,4,24
"Tgm4",3,5,8,17
"Zdhhc3",82,81,99,286
"Exosc7",28,16,27,70
"Clec3b",0,1,1,4
"Cdcp1",102,71,83,167
"Tmem158",1,0,0,1
"ENSMUSG00000121445",0,0,0,0
"Lars2",4184,761,1571,1552
"Limd1",80,48,69,203
"Gm57036",2,2,0,1
"Sacm1l",206,106,146,388
"Slc6a20b",4,1,3,6
"Slc6a20a",1,5,3,22
"Ccr9",0,1,7,7
"Lztfl1",128,79,146,348
"Gm17021",3,2,4,7
"Fyco1",116,87,89,245
"Cxcr6",0,0,1,0
"Gm57030",0,0,0,0
"Gm57020",1,0,0,1
"Ccr1",1,0,0,0
"Ccr2",0,0,0,0
"Ccr5",0,0,0,0
"Gm39469",40,24,47,74
"2010315B03Rik",68,44,68,124
"Gm47181",1,0,2,3
"Ppp2r3d",59,30,55,167
"Ppp1r14c",6,10,2,11
"Plekhg1",15,11,20,59
"Mthfd1l",374,250,428,1169
"Akap12",0,0,6,10
"Zbtb2",193,76,140,353
"Gm21781",5,11,14,31
"Rmnd1",54,43,44,125
"Gm16153",4,1,5,5
"Armt1",11,15,7,29
"Ccdc170",0,2,1,0
"Esr1",15,1,5,9
"Syne1",3198,1660,3037,6386
"Myct1",1,0,0,1
"Fbxo5",3,2,6,8
"Mtrf1l",15,12,23,54
"Rgs17",108,77,133,235
"Oprm1",1,0,1,2
"Ipcef1",5,5,1,1
"Cnksr3",156,44,140,359
"Gm53610",3,7,5,13
"Ulbp1",0,0,0,5
"Lrp11",193,104,163,397
"Pcmt1",102,71,95,256
"A630066F11Rik",0,3,2,1
"Nup43",4,2,2,2
"Lats1",110,89,115,292
"Katna1",40,26,56,114
"Gm20470",4,8,4,9
"Ginm1",27,16,24,75
"B430219N15Rik",0,1,1,0
"Ppil4",120,55,87,317
"Zc3h12d",0,0,0,3
"Tab2",196,85,180,528
"Ust",115,43,62,255
"Sash1",24,18,24,54
"Gm48727",0,0,0,0
"Gm48728",0,0,0,0
"Gm48748",0,0,0,0
"Gm48749",0,0,0,0
"Samd5",2,3,0,9
"Stxbp5",329,147,294,898
"Gm46210",8,16,9,29
"Gm28905",99,220,134,362
"Gm48278",0,1,0,2
"Gm48281",0,0,0,1
"Gm48279",0,0,0,1
"4930598N05Rik",3,9,9,6
"Adgb",459,247,472,1155
"Rab32",0,0,0,0
"Grm1",4,2,5,7
"Shprh",222,119,180,480
"4930432B10Rik",24,10,5,31
"Fbxo30",41,13,31,82
"Epm2a",76,23,82,186
"Utrn",1274,827,1079,2528
"B230208H11Rik",0,0,0,0
"Stx11",0,1,0,0
"Sf3b5",4,8,2,11
"Plagl1",4,1,9,13
"Zc2hc1b",0,0,0,1
"Ltv1",13,15,19,39
"Phactr2",94,63,93,194
"Fuca2",10,4,7,22
"Pex3",61,30,47,114
"Adat2",2,0,3,6
"Aig1",521,292,448,1216
"Gm56954",0,0,0,2
"Hivep2",842,440,719,2418
"Adgrg6",1,0,0,0
"Vta1",82,59,79,192
"Gm16234",0,0,0,1
"Nmbr",0,0,6,0
"Gm47710",1,0,0,0
"Gm47712",0,0,1,2
"Gm40604",0,0,0,0
"Gm20125",1,0,1,1
"Gm47760",0,1,0,2
"Gm47761",2,8,4,16
"Gm47769",0,1,0,0
"Gm47771",0,0,0,2
"Cited2",21,16,9,22
"Gm20655",2,1,0,3
"Txlnb",0,0,1,2
"Heca",261,90,301,838
"Abracl",21,13,42,86
"Reps1",489,182,387,1213
"Ect2l",1,1,0,2
"Ccdc28a",44,16,27,98
"Gm10827",5,1,0,6
"Nhsl1",37,16,17,66
"Hebp2",0,0,0,0
"Arfgef3",749,483,715,1839
"Gm32926",56,47,69,108
"Gm4922",0,0,1,1
"4930444F02Rik",0,0,0,1
"Perp",15,2,7,19
"Tnfaip3",76,27,55,135
"Ifngr1",30,23,22,75
"Slc35d3",15,5,10,21
"Pex7",144,91,156,380
"Map3k5",359,220,273,826
"Map7",807,494,695,2337
"4930405J17Rik",0,0,0,3
"Gm48249",7,2,2,16
"4933406P04Rik",4,3,0,7
"Bclaf1",637,302,604,1666
"Mtfr2",10,7,3,28
"Pde7b",701,490,738,1576
"Ahi1",481,239,363,985
"Gm20149",1,0,0,3
"Hbs1l",217,114,176,427
"4930455C13Rik",7,3,1,6
"Aldh8a1",0,0,0,1
"Sgk1",2,4,1,3
"Gm34267",1,0,1,3
"Raet1e",4,1,1,0
"Gm26740",2,1,0,0
"ENSMUSG00000121430",0,0,0,0
"Slc2a12",3,0,3,6
"Tbpl1",26,14,12,69
"Gm10824",0,0,0,0
"Eya4",0,0,0,0
"Rps12",27,21,42,11
"Slc18b1",21,12,11,41
"Vnn3",0,0,0,3
"Vnn1",0,2,2,0
"Taar1",6,1,8,9
"Gm40614",1,0,1,2
"Stx7",115,88,95,294
"Moxd1",3,2,8,3
"Gm15270",0,1,0,0
"Ccn2",0,1,0,0
"Enpp1",0,0,0,1
"Enpp3",0,0,4,4
"Med23",83,65,60,215
"Arg1",16,21,26,24
"Gm36172",0,0,0,1
"Akap7",108,47,94,222
"Gm40617",2,1,3,5
"Epb41l2",10,6,9,25
"Gm36543",10,8,4,25
"4930401C15Rik",0,0,1,1
"Tmem200a",3,1,3,10
"L3mbtl3",41,25,45,73
"Gm48893",0,0,0,1
"Arhgap18",95,89,142,303
"Lama2",1,27,59,71
"Gm30228",0,0,3,4
"Ptprk",84,89,103,254
"Themis",5,0,1,0
"Soga3",208,99,190,437
"9330159F19Rik",71,55,92,153
"Gm46218",15,13,25,31
"Echdc1",25,23,24,40
"Rnf146",54,29,57,118
"Gm40621",0,0,1,5
"Cenpw",1,1,1,2
"Trmt11",54,38,38,127
"Gm20300",4,4,11,12
"Hint3",20,10,29,75
"Ncoa7",326,147,338,777
"Hey2",0,1,0,0
"Hddc2",5,7,8,12
"Tpd52l1",60,35,67,161
"Gm48094",1,0,0,5
"Rnf217",1024,455,790,2248
"Nkain2",2,1,13,24
"Trdn",1,0,1,3
"Rsph4a",49,4,14,118
"Zup1",172,87,140,394
"A830082N09Rik",7,13,11,35
"Rwdd1",55,49,36,114
"Calhm5",0,0,0,0
"Dse",30,10,35,59
"Tspyl1",28,20,24,51
"Nt5dc1",133,93,156,344
"Gm47512",3,3,3,5
"Tspyl4",84,49,56,199
"Col10a1",1,2,0,1
"Frk",132,101,107,299
"Amd2",1,1,3,10
"Hs3st5",3,4,0,8
"Hdac2",48,32,33,87
"Marcks",45,12,28,64
"Gm57009",0,1,2,2
"5930403N24Rik",0,0,3,3
"Lama4",0,0,0,0
"Fam229b",22,20,21,31
"Tube1",1,2,3,5
"Gm48486",0,0,1,3
"Gm31616",0,0,0,0
"Fyn",210,82,166,395
"Gm16364.1",5,5,4,8
"Traf3ip2",66,37,59,191
"E130307A14Rik",137,94,168,408
"Rev3l",827,417,716,2080
"Mfsd4b4",17,19,12,41
"4930547M16Rik",1,1,1,2
"Mfsd4b2",1,1,3,1
"Mfsd4b3-ps",0,2,1,2
"Mfsd4b5",2,1,0,2
"Mfsd4b1",32,10,28,46
"Slc16a10",2518,1287,2443,5846
"Gm31992",3,4,5,13
"Rpf2",11,15,10,21
"Gtf3c6",3,1,2,12
"Amd1",76,41,57,186
"Cdk19",91,42,107,219
"Ddo",126,71,143,315
"Mettl24",15,10,13,55
"Cdc40",103,68,111,264
"Wasf1",9,6,2,22
"Fig4",111,69,93,316
"Ak9",3,3,9,10
"Zbtb24",33,11,23,74
"Mical1",0,1,0,1
"Smpd2",14,5,9,30
"Ppil6",28,23,36,75
"Cd164",147,85,165,300
"Ccdc162",1287,648,1277,2913
"Gm17196",1,0,1,4
"5730435O14Rik",2,1,3,3
"Cep57l1",64,35,56,132
"BC048559",1,3,0,1
"Sesn1",281,147,231,676
"Armc2",6,3,5,14
"1700016J18Rik",1,1,1,1
"Foxo3",806,315,891,2627
"Afg1l",193,141,193,460
"Snx3",96,59,57,242
"Ostm1",52,30,54,148
"Sec63",450,290,382,1175
"Scml4",431,177,431,1214
"Gm34006",4,0,0,2
"Gm48671",3,0,1,1
"Sobp",1056,566,1105,2791
"Gm47815",0,2,1,5
"Gm29246",0,0,0,3
"9030612E09Rik",4,1,7,5
"5430427G11Rik",2,5,2,7
"Pdss2",316,225,286,875
"Bend3",19,18,7,31
"Gm47889",91,53,146,374
"Pam16l",0,1,2,6
"Mtres1",11,12,10,27
"Cd24a",1,6,3,1
"F930017D23Rik",0,1,0,1
"Qrsl1",15,14,8,37
"Rtn4ip1",35,16,30,89
"Crybg1",51,60,89,184
"Atg5",93,69,90,224
"Prdm1",37,13,28,58
"Gm35154",2,2,0,0
"4930431F10Rik",2,0,0,1
"Gm47392",36,47,94,268
"Prep",58,53,55,122
"Popdc3",0,1,0,1
"Lin28b",0,3,0,0
"Hace1",101,46,112,247
"D030045P18Rik",4,0,0,2
"Grik2",103,76,50,189
"Gm26543",0,0,0,0
"Ascc3",1004,554,716,2028
"Sim1",74,57,40,182
"Lilrb4b",0,0,0,0
"Lilrb4a",0,0,0,0
"Gm46224",0,0,0,0
"Gprc6a",1,1,2,12
"Rfx6",802,527,645,2222
"Ros1",5,3,6,5
"Dcbld1",64,58,84,168
"Gopc",39,43,73,132
"Nus1",46,29,26,95
"Slc35f1",106,47,29,109
"Cep85l",90,30,50,191
"Gm47644",5,2,1,3
"Gm20597",2,0,0,1
"Mcm9",129,58,99,320
"Gm47739",0,0,3,1
"Asf1a",2,3,7,7
"Fam184a",192,143,145,470
"Man1a",483,278,512,1263
"Gm16998",0,0,1,5
"Tbc1d32",164,127,186,422
"Msl3l2",11,9,8,31
"Gja1",4,0,0,0
"Hsf2",103,54,57,154
"Serinc1",173,66,226,503
"Pkib",135,71,109,379
"Smpdl3a",22,14,21,50
"Gcc2",316,185,313,812
"Lims1",201,110,130,469
"Gm57003",0,1,0,2
"Ranbp2",688,289,655,1870
"Ccdc138",49,29,60,135
"Edar",0,1,0,4
"Sh3rf3",0,3,0,4
"Septin10",36,40,45,106
"Sowahc",28,17,31,51
"P4ha1",87,81,82,168
"Mcu",181,122,217,490
"Micu1",224,113,155,438
"Dnajb12",55,36,68,148
"Ddit4",22,30,9,20
"Anapc16",49,43,88,144
"Ascc1",175,121,172,411
"Spock2",608,409,594,1368
"Gm51802",3,0,0,5
"Chst3",2,2,1,0
"Psap",129,103,160,361
"Cdh23",55,101,105,54
"Vsir",1,3,1,3
"Slc29a3",10,6,2,17
"Unc5b",29,7,16,70
"Gm26947",6,3,3,11
"Pcbd1",5,4,8,6
"Sgpl1",66,29,44,171
"Pald1",8,4,8,14
"Eif4ebp2",45,53,66,140
"Gm48086",7,4,6,22
"Lrrc20",83,58,48,227
"Gm47595",0,0,0,0
"Ppa1",17,8,12,60
"1700022H01Rik",0,1,1,2
"Sar1a",116,48,103,326
"Tysnd1",12,11,5,37
"Aifm2",48,17,46,122
"Macroh2a2",52,51,114,204
"Col13a1",0,4,0,0
"Fam241b",46,9,23,69
"Neurog3",1,3,2,13
"Tspan15",210,139,230,416
"Hk1",1,0,4,4
"Hk1os",0,0,0,0
"Supv3l1",42,25,34,100
"4930507D05Rik",0,1,1,0
"Vps26a",46,31,36,91
"Srgn",2,1,0,0
"Gm56955",3,5,3,15
"Kifbp",57,36,71,179
"Ddx21",53,40,55,126
"Ddx50",635,303,508,1504
"Stox1",311,185,199,643
"Ccar1",334,170,264,657
"Tet1",82,47,53,192
"Slc25a16",44,24,45,123
"Dna2",12,10,7,25
"Rufy2",160,78,118,341
"Hnrnph3",186,73,151,366
"Pbld2",11,10,20,41
"Pbld1",8,4,6,15
"Mypn",1,0,1,3
"1700120B22Rik",0,1,1,0
"Herc4",164,92,122,394
"Gm26789",0,0,0,1
"Sirt1",65,25,65,191
"Gm16145",0,0,1,0
"Dnajc12",31,16,30,58
"Ctnna3",6,22,7,42
"Lrrtm3",18,21,6,63
"Gm47896",1,0,0,0
"Gm31416",0,0,0,0
"Gm31763",6,6,6,15
"Reep3",165,80,156,453
"Jmjd1c",1252,445,956,2665
"Nrbf2",62,28,62,162
"Egr2",7,3,16,11
"Ado",3,1,8,1
"Gm32364",0,0,1,1
"Zfp365",11,7,5,24
"Rtkn2",11,3,14,16
"Arid5b",305,170,210,480
"Cabcoco1",111,56,79,180
"Tmem26",0,0,0,0
"Gm33035",0,0,1,2
"Gm33263",1,0,0,0
"Rhobtb1",1030,680,785,1968
"A930033H14Rik",0,3,2,6
"Ank3",1943,1294,2118,5339
"Ccdc6",121,113,115,402
"Mrln",38,33,38,105
"Slc16a9",92,31,99,313
"Fam13c",22,14,13,49
"Phyhipl",95,40,117,272
"BB187676",2,2,0,7
"Gm48021",0,0,0,0
"Gm48023",0,0,0,4
"4930533K18Rik",2,1,4,4
"Bicc1",688,364,516,1369
"Gm48025",3,3,3,6
"Tfam",14,5,10,27
"Ube2d1",49,33,35,72
"Cisd1",11,13,5,14
"Ipmk",98,65,100,275
"Gm34544",3,9,2,14
"Zwint",206,89,274,513
"Pcdh15",397,274,386,832
"Gm15398",1,0,0,0
"Rsph14",28,10,17,49
"Gnaz",184,87,181,430
"Rab36",73,50,79,210
"Bcr",412,229,261,820
"Specc1l",355,209,265,765
"Adora2a",12,2,12,35
"Gucd1",40,23,39,114
"Upb1",107,100,91,380
"Snrpd3",20,12,11,50
"Ggt5",1,1,0,1
"Susd2",0,1,0,3
"Cabin1",197,146,187,591
"Ddt",1,1,3,6
"Gstt3",0,0,0,2
"Gstt1",30,27,60,120
"Gstt2",28,26,48,63
"Mif",5,5,3,14
"Gm56948",1,3,10,12
"Derl3",0,2,4,13
"Smarcb1",41,35,31,105
"Mmp11",0,0,0,4
"Chchd10",1,4,1,6
"Gm5134",2,0,0,2
"Zfp280b",5,6,5,15
"Slc5a4b",0,0,0,1
"Prmt2",17,10,17,36
"S100b",0,0,0,0
"Dip2a",53,23,35,114
"Pcnt",124,44,100,300
"1700094J05Rik",1,0,0,2
"Gm9744",0,1,0,3
"2610028H24Rik",0,0,0,1
"Ybey",2,2,2,6
"Mcm3ap",57,36,31,90
"Lss",27,19,15,56
"Col6a2",0,1,0,0
"Col6a1",0,0,0,0
"Pcbp3",719,464,704,1797
"Gm35721",11,10,18,45
"Slc19a1",10,3,5,23
"Col18a1",0,2,0,1
"Gm10941",2,2,2,3
"Pofut2",46,20,18,82
"Adarb1",86,52,51,204
"Fam207a",27,20,24,49
"Itgb2",1,0,0,0
"Pttg1ip",16,15,18,64
"Sumo3",36,19,33,106
"Ube2g2",56,27,26,97
"Tspear",2,4,3,5
"Lrrc3",0,0,1,3
"Trpm2",34,23,56,102
"Cfap410",21,10,13,46
"Pfkl",24,6,25,70
"Icosl",1,1,0,1
"Gm47922",1,0,0,0
"Gatd3a",9,4,5,25
"Pwp2",4,7,8,28
"Trappc10",160,65,103,398
"Gm30122",17,10,21,40
"Agpat3",255,171,183,561
"Rrp1",87,29,65,172
"Cstb",9,5,5,10
"4921516A02Rik",0,4,2,9
"Pdxk",52,14,42,117
"Ilvbl",9,4,7,27
"Syde1",0,0,0,0
"Gm47343",0,1,0,1
"2610008E11Rik",77,50,58,222
"Gm47015",13,1,1,18
"Gm56966",0,0,0,0
"Plpp2",2,2,3,4
"Mier2",21,3,13,38
"C2cd4c",4,4,2,7
"Shc2",38,16,22,83
"Gm47163",5,1,4,7
"Tpgs1",5,5,3,7
"Cdc34",9,3,6,15
"Gzmm",8,2,7,13
"Bsg",61,56,70,149
"Hcn2",29,17,19,66
"Polrmt",8,2,9,20
"Fgf22",2,4,0,3
"Rnf126",14,11,10,37
"Fstl3",0,0,3,4
"Palm",13,13,24,33
"Misp",4,4,1,4
"E130317F20Rik",9,20,16,37
"Ptbp1",141,55,81,338
"Plppr3",1,1,2,8
"Prtn3",2,0,0,5
"Med16",25,12,27,55
"R3hdm4",28,26,22,90
"Kiss1r",4,5,3,11
"Arid3a",26,25,25,52
"Wdr18",12,9,11,33
"Grin3b",0,1,0,3
"Tmem259",53,35,50,126
"Cnn2",0,0,0,0
"Abca7",113,60,99,275
"Arhgap45",3,1,0,2
"Polr2e",6,4,8,10
"Gpx4",18,4,8,22
"Sbno2",76,29,64,177
"Stk11",175,56,107,380
"Cbarp",52,32,67,190
"Atp5d",19,11,22,37
"Midn",59,29,48,134
"Cirbp",73,32,48,131
"Fam174c",14,6,9,15
"Efna2",9,4,4,12
"Pwwp3a",70,48,54,197
"Ndufs7",12,8,13,29
"Gamt",0,0,0,1
"Dazap1",113,46,63,223
"Rps15",48,29,68,60
"Apc2",3,1,2,9
"2310011J03Rik",11,9,7,9
"Pcsk4",45,15,54,118
"Reep6",17,17,20,40
"Adamtsl5",0,1,0,5
"Plk5",3,2,1,11
"Mex3d",4,0,4,7
"Mbd3",14,11,19,26
"3300002P09Rik",1,0,0,0
"Uqcr11",3,5,2,10
"Tcf3",39,34,36,86
"Atp8b3",0,0,1,1
"Rexo1",84,39,70,205
"Klf16",9,1,4,10
"Abhd17a",7,10,6,27
"Gm29093",0,0,1,0
"Gm49322",0,5,0,2
"Csnk1g2",89,56,89,251
"Btbd2",23,14,18,72
"Mknk2",21,6,23,72
"Mob3a",26,3,17,58
"Izumo4",36,15,16,75
"Ap3d1",277,196,193,638
"Dot1l",139,93,117,404
"Plekhj1",9,4,4,15
"Sf3a2",10,3,12,27
"Oaz1",62,55,42,140
"Lingo3",0,0,1,1
"Lsm7",14,15,14,33
"Sppl2b",26,6,19,54
"Tmprss9",5,2,1,6
"Timm13",6,5,6,22
"Lmnb2",17,8,9,40
"Gadd45b",18,3,12,30
"Gng7",45,22,27,80
"Diras1",2,0,0,1
"Slc39a3",6,8,7,6
"Sgta",34,22,25,84
"Thop1",9,5,7,22
"Creb3l3",0,1,0,2
"Map2k2",142,94,141,319
"Zbtb7a",67,27,64,195
"Pias4",35,24,32,82
"Eef2",118,64,86,224
"Dapk3",18,12,18,42
"Atcayos",5,0,3,6
"Atcay",1,1,0,2
"Zfr2",68,71,69,142
"Matk",6,4,6,15
"Mrpl54",14,3,22,44
"Apba3",6,1,7,15
"Tjp3",12,11,8,23
"Pip5k1c",75,32,36,190
"Gm16315",1,0,0,6
"Cactin",7,6,12,23
"Tbxa2r",1,1,0,2
"Gipc3",0,0,0,0
"Hmg20b",50,40,57,106
"Mfsd12",8,2,7,20
"Tektip1",2,1,3,3
"Fzr1",26,12,25,64
"Dohh",6,6,5,24
"Gm48552",0,0,1,3
"Smim24",0,0,2,9
"Nfic",135,78,133,321
"Celf5",6,3,6,14
"Ncln",21,17,16,35
"S1pr4",0,0,0,0
"Gna15",1,0,0,0
"Gna11",62,31,42,145
"Tle5",61,28,62,143
"Tle2",65,41,53,143
"Tle6",7,2,9,25
"BC025920",3,2,5,10
"Sirt6",8,7,9,21
"Ankrd24",158,80,122,345
"Gm56991",1,0,1,2
"Gm10778",7,3,3,10
"Zfp433",9,3,4,16
"Gm3055",10,11,20,26
"Gm32687",6,1,6,6
"Zfp781",9,6,10,33
"Zfp873",9,2,7,26
"BC024063",24,20,21,59
"AU041133",33,27,37,61
"Gm15608",1,4,10,13
"Zfp938",60,27,50,131
"Gm4924",88,61,90,229
"Uqcc6",5,3,4,7
"Tdg",45,27,62,147
"Glt8d2",1,0,3,0
"Hcfc2",85,60,68,220
"Nfyb",31,25,25,59
"Gm47561",1,0,0,2
"Txnrd1",153,86,170,497
"Gm38560",3,7,7,15
"Eid3",18,5,13,54
"Chst11",896,401,466,1688
"Slc41a2",40,27,40,86
"Nopchap1",29,19,14,74
"Aldh1l2",6,18,2,22
"Washc4",127,55,82,263
"Appl2",163,95,148,365
"1500009L16Rik",34,21,30,86
"Nuak1",74,43,29,147
"Gm47962",11,11,10,26
"E230014E18Rik",0,0,0,4
"Ckap4",19,9,24,36
"Tcp11l2",34,15,42,143
"Gm17249",2,1,1,8
"Polr3b",79,43,98,169
"Rfx4",0,1,0,3
"Ric8b",419,164,321,839
"Gm56990",3,1,3,6
"Fhl4",2,3,3,5
"Tmem263",100,49,78,191
"Mterf2",8,7,9,34
"Cry1",118,30,127,365
"Abtb3",93,38,49,128
"Pwp1",53,38,36,109
"Prdm4",39,12,16,67
"Ascl4",0,2,0,3
"Rtcb",52,23,34,120
"Bpifc",0,0,0,3
"A230060F14Rik",0,0,1,0
"Fbxo7",33,25,45,118
"Syn3",191,120,241,576
"4930486F22Rik",0,0,0,0
"Timp3",3,11,0,0
"1810014B01Rik",4,5,4,9
"Hsp90b1",745,663,631,2017
"Gm15344",5,3,2,15
"Ttc41",43,14,28,101
"Nt5dc3",213,125,271,810
"Gm16268",13,4,14,62
"Stab2",24,24,52,73
"Gm16271",6,5,22,16
"1700113H08Rik",16,10,28,44
"4930555G07Rik",2,1,2,3
"Ascl1",0,5,0,1
"Igf1",0,0,0,1
"Parpbp",1,1,1,5
"Nup37",7,9,10,26
"Washc3",42,40,65,140
"Dram1",1,0,5,8
"Gnptab",65,21,54,144
"Chpt1",26,13,23,60
"Sycp3",0,1,2,1
"Mybpc1",0,0,0,2
"Spic",0,0,0,0
"Arl1",61,32,38,122
"Utp20",62,28,38,128
"Ano4",1,2,1,0
"Gas2l3",0,1,1,1
"Nr1h4",70,90,132,215
"Slc17a8",3,1,4,2
"Scyl2",102,48,99,290
"1500026H17Rik",2,3,2,3
"Actr6",24,4,18,49
"Uhrf1bp1l",306,189,243,678
"Anks1b",20,16,51,68
"Apaf1",47,35,54,136
"Ikbip",10,16,8,24
"Slc25a3",127,66,173,425
"Gm56945",4,0,0,1
"Tmpo",107,65,106,294
"Rmst",1,0,0,3
"Nedd1",20,20,15,51
"Cfap54",80,47,110,212
"Gm57008",0,0,0,2
"Cdk17",100,83,127,256
"Elk3",93,63,87,149
"Gm17745",0,0,0,2
"Lta4h",36,27,21,93
"Hal",0,0,0,1
"Amdhd1",0,1,1,1
"Ccdc38",2,0,2,0
"Snrpf",7,4,10,18
"4933408J17Rik",0,2,0,2
"Gm47156",0,0,0,2
"Ntn4",82,38,116,261
"Gm15915",0,0,4,4
"Metap2",75,55,82,273
"Vezt",98,78,116,305
"Fgd6",210,112,188,595
"Nr2c1",32,34,23,104
"Ndufa12",16,13,24,46
"Tmcc3",804,537,1221,2429
"Gm16155",1,0,0,5
"Tmcc3os",2,0,2,4
"Cep83os",18,14,21,52
"Cep83",91,51,59,166
"Plxnc1",5,0,11,0
"Cradd",280,167,302,682
"Gm48882",0,0,4,8
"Socs2",50,25,59,146
"5730420D15Rik",8,1,15,12
"Mrpl42",10,10,11,14
"Ube2n",82,37,70,207
"Nudt4",78,45,66,392
"4732465J04Rik",2,1,3,6
"Gm33543",1,2,0,4
"Eea1",431,168,348,890
"Gm48427",4,3,4,11
"Gm33782",0,0,5,3
"Gm56972",1,0,0,1
"Gm33843",0,0,1,0
"Btg1",229,200,168,520
"Gm48521",0,0,0,0
"Dcn",0,1,1,0
"Gm10754",1,0,0,3
"Atp2b1",800,389,890,2163
"Gm48768",7,4,6,16
"Poc1b",102,75,177,327
"Galnt4",6,11,20,40
"Gm16239",0,0,0,4
"Gm34574",4,10,13,5
"Gm56968",0,0,0,0
"Dusp6",0,6,2,4
"Gm48089",0,1,0,0
"B530045E10Rik",0,1,1,0
"Gm20110",0,5,4,4
"Gm47578",4,1,0,5
"Gm56951",0,1,0,0
"Kitl",2,0,0,0
"Tmtc3",226,91,172,513
"Cep290",268,92,176,441
"4930430F08Rik",8,5,11,16
"Gm47956",3,0,2,3
"Mgat4c",4,2,1,12
"Rassf9",2,1,3,12
"Lrriq1",34,22,51,84
"Slc6a15",2,0,1,3
"Tmtc2",1335,900,1093,2578
"Gm15663",6,8,4,11
"Mettl25",107,72,95,305
"Ccdc59",52,39,59,125
"Ppfia2",125,27,110,214
"Acss3",0,0,0,8
"Lin7a",45,52,42,156
"Ptprq",0,0,0,3
"Gm29685",0,0,0,0
"Ppp1r12a",718,317,538,1445
"Pawr",369,202,327,940
"Gm36283",6,1,2,19
"Gm36440",1,1,6,1
"Syt1",74,43,41,137
"Brcc3dc",0,1,0,0
"Nav3",517,205,396,1193
"E2f7",5,4,4,10
"Csrp2",11,5,5,10
"Zdhhc17",183,103,197,514
"Osbpl8",199,95,240,450
"Gm57006",4,2,4,18
"Bbs10",1,5,1,2
"Nap1l1",275,132,195,575
"Phlda1",3,9,0,8
"Gm30624",2,1,1,7
"Krr1",24,12,10,53
"Glipr1",0,1,0,0
"Caps2",26,17,18,90
"Kcnc2",162,88,196,251
"Atxn7l3b",38,20,40,88
"Gm31182",0,0,0,0
"Tph2",3,2,1,2
"Tbc1d15",282,108,260,776
"Rab21",88,67,79,243
"Tmem19",35,17,40,83
"Thap2",26,30,30,54
"Zfc3h1",351,208,276,700
"Lgr5",5,1,4,6
"4930422I22Rik",16,4,12,29
"Tspan8",98,73,168,281
"Ptprr",238,104,178,506
"Ptprb",2,4,5,8
"Kcnmb4",2,3,3,4
"Cnot2",285,166,191,621
"5330438D12Rik",38,20,25,51
"1700030O20Rik",1,0,0,1
"4930579P08Rik",0,0,0,0
"Myrfl",1,0,2,4
"Rab3ip",123,74,93,332
"4933412E12Rik",8,8,2,15
"Best3",160,58,105,384
"Cct2",34,23,16,82
"Frs2",192,105,170,428
"Yeats4",10,8,11,17
"Gm48772",0,0,0,0
"Lyz2",0,0,0,0
"Cpsf6",198,102,223,523
"Gm40770",1,0,0,0
"Cpm",137,118,115,231
"Mdm2",125,68,96,289
"Gm56970",0,2,0,1
"Slc35e3",14,6,3,35
"Nup107",46,23,42,111
"Rap1b",821,563,859,1977
"Gm40773",0,0,0,0
"4933411E08Rik",0,0,0,1
"5330439M10Rik",32,63,46,120
"Mdm1",214,187,172,893
"Gm47958",0,0,0,4
"Dyrk2",199,50,132,428
"Gm33677",5,0,1,13
"Gm34045",2,0,1,3
"Cand1",131,75,75,345
"Gm56994",1,0,2,0
"Grip1",685,325,416,1310
"Grip1os2",1,3,1,8
"Grip1os1",1,1,0,4
"Helb",24,17,28,35
"Irak3",13,6,9,33
"Tmbim4",94,51,89,171
"Llph",11,7,5,33
"Hmga2",1,0,1,1
"Msrb3",5,1,12,1
"Gm15910",0,0,0,0
"Lemd3",166,79,155,411
"Wif1",1,0,6,0
"Tbc1d30",186,142,195,438
"Gm48435",2,1,3,3
"Gns",173,134,156,348
"Rassf3",249,117,161,430
"Gm48591",0,0,0,0
"Gm40787",0,0,0,0
"Gm35696",5,2,10,14
"Tbk1",118,60,97,288
"Xpot",90,53,54,163
"D930020B18Rik",7,3,8,9
"Kics2",1,6,15,20
"Srgap1",162,75,126,408
"Rxylt1",39,13,46,99
"Gm48877",0,0,4,4
"Avpr1a",0,0,1,0
"Ppm1h",1199,548,907,2216
"Mon2",514,230,345,1160
"Usp15",457,234,386,909
"Tafa2",0,0,0,2
"Slc16a7",1,3,2,4
"Lrig3",1,0,0,0
"Atp23",6,8,9,20
"Gm56962",0,0,0,1
"Gm56949",1,1,0,2
"Ctdsp2",157,76,130,393
"Avil",28,13,30,58
"Tsfm",10,10,6,23
"Eef1akmt3",6,25,9,19
"Mettl1",71,68,55,160
"Cyp27b1",1,0,0,0
"Marchf9",7,5,6,18
"Cdk4",29,30,40,121
"Tspan31",18,11,12,34
"A730063M14Rik",0,3,5,7
"Agap2",25,21,23,41
"Os9",139,139,156,296
"B4galnt1",0,1,1,0
"Arhgef25",38,19,22,75
"Dtx3",50,31,52,145
"F420014N23Rik",0,0,5,7
"Pip4k2c",42,33,38,126
"Kif5a",22,24,23,52
"Dctn2",68,39,62,210
"Mbd6",100,56,67,290
"Gm20492",5,2,1,7
"Gm4189",9,4,7,12
"Ddit3",92,38,109,307
"Mars1",15,6,11,29
"Arhgap9",0,0,0,0
"Gm47200",1,1,0,1
"R3hdm2",380,267,360,973
"Stac3",9,7,9,25
"Ndufa4l2",0,0,0,2
"Shmt2",2,2,5,10
"Lrp1",40,27,35,95
"Stat6",37,22,39,62
"Nab2",6,2,5,16
"Nemp1",10,10,22,49
"Gm16230",2,5,1,6
"Zbtb39",4,5,4,16
"Gpr182",1,0,0,3
"Rdh1",1,0,0,3
"Rdh9",0,0,0,3
"Rdh16f2",19,18,22,43
"Prim1",10,8,5,25
"Naca",47,31,59,100
"Ptges3",161,93,117,338
"Gm47438",1,1,2,4
"Atp5b",23,24,29,66
"Baz2a",269,158,250,647
"Rbms2",52,22,24,96
"Gls2",2,6,4,9
"Gm52965",1,0,2,2
"Spryd4",0,0,1,1
"Timeless",1,1,4,3
"Apof",6,2,2,5
"Stat2",85,44,74,217
"Il23a",3,1,0,2
"Pan2",122,76,127,319
"Cnpy2",10,13,22,31
"Gm56959",2,3,5,10
"Cs",31,26,20,83
"Coq10a",35,23,24,83
"Ankrd52",52,35,47,141
"Gm17201",0,0,1,1
"Nabp2",9,10,5,33
"Rnf41",43,35,45,130
"Smarcc2",362,187,277,747
"Myl6",65,28,42,198
"Myl6b",1,0,0,0
"A430046D13Rik",16,10,13,38
"Esyt1",142,59,150,410
"Gm29585",1,1,2,10
"Zc3h10",27,9,23,59
"Rpl41",113,78,119,183
"Pa2g4",33,27,26,48
"Erbb3",5,6,20,27
"Rps26",7,6,12,8
"Ikzf4",26,19,56,92
"Gm26876",0,1,0,2
"Suox",5,8,7,7
"Rab5b",16,28,19,82
"Cdk2",6,3,4,2
"Pmel",1,0,2,1
"Dgka",43,24,31,88
"Gm31504",0,0,0,1
"Pym1",21,11,21,35
"Gm47093",0,2,1,3
"Mmp19",0,0,0,0
"Tmem198b",2,5,6,10
"Dnajc14",17,14,14,38
"Sarnp",138,87,106,381
"Ormdl2",3,4,2,12
"Gdf11",0,1,1,1
"Cd63",45,47,42,109
"Rdh5",7,6,11,18
"Bloc1s1",0,1,0,4
"Itga7",1,2,0,2
"Tespa1",4,0,0,0
"Vmn2r87",0,0,0,3
"Gm31793",5,2,7,19
"ENSMUSG00000121500",33,19,22,64
"Sfi1",181,128,133,471
"Drg1",86,42,84,214
"Eif4enif1",87,56,62,186
"Patz1",66,31,65,132
"Gm12592",10,5,18,37
"Gm11944",40,21,46,109
"Pik3ip1",20,6,53,64
"Limk2",237,109,217,537
"Rnf185",113,72,113,297
"8430429K09Rik",24,12,13,38
"Pla2g3",3,4,3,2
"Inpp5j",3,7,7,25
"Selenom",21,14,23,16
"Smtn",0,0,0,1
"Tug1",40,37,51,146
"Morc2a",99,72,77,232
"Osbp2",66,29,57,187
"4921536K21Rik",5,2,1,9
"Dusp18",54,24,27,125
"Slc35e4",16,8,7,27
"Tcn2",22,18,24,48
"4930556J24Rik",64,19,69,164
"Pes1",17,17,14,54
"Gal3st1",36,24,32,66
"Sec14l4",12,8,18,26
"Mtfp1",1,1,1,4
"Sec14l2",1,1,1,2
"Rnf215",14,6,11,41
"Ccdc157",53,24,31,145
"Sf3a1",39,29,31,89
"Tbc1d10a",18,7,7,34
"Castor1",0,2,2,3
"Osm",0,0,0,2
"Mtmr3",516,261,405,1143
"Ascc2",103,65,100,307
"Uqcr10",2,8,5,4
"Zmat5",20,14,18,42
"Cabp7",19,13,15,62
"Nf2",185,140,169,409
"Nipsnap1",72,58,66,162
"Thoc5",37,35,35,84
"Nefh",2,0,3,0
"Ap1b1",174,120,159,496
"Gas2l1",6,5,3,24
"Ewsr1",356,223,335,921
"Rhbdd3",22,14,24,56
"Emid1",10,6,0,20
"Kremen1",40,19,34,89
"Znrf3",347,225,295,1110
"Gm57349",9,12,13,24
"Gm11963",2,1,4,8
"Xbp1",114,76,97,314
"Ccdc117",17,27,20,53
"Ankrd36",0,0,1,0
"Mrps24",17,20,13,32
"Urgcp",94,107,125,255
"Ube2d-ps",7,15,19,29
"Gm57397",6,1,3,2
"Dbnl",53,34,34,97
"Polm",28,19,35,89
"Aebp1",0,1,0,1
"Pold2",5,3,4,6
"Myl7",8,1,5,6
"Gck",1159,567,703,2461
"Gm11967",2,0,3,2
"Ykt6",39,21,24,75
"Camk2b",743,477,603,1841
"Nudcd3",206,156,180,539
"Npc1l1",0,0,0,1
"Ddx56",17,10,19,37
"Tmed4",14,28,36,72
"Ogdh",258,176,236,663
"Zmiz2",36,40,46,149
"Ppia",28,11,30,48
"H2az2",122,38,126,327
"Purb",96,49,100,237
"Gm11973",12,2,23,42
"Myo1g",0,1,1,3
"Snhg15",11,6,8,18
"Ccm2",81,49,85,214
"Tbrg4",11,7,4,12
"D030016M11Rik",2,3,3,8
"Ramp3",0,0,0,1
"Adcy1",1,1,5,12
"Igfbp3",0,1,0,1
"Tns3",848,581,874,2289
"Pkd1l1",35,8,37,100
"Hus1",14,13,19,29
"Sun3",1,0,0,6
"Gm11992",2,3,1,9
"Upp1",12,10,12,39
"Vwc2",0,4,0,0
"Zpbp",51,24,70,127
"Spata48",5,0,1,8
"Ikzf1",1,3,0,0
"Fignl1",3,0,3,6
"Ddc",392,361,341,936
"1700042O10Rik",20,28,16,53
"Grb10",148,110,128,339
"Cobl",132,58,97,262
"Gm12002",2,2,4,3
"4930554G24Rik",1,0,2,0
"Vstm2a",1,1,9,5
"Sec61g",22,27,23,37
"Egfr",127,96,156,360
"Egfros",4,1,1,2
"Eldr",3,5,3,14
"Fbxo48",0,0,0,0
"Plek",36,10,58,87
"Cnrip1",52,38,63,129
"Ppp3r1",57,35,43,140
"Dnaaf10",22,23,28,56
"Pno1",2,8,2,5
"C1d",23,11,18,49
"Etaa1",11,7,9,30
"Etaa1os",4,2,3,15
"Gm12023",0,0,0,1
"8430419K02Rik",11,3,9,21
"Meis1",575,253,411,1035
"Gm16141",0,1,3,1
"Spred2",252,165,318,784
"Actr2",59,44,86,186
"Rab1a",301,163,247,755
"Cep68",26,26,35,63
"Slc1a4",2,7,2,18
"Sertad2",93,28,72,174
"Aftph",152,121,148,451
"4930434J08Rik",0,3,2,1
"Lgalsl",9,15,16,29
"Peli1",154,68,132,391
"Vps54",161,100,135,347
"Ugp2",46,35,64,108
"Mdh1",78,36,138,287
"Wdpcp",311,172,266,746
"Ehbp1",600,388,565,1437
"Tmem17",12,10,11,16
"B3gnt2",136,53,111,406
"Gm20456",0,1,1,1
"9130230N09Rik",2,3,1,4
"Commd1",52,34,41,124
"Cct4",63,36,50,135
"Fam161a",21,12,17,55
"Gm12059",0,0,0,1
"Xpo1",359,149,235,847
"Usp34",1025,606,854,2226
"Ahsa2",35,27,24,108
"1700093K21Rik",5,2,2,16
"Selenok-ps1",5,1,4,19
"Sanbr",124,70,93,244
"Pex13",20,21,23,61
"Pus10",107,57,95,227
"Rel",74,12,65,141
"Papolg",40,17,29,66
"A830031A19Rik",0,1,0,0
"Bcl11a",165,76,96,324
"Gm12064",2,1,1,1
"4930538E20Rik",0,0,0,1
"Gm12068",2,0,0,0
"5730522E02Rik",193,122,189,492
"6820445E23Rik",2,1,2,4
"Fancl",70,30,72,164
"Vrk2",84,41,69,199
"Ccdc85a",14,18,7,21
"Mir217hg",2,1,0,1
"Efemp1",0,1,0,0
"Pnpt1",45,25,40,79
"A630052C17Rik",1,1,2,1
"Ppp4r3b",155,131,221,407
"Cfap36",92,71,88,211
"Ccdc88a",565,271,506,1051
"Prorsd1",2,5,6,9
"Gm12089",5,5,4,7
"Mtif2",103,69,72,227
"Rps27a",14,19,57,34
"Clhc1",7,7,5,11
"Gm12088",0,0,1,0
"Rtn4",400,127,231,829
"Eml6",897,655,744,2103
"Fem1al",6,2,6,14
"Sptbn1",747,348,499,1415
"Gm29237",0,0,0,0
"Gm8098",1,2,4,5
"Gm57382",0,2,0,0
"4930505A04Rik",11,10,6,27
"Acyp2",238,115,212,507
"Gm57374",0,2,0,1
"Psme4",651,383,616,1536
"Gpr75",6,4,1,21
"Asb3",240,147,257,612
"Erlec1",99,84,111,232
"Chac2",3,7,7,7
"Bod1",2,1,3,15
"Gm57394",0,2,0,0
"D630024D03Rik",225,166,208,573
"Gm57354",75,34,36,138
"Cpeb4",773,238,496,1291
"Nsg2",0,0,0,2
"Gm12108",2,3,4,13
"Il9r",0,0,0,0
"Snrnp25",0,1,0,4
"Rhbdf1",2,4,5,20
"Nprl3",106,67,122,257
"Mpg",6,10,10,42
"Hba-a1",4,1,0,0
"Hba-a2",1,1,0,0
"Sh3pxd2b",4,0,0,0
"Ubtd2",90,67,70,281
"Efcab9",0,0,0,2
"Stk10",28,15,17,58
"Fbxw11",300,189,269,755
"Gm12111",0,1,1,3
"Npm1",81,41,56,159
"Gm12116",0,0,0,0
"Ranbp17",132,69,200,370
"Kcnip1",6539,3213,4744,13483
"Gm12120",5,2,1,5
"Kcnmb1",28,15,14,69
"4930469K13Rik",4,4,3,7
"Lcp2",0,0,0,0
"Dock2",1,4,0,0
"Insyn2b",1,1,2,2
"Spdl1",2,0,0,1
"Slit3",1,11,0,0
"Gm12122",0,0,0,0
"Pank3",28,21,40,56
"Rars",42,46,44,128
"Wwc1",41,33,65,95
"Tenm2",2292,1002,1492,4646
"Mat2b",38,20,39,74
"Hmmr",0,0,0,0
"Nudcd2",6,11,12,33
"Ccng1",7,10,12,39
"Gm57413",0,0,1,0
"A230004M16Rik",1,1,1,3
"Gabrg2",9,0,7,8
"Pttg1",13,8,11,32
"Slu7",37,22,25,93
"C1qtnf2",0,0,0,0
"Ccnjl",1,0,0,1
"Pwwp2a",106,83,101,260
"Ttc1",22,15,17,52
"Adra1b",2,0,1,1
"Ublcp1",80,40,91,203
"Rnf145",111,84,110,323
"Ebf1",1,20,0,0
"Gm39816",1,0,0,0
"F630206G17Rik",0,0,0,0
"Clint1",332,266,250,897
"Lsm11",2,2,2,3
"Thg1l",1,1,2,3
"Sox30",3,0,0,1
"Gm12166",1,0,1,0
"Adam19",0,1,0,0
"Cyfip2",755,565,774,1669
"Fndc9",16,13,16,34
"Itk",3,4,0,1
"Med7",29,17,16,49
"Havcr2",0,0,0,4
"Havcr1",0,0,0,0
"Sgcd",301,75,45,392
"Rack1",23,33,15,47
"Trim41",72,54,46,138
"Gm12184",2,1,6,6
"Trim7",93,53,126,326
"Gm16170",2,2,1,3
"Irgm1",6,1,6,17
"Gm5431",0,0,0,1
"Gm12185",0,0,0,0
"Psme2b",1,0,0,0
"9930111J21Rik1",0,0,0,0
"Or2v1",0,2,1,0
"Tgtp1",0,0,0,1
"9930111J21Rik2",0,2,0,0
"Tgtp2",0,0,0,1
"Ifi47",0,0,0,0
"Or2v2",0,0,0,1
"Btnl9",0,1,0,0
"Zfp62",55,37,55,176
"Gm57328",0,0,0,1
"Mgat1",32,27,20,65
"Or2y1f",0,0,1,2
"Or2y16",0,0,0,3
"Flt4",0,1,0,1
"Cnot6",158,78,115,347
"Gm36411",6,3,2,2
"Gfpt2",0,0,0,0
"Mapk9",78,46,74,177
"Rasgef1c",0,0,0,1
"Rnf130",634,489,728,1828
"Tbc1d9b",82,62,80,235
"Gm12195",1,0,0,0
"Mrnip",8,12,15,20
"Sqstm1",454,172,417,1022
"Mgat4b",32,11,38,56
"Ltc4s",0,0,1,0
"Gm26542",29,18,55,73
"Maml1",71,37,60,149
"Canx",195,216,231,436
"Gm46280",0,0,2,2
"Hnrnph1",407,165,268,898
"Rufy1",108,74,142,276
"Adamts2",0,0,0,0
"Zfp354c",14,14,32,59
"Zfp879",7,3,3,8
"Zfp454",3,4,3,7
"Zfp2",23,13,28,52
"Zfp354b",6,6,2,13
"Zfp354a",8,1,7,21
"BC049762",3,2,2,7
"Clk4",198,96,155,473
"Col23a1",6,0,3,7
"Gm57387",0,1,1,4
"Phykpl",43,26,60,114
"Hnrnpab",35,26,37,133
"Nhp2",3,3,1,1
"Rmnd5b",37,17,14,103
"N4bp3",0,1,1,2
"D930048N14Rik",1,1,1,3
"0610009B22Rik",2,4,3,4
"Sec24a",367,198,300,872
"Sar1b",83,66,98,257
"Jade2",84,32,67,205
"Cdkn2aipnl",2,2,2,8
"Ube2b",343,191,401,1052
"Gm12204",2,1,0,2
"Cdkl3",61,55,87,151
"Gm57367",0,1,0,0
"Ppp2ca",574,128,443,1223
"ENSMUSG00000121382",1,1,0,0
"Skp1",63,25,41,139
"Gm12207",0,1,0,1
"Tcf7",0,0,0,0
"Gm57370",1,0,0,1
"Vdac1",39,34,58,148
"9530068E07Rik",19,5,21,36
"Fstl4",13,0,2,6
"Hspa4",175,119,133,366
"Zcchc10",4,7,7,25
"Aff4",606,338,655,1595
"Uqcrq",14,6,23,21
"Gdf9",0,0,0,3
"Shroom1",4,0,0,7
"Sowaha",5,2,3,5
"Septin8",32,30,40,99
"A430108G06Rik",1,0,0,1
"Kif3a",44,33,46,97
"Il4",0,0,0,0
"Rad50",80,49,68,174
"Gm57339",0,0,0,1
"Irf1",155,51,133,300
"Gm12216",54,38,76,151
"Slc22a5",49,23,30,133
"Slc22a21",30,18,20,59
"Slc22a4",115,35,54,132
"Pdlim4",0,0,0,3
"P4ha2",31,12,23,72
"Acsl6",40,21,38,66
"Gm12224",2,0,1,0
"Meikin",2,5,3,7
"Fnip1",579,266,499,1385
"Rapgef6",244,138,224,551
"Cdc42se2",320,152,193,595
"Gm12227",1,1,0,6
"Lyrm7",3,7,7,16
"Hint1",13,15,12,30
"Gpx3",16,13,8,22
"Tnip1",63,34,58,140
"Anxa6",119,90,114,305
"Ccdc69",1,0,0,6
"Gm2a",7,8,2,15
"Slc36a1",71,49,48,192
"Sparc",0,0,0,0
"Atox1",17,8,5,17
"G3bp1",125,100,120,264
"Glra1",15,6,13,42
"Gm12236",1,0,0,3
"Gm12239",12,8,13,34
"Gria1",0,0,0,0
"Fam114a2",85,37,78,169
"Mfap3",22,25,38,65
"4933424L21Rik",0,1,1,3
"Galnt10",436,254,381,1002
"2010001A14Rik",4,3,4,8
"Sap30l",15,11,8,35
"Gm57340",0,0,1,0
"Larp1",240,177,200,618
"Gm12248",4,2,6,13
"Cnot8",42,51,60,170
"Gemin5",48,43,34,109
"Mrpl22",7,4,5,25
"Igtp",5,1,1,4
"Irgm2",3,2,2,4
"Zfp692",31,22,43,114
"Zfp672",28,33,37,63
"1700047K16Rik",3,1,0,1
"Sh3bp5l",10,9,11,54
"Or2av9",0,2,3,2
"Or2t45",0,0,0,4
"Fam183b",22,16,18,42
"Gm12258",49,52,53,122
"Gm12259",6,4,7,13
"2810021J22Rik",20,14,21,49
"Zfp39",3,3,1,9
"Rnf187",26,12,19,61
"H2bc27",3,5,5,10
"H2bc26-ps",1,0,0,0
"H2ac25",6,6,5,13
"Trim17",28,27,49,60
"2310058D17Rik",4,5,6,12
"Trim11",37,32,34,102
"Obscn",2,0,0,0
"Iba57",7,5,8,9
"Gjc2",0,0,0,1
"Guk1",16,20,19,66
"2610507I01Rik",16,17,12,48
"Mrpl55",1,4,8,18
"2310033P09Rik",27,10,22,35
"Arf1",169,91,153,456
"Gm57335",0,1,0,0
"Wnt9a",0,1,0,0
"Snap47",70,53,71,140
"Jmjd4",5,3,4,9
"Zfp867",5,3,10,28
"Zkscan17",20,13,18,62
"4933439C10Rik",23,17,19,44
"Nlrp3",0,0,0,0
"Mprip",568,344,452,1401
"1700007J10Rik",1,4,2,6
"Gm12264",0,0,0,0
"Pld6",0,0,1,1
"Flcn",52,27,39,88
"Gm16062",1,0,3,2
"Cops3",154,60,127,385
"Nt5m",32,20,22,64
"Med9os",0,1,0,3
"Med9",2,2,8,5
"Rasd1",23,27,23,42
"Pemt",7,2,8,10
"Rai1",329,240,351,907
"4930412M03Rik",1,0,4,5
"Srebf1",66,30,58,150
"Tom1l2",441,330,396,1120
"Gm12265",0,0,0,4
"Drc3",21,5,9,58
"Atpaf2",14,18,8,38
"Gid4",27,29,28,82
"Drg2",19,17,13,61
"Myo15a",11,2,8,39
"Alkbh5",112,49,88,180
"Llgl1",11,5,8,21
"Flii",61,30,33,126
"Mief2",5,2,4,16
"Top3a",30,14,20,58
"Smcr8",10,12,6,19
"Shmt1",0,1,0,0
"Dhrs7b",20,19,14,42
"Tmem11",20,11,15,47
"Gm57385",2,2,2,3
"Natd1",19,9,19,40
"Map2k3os",0,0,3,7
"Map2k3",16,9,18,44
"Kcnj12",34,8,17,71
"Tnfrsf13b",1,0,0,1
"Usp22",119,36,85,267
"Aldh3a2",34,13,42,64
"Slc47a2",1,1,1,2
"Gm45605",1,1,0,2
"Rnf112",1,0,1,9
"Mapk7",3,7,3,22
"B9d1",7,7,7,25
"Epn2",209,121,148,407
"Grap",0,0,0,0
"Slc5a10",14,3,28,12
"Fam83g",2,6,6,22
"Prpsap2",38,32,63,143
"Ulk2",272,137,274,659
"A530017D24Rik",13,3,9,26
"Gm26964",0,0,1,1
"Akap10",162,104,209,448
"Specc1",18,8,20,61
"Adora2b",19,8,10,32
"Zswim7",92,29,85,151
"Ttc19",141,86,155,434
"Ncor1",1005,636,812,2019
"Pigl",32,20,29,79
"Cenpv",56,39,55,148
"Gm12279",12,20,21,54
"Ubb",173,206,96,251
"Trpv2",2,3,0,12
"2410006H16Rik",15,17,15,27
"Lrrc75a",10,14,24,32
"Lrrc75aos2",4,2,9,15
"Mmgt2",10,12,9,27
"Zfp287",40,39,34,107
"Zfp286",0,0,0,2
"Trim16",0,0,0,0
"Fbxw10",5,8,6,11
"Tvp23b",51,43,41,123
"Tvp23bos",1,0,0,0
"Pmp22",40,2,17,76
"B430319H21Rik",2,0,6,10
"Hs3st3b1",2,0,1,4
"Cox10",51,33,47,142
"2810001G20Rik",0,5,1,3
"Hs3st3a1",0,0,1,0
"Elac2",26,11,13,46
"Arhgap44",269,99,155,465
"1700086D15Rik",5,0,1,4
"Myocd",0,2,3,5
"Map2k4",283,164,262,711
"Zkscan6",21,17,20,53
"Dnah9",147,88,101,339
"Gm12296",53,7,25,107
"Shisa6",3,1,0,10
"Pirt",0,0,0,0
"Gm12299",2,0,1,0
"Tmem220",6,5,10,16
"Adprm",33,20,23,65
"Sco1",3,4,3,9
"Gas7",0,0,0,0
"Glp2r",0,0,0,0
"Usp43",4,4,4,9
"9130017K11Rik",0,1,0,2
"Cfap52",4,0,2,5
"Stx8",325,249,348,1072
"C78197",2,1,0,3
"Ntn1",2,22,0,37
"Pik3r5",14,7,50,58
"Pik3r6",0,0,0,0
"Mfsd6l",2,2,4,8
"Gm57353",1,3,0,3
"Myh10",82,50,78,172
"Ndel1",331,157,317,946
"Rpl26",13,24,21,16
"Arhgef15",1,0,0,0
"Slc25a35",3,2,6,4
"Rangrf",1,1,3,0
"Pfas",35,19,38,72
"Gm57403",5,6,3,16
"Ctc1",26,25,34,58
"9330160F10Rik",7,2,3,11
"Borcs6",2,0,1,4
"Gm57412",0,0,0,1
"Tmem107",9,10,5,14
"Vamp2",123,61,81,227
"Per1",541,137,586,1954
"Hes7",4,0,3,6
"Aloxe3",1,1,6,9
"Alox8",4,0,3,8
"Cntrob",62,38,40,134
"Trappc1",7,4,3,23
"Kcnab3",18,8,12,35
"Kcnab3os",2,1,0,5
"Rnf227",4,4,3,8
"Chd3",338,176,222,635
"Cyb5d1",4,4,3,14
"Naa38",0,1,2,5
"Tmem88",5,7,11,20
"Kdm6b",166,74,150,422
"Kdm6bos",5,4,4,15
"Gm57346",1,2,0,5
"Gm57330",11,4,5,11
"Gm51903",3,3,0,2
"Gm57345",0,0,1,2
"Dnah2",120,59,96,248
"Efnb3",5,2,3,9
"Wrap53",26,25,17,66
"Trp53",52,29,27,92
"Gm57392",2,2,2,3
"Atp1b2",8,3,3,9
"Sat2",8,4,10,17
"Fxr2",83,39,49,163
"Mpdu1",13,9,19,47
"Cd68",2,4,2,4
"Eif4a1",192,66,162,437
"Senp3",35,19,43,106
"Tnfsf13os",3,3,4,8
"Tnfsf13",1,1,2,5
"Tnfsf12",4,7,8,12
"Polr2a",252,100,227,592
"Zbtb4",53,49,96,190
"Chrnb1",1,1,1,2
"Fgf11",1,2,0,0
"6720407P12Rik",2,2,2,3
"Tmem102",4,1,3,7
"Spem1",1,0,8,6
"Nlgn2",100,79,66,197
"Tmem256",1,3,4,14
"Plscr3",12,7,9,29
"Tnk1",28,19,23,77
"Tmem95",2,1,1,2
"Kctd11",4,2,4,3
"Acap1",0,0,0,1
"2810408A11Rik",0,1,0,3
"Neurl4",54,29,33,89
"Gps2",54,37,37,123
"Eif5a",51,21,26,123
"Ybx2",0,0,2,1
"Slc2a4",0,0,0,0
"Cldn7",36,6,37,95
"Elp5",22,20,32,93
"Ctdnep1",18,13,12,55
"Gabarap",23,16,24,45
"Phf23",8,4,4,17
"Dvl2",21,13,16,53
"Acadvl",17,6,10,31
"Dlg4",121,100,127,309
"Clec10a",0,0,0,0
"Slc16a11",20,8,38,61
"Slc16a13",6,3,12,17
"Bcl6b",10,12,9,21
"0610010K14Rik",2,6,10,11
"Rnasek",4,6,8,5
"Alox12",2,1,0,0
"Pelp1",15,20,11,49
"Arrb2",59,12,25,100
"Med11",2,2,3,6
"Cxcl16",1,3,1,0
"Zmynd15",4,1,5,4
"Psmb6",4,7,11,27
"Pld2",0,0,1,0
"Mink1",97,61,84,220
"Slc25a11",11,9,10,29
"Rnf167",30,37,41,121
"Pfn1",2,1,13,26
"Gm12319",0,0,0,1
"1700029K24Rik",6,4,6,14
"Eno3",39,25,24,75
"Spag7",26,2,18,27
"Camta2",54,29,50,140
"Inca1",16,5,11,35
"Kif1c",26,19,22,49
"Zfp3",7,2,3,10
"Scimp",1,0,0,0
"Rabep1",407,178,377,1022
"Gm19967",10,2,6,18
"Nup88",66,42,58,147
"Rpain",5,9,5,24
"C1qbp",4,7,2,13
"Dhx33",33,24,30,47
"Derl2",42,38,33,98
"Mis12",11,14,6,16
"6330403K07Rik",8,32,6,12
"Nlrp1a",0,1,0,0
"Nlrp1b",0,0,0,0
"Nlrp1c-ps",0,0,0,0
"9230020A06Rik",0,2,1,6
"Wscd1",15,9,6,20
"Aipl1",0,3,0,6
"Pitpnm3",269,127,126,506
"4933427D14Rik",8,3,5,8
"4933427D14Rik.1",1,2,0,4
"Txndc17",7,8,3,10
"Med31",17,10,8,46
"4930563E22Rik",3,2,2,5
"Xaf1",1,5,5,11
"Tekt1",1,0,0,0
"Mybbp1a",41,26,17,83
"Spns2",4,0,6,4
"Spns3",1,0,0,0
"Ube2g1",158,95,136,470
"Ankfy1",207,108,169,493
"Cyb5d2",7,14,11,36
"Zzef1",469,241,311,1019
"Atp2a3",353,210,218,635
"P2rx1",13,4,6,34
"4732414G09Rik",0,1,0,2
"Camkk1",7,3,4,21
"Ncbp3",91,63,61,206
"Itgae",3,3,3,5
"Emc6",1,3,1,2
"Tax1bp3",0,0,1,7
"Ctns",44,9,37,85
"Shpk",10,14,6,29
"Aspa",0,1,1,2
"Rap1gap2",2296,1273,1656,5819
"Ccdc92b",20,21,40,76
"Cluh",62,44,47,137
"Pafah1b1",485,297,481,1222
"Mettl16",73,53,73,203
"Mnt",85,31,106,285
"Sgsm2",165,95,127,366
"Tsr1",29,17,36,112
"Srr",47,44,44,107
"Smg6",523,277,495,1250
"Hic1",0,0,0,1
"1700016P03Rik",37,18,44,203
"Ovca2",3,4,2,5
"Dph1",6,1,0,15
"Rtn4rl1",202,119,178,410
"Gm35117",2,0,0,4
"Rpa1",165,79,180,478
"Smyd4",113,77,116,288
"Serpinf1",2,0,0,1
"Serpinf2",3,2,3,2
"Wdr81",19,10,22,42
"Gm57332",0,1,1,1
"Gm57357",1,0,2,1
"Mir22hg",41,23,48,175
"Tlcd2",1,6,1,2
"Prpf8",133,53,105,321
"Rilp",0,0,0,3
"Scarf1",7,4,5,7
"Gm45606",5,9,1,21
"Slc43a2",883,519,845,2919
"Pitpna",297,114,251,1007
"4931413K12Rik",2,0,0,4
"Inpp5k",59,26,60,132
"Myo1c",28,13,18,85
"Crk",55,48,60,171
"Ywhae",178,113,138,432
"Doc2b",2,1,2,9
"Gm12339",5,2,1,13
"Rph3al",1214,721,1138,3204
"1700016K19Rik",0,0,0,1
"Rflnb",2,8,6,14
"Vps53",140,91,102,345
"Glod4",17,16,22,59
"Tlcd3a",14,9,15,32
"Mrm3",1,0,1,3
"Nxn",153,121,139,343
"Timm22",7,11,13,25
"Abr",709,333,501,1523
"Bhlha9",0,0,0,5
"Trarg1",0,0,1,1
"Gosr1",70,37,50,113
"Cpd",327,146,257,723
"Tmigd1",1,0,0,3
"Blmh",109,72,87,316
"Slc6a4",1,1,2,5
"Nsrp1",87,59,70,195
"Efcab5",4,0,5,9
"Ssh2",510,274,510,1200
"Coro6",6,1,2,1
"Ankrd13b",24,23,21,52
"Git1",25,14,13,47
"Trp53i13",38,20,51,138
"Abhd15",67,83,86,177
"Gm10392",2,2,2,4
"Taok1",322,194,279,670
"Nufip2",228,148,237,602
"Cryba1",1,0,0,0
"Myo18a",282,173,258,779
"Gm10277",0,2,1,0
"Pipox",0,0,1,1
"Phf12",242,157,204,592
"Dhrs13",6,3,6,13
"Flot2",64,49,50,120
"Eral1",9,10,25,40
"Fam222b",247,207,221,529
"Traf4",14,4,4,23
"Nek8",3,7,6,24
"Tlcd1",9,5,13,32
"Rpl23a",16,15,33,11
"Rab34",25,7,17,45
"Proca1",2,2,4,5
"Supt6",331,136,300,859
"Sdf2",41,38,47,92
"Bltp2",179,105,140,408
"Rskr",4,3,6,7
"Spag5",19,2,4,4
"Aldoc",2,0,2,3
"Pigs",15,6,21,62
"Unc119",2,1,4,14
"Foxn1",2,0,0,0
"Slc13a2",0,1,0,2
"Slc46a1",3,0,0,4
"Sarm1",6,8,9,19
"Vtn",0,0,0,1
"Tmem199",17,15,16,26
"Poldip2",14,18,14,44
"Tnfaip1",13,18,17,46
"Ift20",68,57,48,135
"Tmem97",8,3,10,9
"Nlk",521,404,464,1208
"Ccnq",1,0,2,0
"Lyrm9",18,11,21,53
"Nos2",0,1,0,0
"Lgals9",0,1,0,0
"Ksr1",9,10,9,26
"Wsb1",34,17,38,99
"Gm57411",1,0,0,4
"Nf1",509,322,538,1289
"Evi2b",0,1,1,0
"Evi2a",1,3,1,1
"Rab11fip4",5,3,4,20
"9130204K15Rik",1,0,0,0
"Utp6",47,31,34,94
"Suz12",170,104,149,368
"Crlf3",16,32,30,46
"Atad5",25,12,25,71
"Tefm",1,3,0,4
"Adap2",0,2,0,0
"Adap2os",0,0,0,1
"Rnf135",17,17,19,40
"Rhot1",113,69,89,240
"Rhbdl3",94,37,86,207
"5730455P16Rik",34,27,33,75
"Gm57386",0,0,1,0
"Zfp207",189,130,176,393
"Psmd11",86,68,87,243
"Cdk5r1",9,4,1,15
"Myo1d",328,156,365,722
"C030013C21Rik",3,3,5,5
"Tmem98",1,4,5,4
"Asic2",2719,1985,4768,7929
"Gm11417",13,6,13,31
"4930527B05Rik",1,2,4,2
"Gm11418",1,2,3,3
"5530401A14Rik",22,29,43,44
"Ccl11",0,0,0,0
"Ccl12",1,0,0,0
"Tmem132e",0,0,0,0
"Cct6b",25,13,15,44
"Zfp830",6,6,7,17
"Gm11423",2,1,2,4
"Lig3",64,37,60,159
"Rffl",83,73,76,202
"Rad51d",27,15,24,71
"Nle1",5,2,5,14
"Unc45b",0,0,0,0
"Unc45bos",0,0,0,0
"Slfn5",0,1,0,0
"Slfn9",2,6,2,5
"Slfn8",43,12,34,90
"Slfn10-ps",64,29,47,151
"Slfn2",0,0,2,0
"Gm20234",0,1,0,0
"Slfn3",0,0,0,0
"AI662270",0,0,0,0
"ENSMUSG00000121399",0,0,0,0
"AA465934",0,2,4,4
"Pex12",0,7,2,4
"Ap2b1",270,155,236,585
"Rasl10b",1,3,4,4
"Mmp28",0,0,0,1
"Taf15",209,117,167,418
"Ccl5",3,0,0,0
"E230016K23Rik",0,0,0,0
"Ccl6",1,0,0,0
"Ccl3",0,0,0,0
"Ccl4",1,0,0,0
"Wfdc17",0,0,0,1
"Gm57372",1,0,1,1
"Heatr6",90,55,70,193
"Gm12576",27,16,33,66
"Hnf1b",123,59,123,303
"Ddx52",52,31,25,98
"Synrg",270,143,224,557
"Dusp14",13,5,9,29
"Tada2a",95,66,73,223
"Acaca",303,192,218,618
"Gm11437",2,3,1,3
"Aatf",174,105,130,360
"Lhx1",49,20,78,172
"Lhx1os",37,14,23,38
"Mrm1",7,4,5,12
"Gm57399",0,0,0,0
"Dhrs11",18,7,8,7
"4930502E09Rik",0,1,0,1
"Ggnbp2",310,135,279,825
"Gm57352",17,12,29,66
"Pigw",0,0,3,3
"Myo19",21,11,7,30
"Znhit3",6,3,10,17
"Car4",3,0,0,0
"Usp32",297,174,278,684
"Appbp2",166,77,121,359
"Appbp2os",3,7,3,3
"Ppm1d",44,27,45,147
"Bcas3",740,273,595,1782
"Bcas3os1",4,1,6,12
"Bcas3os2",2,2,1,3
"2610027K06Rik",7,1,1,11
"Tbx2",8,3,7,20
"Gm11444",0,1,1,0
"Brip1",2,4,2,10
"Brip1os",58,24,72,143
"Ints2",65,43,48,125
"Med13",330,210,307,782
"Rnft1",32,13,25,56
"Rps6kb1",192,108,155,471
"Tubd1",8,9,5,30
"Gm9975",2,5,2,5
"Vmp1",115,102,130,328
"Ptrh2",2,3,1,5
"Cltc",572,233,423,1234
"Gm57355",2,3,0,1
"Dhx40",341,158,387,1068
"Ypel2",356,235,158,463
"Gdpd1",24,16,46,103
"Smg8",3,5,2,6
"Prr11",0,0,0,3
"Ska2",4,10,13,19
"Gm11491",0,1,0,2
"Trim37",140,73,114,332
"Ppm1e",472,132,254,921
"Rad51c",6,7,7,26
"Tex14",17,7,12,30
"Septin4",3,4,3,7
"Gm57408",1,1,4,7
"Mtmr4",34,34,24,115
"Hsf5",5,2,2,21
"Rnf43",19,13,59,92
"1110028F11Rik",1,0,0,1
"Supt4a",16,10,13,54
"Mir142hg",1,1,0,0
"Tspoap1",56,21,42,130
"Mks1",34,27,35,89
"Dynll2",46,29,31,82
"Gm11508",20,25,48,92
"Srsf1",164,69,131,346
"Gm15892",7,3,8,10
"Vezf1",80,67,70,173
"Cuedc1",258,172,269,624
"Mrps23",18,7,9,35
"Msi2",4832,2050,3665,9491
"Gm15893",2,1,4,3
"C030037D09Rik",4,9,6,14
"Akap1",32,10,28,74
"4930556N13Rik",1,0,2,8
"Scpep1os",1,1,5,12
"Scpep1",55,34,70,174
"Coil",38,30,23,90
"Gm11496",0,0,1,1
"Trim25",90,45,71,158
"Dgke",98,47,75,211
"Ankfn1",0,2,0,1
"Pctp",20,13,12,33
"Tmem100",2,1,0,1
"Gm34726",3,2,0,3
"Smim36",0,1,1,2
"Mmd",17,23,24,48
"Hlf",144,63,283,514
"Stxbp4",192,127,188,391
"Cox11",47,15,30,74
"Tom1l1",74,27,75,147
"Car10",1898,807,549,3178
"Utp18",43,28,28,111
"Mbtd1",243,179,276,745
"Nme2",6,9,17,21
"Nme1",12,19,17,28
"Spag9",852,428,651,1865
"B230206L02Rik",5,5,9,23
"Tob1",213,114,142,430
"Ankrd40cl",1,0,0,2
"Luc7l3",472,314,463,1055
"Ankrd40",39,22,26,70
"Abcc3",6,2,0,1
"Cacna1g",1,1,0,2
"Mycbpap",19,12,22,39
"Rsad1",13,9,10,15
"Acsf2",11,16,13,35
"Chad",0,1,0,0
"Lrrc59",99,50,71,201
"Eme1",0,0,2,4
"Mrpl27",13,7,7,24
"Xylt2",8,6,7,24
"Gm11542",4,1,4,4
"Col1a1",0,0,0,0
"Sgca",1,0,0,0
"Ppp1r9b",45,27,37,91
"Samd14",7,7,15,17
"Pdk2",5,7,7,13
"Itga3",29,19,49,74
"Tac4",2,0,1,4
"Kat7",151,68,180,392
"Gm11520",2,1,2,5
"Gm11521",2,2,0,1
"Fam117a",297,168,312,684
"Gm29477",4,4,0,6
"Slc35b1",113,57,91,271
"Spop",420,252,367,1036
"Nxph3",2,0,2,5
"Ngfr",1,0,0,0
"Phb",1,5,5,7
"Zfp652os",2,0,1,1
"Zfp652",273,169,270,609
"Abi3",0,0,0,0
"Gngt2",0,0,0,0
"4833417C18Rik",0,1,3,3
"B4galnt2",0,0,1,0
"Snf8",29,25,28,72
"Ube2z",32,31,30,80
"Atp5g1",4,11,8,22
"Hoxb5os",0,0,0,0
"Hoxb6",0,0,0,0
"Hoxb5",0,0,1,0
"Hoxb4",2,0,0,0
"Hoxb3",0,0,0,0
"Hoxb3os",0,0,0,0
"Hoxb2",0,0,0,0
"Gm11529",3,6,6,7
"Skap1",1102,839,1029,2871
"Snx11",15,11,9,26
"Cbx1",41,47,50,105
"Nfe2l1",62,44,50,99
"Gm57378",0,0,0,2
"Copz2",11,14,10,32
"Gm11523",0,0,0,1
"Gm57375",1,4,2,7
"Cdk5rap3",46,24,29,104
"D030028A08Rik",17,7,13,33
"Prr15l",3,5,6,11
"Pnpo",14,9,12,39
"Sp2",24,18,40,95
"Sp6",0,0,1,1
"Gm11532",1,0,0,1
"Scrn2",0,2,3,6
"Lrrc46",0,0,1,3
"Mrpl10",18,10,20,51
"Osbpl7",22,13,21,51
"Tbx21",0,0,1,0
"Tbkbp1",1,2,0,5
"Kpnb1",62,27,50,116
"Gm57404",1,4,1,8
"Npepps",459,283,318,997
"Gm11592",4,2,1,4
"Gm31005",0,0,0,1
"Mrpl45",16,12,9,35
"Gpr179",44,43,72,120
"Socs7",141,56,103,302
"Arhgap23",69,33,69,168
"4933428G20Rik",1,0,0,0
"Srcin1",5,0,4,6
"Gm11613",10,11,9,27
"Mllt6",77,50,82,190
"Cisd3",5,2,3,18
"Pcgf2",17,16,22,44
"Psmb3",20,19,34,78
"Pip4k2b",38,28,31,63
"Cwc25",71,19,40,152
"Rpl23",6,27,47,45
"Lasp1",191,100,158,395
"B230217C12Rik",8,10,23,23
"Fbxo47",8,6,14,26
"Gm11630",1,0,0,0
"Plxdc1",0,3,0,3
"Arl5c",1,0,0,0
"Cacnb1",20,10,10,42
"Gm11629",0,0,0,1
"Rpl19",8,15,44,48
"Stac2",0,1,2,5
"Fbxl20",221,102,180,533
"Med1",99,70,51,173
"Cdk12",303,223,341,809
"Gm20644",1,0,1,0
"Stard3",8,10,11,33
"Pgap3",11,12,10,33
"Erbb2",0,1,0,1
"Mien1",0,4,0,1
"Grb7",8,7,18,33
"Ikzf3",4,7,6,20
"Zpbp2",1,0,1,2
"Ormdl3",15,12,18,30
"Gsdma",1,1,8,11
"Psmd3",49,22,44,124
"Med24",47,21,25,99
"Thra",57,46,91,154
"Gm57390",2,2,1,8
"Nr1d1",241,74,231,441
"Msl1",63,69,78,209
"Gm12359",1,3,6,13
"Casc3",139,68,121,341
"Rapgefl1",5,4,2,15
"Wipf2",77,57,70,197
"Cdc6",1,5,2,8
"Rara",68,21,29,105
"Top2a",0,2,0,0
"Igfbp4",0,1,0,0
"Ccr7",1,1,0,0
"Smarce1",79,57,98,274
"Krt222",19,25,18,45
"Krt10",2,3,1,4
"Gm11940",3,1,0,4
"Krtap16-1",1,2,1,1
"Krtap17-1",1,2,1,3
"Eif1",151,99,97,272
"Hap1",322,377,237,721
"Gm20394",2,1,2,5
"Jup",34,27,28,93
"P3h4",13,4,6,22
"Fkbp10",0,0,0,3
"Nt5c3b",25,10,12,52
"Klhl10",4,5,2,8
"Klhl11",92,15,30,97
"Acly",2126,605,871,3432
"Odad4",97,23,46,86
"Cnp",2,0,0,2
"Dnajc7",198,126,167,441
"Nkiras2",4,3,0,12
"Zfp385c",0,0,0,0
"Dhx58os",0,0,0,0
"Dhx58",8,2,3,9
"Kat2a",12,11,8,40
"Rab5c",30,28,19,62
"Kcnh4",2,1,0,2
"Ghdc",5,6,4,15
"Stat5b",188,142,171,425
"Stat5a",22,18,21,44
"Stat3",457,168,653,1859
"Cavin1",0,5,0,1
"Atp6v0a1",237,175,258,656
"Gm57395",15,11,27,57
"Naglu",6,5,9,20
"Hsd17b1",0,0,0,0
"Coasy",8,7,10,12
"Mlx",16,6,8,37
"Psmc3ip",1,1,1,1
"Retreg3",70,41,67,216
"Tubg1",4,10,7,19
"Tubg2",9,7,3,22
"Plekhh3",8,7,8,24
"Cntnap1",2,4,5,6
"Ezh1",144,112,134,359
"Ramp2",1,1,0,1
"Vps25",0,1,0,1
"Wnk4",78,33,80,244
"Coa3",9,2,5,9
"Cntd1",2,0,1,5
"Becn1",64,42,81,244
"Psme3",30,13,8,52
"Aoc2",8,7,12,29
"Aoc3",2,0,3,4
"Gm28156",0,0,0,1
"Aarsd1",20,13,12,60
"Ptges3l",5,2,4,10
"Rundc1",82,47,65,207
"Rpl27",14,6,17,8
"Ifi35",36,15,34,89
"Gm11626",0,0,2,5
"Vat1",5,6,4,14
"Rnd2",3,0,0,2
"Brca1",8,7,2,9
"Nbr1",154,128,185,402
"Tmem106a",6,3,7,36
"Rdm1",17,5,16,24
"Arl4d",3,2,5,15
"Dhx8",67,43,39,152
"Etv4",1,0,1,1
"Meox1",1,2,2,0
"Gm11551",1,0,1,0
"Sost",0,0,0,2
"Dusp3",37,26,50,97
"Cfap97d1",1,1,0,1
"Mpp3",9,10,17,23
"Cd300lg",0,0,0,0
"Mpp2",107,73,174,283
"Gm57373",0,3,0,4
"Ppy",566,837,2789,919
"Pyy",321,633,965,813
"Nags",0,1,0,1
"Tmem101",0,5,3,8
"Lsm12",40,18,27,75
"G6pc3",17,15,18,48
"Hdac5",197,63,164,454
"Hrob",0,0,0,1
"Tmub2",6,13,9,33
"Atxn7l3",28,23,22,65
"Ubtf",212,79,173,467
"C030013E06Rik",34,22,32,82
"Rundc3a",153,76,113,359
"Slc25a39",16,14,18,50
"Grn",16,8,11,44
"Fam171a2",0,0,2,4
"Itga2b",7,3,3,17
"Gpatch8",434,281,455,1195
"Ccdc43",14,5,6,27
"Adam11",0,1,0,3
"Gjc1",0,0,0,0
"Higd1b",0,0,0,0
"Eftud2",44,45,34,135
"Ccdc103",3,0,0,1
"Dcakd",21,20,13,52
"Nmt1",75,68,74,193
"Plcd3",2,1,0,1
"Acbd4",6,1,6,10
"Gm57337",1,1,3,2
"Hexim1",16,10,7,13
"Gm57409",4,3,6,7
"Hexim2",5,6,6,8
"Fmnl1",5,9,7,10
"Efcab15",1,1,1,3
"Spata32",0,0,2,6
"Map3k14",111,48,101,259
"1700028N14Rik",0,0,1,1
"Arhgap27",5,2,0,4
"Arhgap27os3",0,0,0,0
"Arhgap27os2",0,1,0,0
"Arhgap27os1",0,0,0,0
"Plekhm1",52,24,43,138
"Gm39397",0,2,4,8
"Rprml",1,1,0,0
"Gosr2",45,32,30,110
"C130046K22Rik",13,8,3,33
"Nsf",272,147,211,679
"Arf2",17,6,16,34
"Crhr1",0,0,0,6
"Mapt",391,232,376,811
"Gm11659",3,1,7,3
"Kansl1",899,573,755,2046
"Gm57388",2,0,0,2
"Cdc27",179,93,155,396
"Myl4",6,5,2,8
"Itgb3",14,11,26,34
"Gm11639",2,2,0,2
"Mettl2",15,13,11,22
"1700052K11Rik",4,1,6,7
"Tlk2",317,165,286,821
"Mrc2",4,2,5,8
"Marchf10",1,0,1,1
"Tanc2",637,293,576,1506
"Cyb561",19,11,13,40
"Ace",0,0,0,0
"Ace3",0,0,1,2
"Kcnh6",279,175,309,836
"Dcaf7",202,108,233,649
"Taco1os",1,0,0,5
"Taco1",7,13,10,38
"Map3k3",209,108,212,519
"Gm57402",2,2,9,15
"Limd2",8,4,8,11
"Strada",57,46,48,166
"Ccdc47",72,54,71,145
"Ddx42",182,117,154,450
"Ftsj3",16,18,11,49
"Psmc5",16,10,10,32
"Smarcd2",21,20,19,54
"Tcam1",2,1,0,4
"Cd79b",1,0,0,0
"Scn4a",1,1,1,0
"Prr29",0,0,2,1
"Icam2",2,0,0,1
"Ern1",493,372,499,1268
"Gm36220",26,10,9,30
"Tex2",188,133,180,475
"Pecam1",2,2,7,3
"Milr1",0,2,1,3
"Polg2",127,51,55,205
"Ddx5",2486,1089,1365,4686
"Cep95",68,46,50,174
"Gm11706",0,0,0,1
"Smurf2",309,154,275,710
"Kpna2",43,18,25,66
"Gm57415",0,0,2,2
"1810010H24Rik",1,3,5,9
"Bptf",567,303,470,1313
"Gm11715",0,0,0,0
"Nol11",52,41,38,115
"Pitpnc1",527,361,629,1193
"Gm11716",1,1,1,1
"Gm11712",0,0,1,1
"Gm11713",2,2,4,8
"Gm11714",0,2,3,1
"Psmd12",82,60,65,186
"Helz",394,239,303,985
"Cacng1",1,1,0,5
"Cacng4",61,45,64,148
"Gm11650",0,0,0,0
"Prkca",1836,1010,1508,4150
"Gm11655",2,6,3,5
"Apoh",2,2,6,3
"Cep112",271,123,208,568
"Cep112it",4,1,3,14
"Axin2",32,10,18,52
"Gm11670",1,0,0,5
"Rgs9",243,394,274,601
"Gm11696",3,4,7,11
"Gna13",58,53,43,123
"9930022D16Rik",0,0,0,0
"Amz2",42,45,49,130
"Slc16a6",57,32,52,146
"Arsg",26,21,26,97
"Wipi1",110,133,126,283
"Gm11685",13,10,20,52
"Prkar1a",472,182,358,1102
"Fam20a",259,151,315,840
"1700012B07Rik",0,0,0,1
"Abca8b",86,36,92,148
"Abca8a",0,0,0,0
"Abca9",2,0,0,1
"Abca6",3,9,2,4
"Abca5",351,144,236,616
"Map2k6",37,39,53,97
"Kcnj2",1,3,2,3
"2610035D17Rik",98,94,91,357
"4732490B19Rik",0,0,0,0
"Slc39a11",205,167,180,483
"Sstr2",0,0,2,2
"Cog1",37,35,49,110
"Fam104a",52,39,56,146
"D11Wsu47e",11,11,6,22
"Cpsf4l",1,0,0,3
"Cdc42ep4",18,5,13,29
"Sdk2",1238,836,976,2707
"Gm11690",0,0,0,0
"4932435O22Rik",14,0,6,13
"Rpl38",34,28,32,61
"Ttyh2",132,121,111,395
"Dnai2",13,10,5,29
"Kif19a",41,19,49,75
"Btbd17",11,10,13,34
"Gpr142",17,14,27,38
"Gprc5c",20,14,29,51
"Cd300a",0,0,5,5
"Cd300ld",0,0,0,0
"Cd300c2",0,1,0,0
"Cd300e",0,2,0,0
"Rab37",161,156,201,461
"Cd300lf",0,0,3,10
"Nherf1",39,13,60,107
"Nat9",19,11,11,31
"Tmem104",59,37,44,124
"Grin2c",29,19,35,129
"Fdxr",21,16,21,61
"Fads6",49,37,45,95
"Hid1",112,90,126,362
"Cdr2l",7,6,8,8
"Mrpl58",14,7,14,26
"Ict1os",0,0,0,1
"Atp5h",19,14,18,29
"Kctd2",24,17,15,62
"Slc16a5",0,0,0,1
"Armc7",1,8,4,17
"Nt5c",3,4,3,8
"Jpt1",7,4,4,7
"Sumo2",91,40,73,215
"Nup85",16,14,15,43
"Gga3",47,44,38,126
"Mrps7",7,7,16,23
"Mif4gd",12,13,13,49
"Slc25a19",17,14,10,38
"Grb2",176,122,141,352
"Tmem94",52,41,52,123
"Caskin2",9,10,10,18
"Tsen54",7,8,7,32
"Llgl2",105,70,96,265
"Myo15b",40,46,58,122
"Recql5",68,39,65,180
"Smim5",14,3,9,33
"Smim6",8,3,2,4
"Sap30bp",69,32,60,162
"Sap30bpos",0,1,1,1
"Itgb4",3,0,0,0
"Galk1",2,8,0,5
"H3f3b",1910,644,1420,3827
"Unk",133,57,150,365
"Unc13d",6,4,8,18
"Wbp2",40,22,52,115
"Trim47",1,3,2,1
"Trim65",1,5,3,12
"Mrpl38",14,19,12,30
"Fbf1",70,38,47,129
"Acox1",215,110,247,616
"Ten1",25,20,43,63
"Cdk3",2,0,1,5
"Evpl",24,20,18,44
"Srp68",126,73,85,302
"Exoc7",41,27,21,80
"Foxj1",0,0,0,2
"Rnf157",84,47,82,215
"Ubald2",30,10,16,31
"Qrich2",1,0,0,0
"Gm11739",0,0,0,0
"Prpsap1",38,22,26,75
"Ube2o",313,155,220,804
"Aanat",0,0,2,6
"Rhbdf2",5,2,4,27
"Cygb",2,0,0,0
"Snhg16",4,4,6,13
"St6galnac2",3,3,7,12
"Mxra7",5,5,3,19
"Jmjd6",20,16,27,77
"Mettl23",7,4,1,8
"Srsf2",83,74,66,207
"Mfsd11",33,29,54,91
"Mgat5b",2,0,0,5
"Snhg20",85,44,50,197
"Sec14l1",74,37,29,108
"Septin9",303,143,222,583
"Gm16045",1,0,2,0
"Gm11734",4,0,0,2
"2900041M22Rik",0,0,0,0
"Tnrc6c",764,446,733,1817
"Tmc6",15,23,21,40
"Tmc8",1,2,2,6
"Syngr2",8,6,7,25
"Tk1",3,0,1,2
"Afmid",23,17,32,85
"Birc5",0,0,2,2
"Tha1",14,16,17,44
"Gm11725",0,1,1,1
"Gm57331",0,0,0,0
"Socs3",43,12,17,52
"Gm57366",1,0,0,1
"Pgs1",23,18,23,65
"Dnah17",4,2,4,6
"Cyth1",255,157,240,721
"Usp36",155,115,184,465
"Timp2",8,2,10,25
"Cep295nl",2,0,1,7
"Lgals3bp",40,39,70,117
"Cant1",15,6,20,43
"C1qtnf1",0,2,1,0
"Engase",4,1,3,12
"Rbfox3",64,48,63,216
"Gm11750",2,0,0,0
"Cbx2",2,0,3,3
"Cbx8",6,1,5,14
"Gm57380",0,1,0,0
"Cbx4",104,36,94,227
"Gm11755",12,4,13,34
"Tbc1d16",401,269,309,934
"Gm11753",2,0,0,0
"Gm11752",0,0,0,1
"Ccdc40",22,10,22,37
"Gaa",79,45,78,182
"Eif4a3",43,21,34,101
"Gm57376",0,0,1,0
"Sgsh",4,4,4,11
"Slc26a11",4,5,4,9
"Rnf213",157,98,112,412
"A930037H05Rik",22,16,16,61
"Endov",29,12,17,72
"Nptx1",26,18,42,79
"Gm11762",13,2,22,21
"Rptor",549,388,521,1391
"Rptoros",7,3,5,16
"Chmp6",6,4,9,16
"Gm11767",5,6,5,11
"Baiap2",222,69,80,514
"Aatk",35,17,29,88
"Cep131",33,13,21,61
"Tepsin",8,16,5,14
"Ndufaf8",1,2,2,0
"Slc38a10",295,270,289,907
"Gm11769",1,10,6,12
"Reno1",23,12,13,40
"2900052L18Rik",52,51,67,138
"Bahcc1",65,42,81,193
"Gm11772",2,1,0,3
"Actg1",388,242,374,1266
"0610009L18Rik",1,1,10,11
"Fscn2",7,3,0,4
"Faap100",8,9,19,29
"Nploc4",124,118,125,399
"Pde6g",0,0,0,2
"Oxld1",7,2,1,10
"Ccdc137",20,8,13,24
"Arl16",2,4,6,15
"Hgs",20,14,24,47
"Mrpl12",6,2,2,6
"Slc25a10",4,2,3,4
"Gm11789",3,0,1,4
"Gcgr",26,16,29,65
"Mcrip1",55,31,33,112
"P4hb",124,122,137,303
"Gm57341",5,1,3,4
"Arhgdia",33,12,36,75
"Alyref",6,5,5,20
"Anapc11",14,9,3,25
"Npb",0,0,0,1
"Pcyt2",58,34,62,110
"Sirt7",29,37,40,109
"Mafg",110,87,115,370
"Gm17586",2,3,7,6
"Pycr1",4,4,3,10
"Myadml2",2,0,0,2
"Myadml2os",2,4,1,2
"Aspscr1",38,19,24,73
"Gm17178",1,4,0,4
"Cenpx",6,2,2,16
"Lrrc45",68,46,38,164
"Rac3",3,2,2,4
"Dcxr",0,0,0,1
"Hmga1b",0,0,1,0
"Rfng",4,6,8,17
"Gps1",19,14,19,69
"Dus1l",20,19,14,43
"Fasn",30,14,24,49
"Ccdc57",107,57,84,259
"Slc16a3",0,0,0,1
"Csnk1d",121,67,74,283
"Gm28192",1,1,0,0
"Gm57327",1,0,0,1
"Ogfod3",6,4,5,13
"Hexdc",34,6,31,56
"Cybc1",5,5,2,11
"Narf",27,21,15,49
"Foxk2",106,77,82,230
"Wdr45b",100,38,72,214
"Rab40b",18,17,21,60
"Fn3krp",4,1,1,5
"Fn3k",10,6,6,16
"Tbcd",209,132,217,474
"Zfp750",1,2,3,6
"B3gntl1",62,48,59,184
"Metrnl",0,0,0,0
"Rab10os",36,24,41,87
"Rab10",200,174,146,405
"Gm26520",1,2,0,2
"Kif3c",29,24,31,78
"Gm48512",3,4,3,14
"1110002L01Rik",47,30,53,153
"Asxl2",397,234,401,1006
"Dtnb",675,467,577,1634
"Dtnbos",34,22,24,32
"Dnmt3a",1611,822,1244,3437
"Dnmt3aos",4,2,0,6
"Pomc",7,3,4,3
"Efr3b",45,48,39,111
"Dnajc27",35,19,22,71
"Adcy3",23,11,14,37
"Cenpo",19,25,20,49
"Ptrhd1",3,1,3,6
"Gm56543",3,2,0,5
"4921501I09Rik",1,0,0,2
"Ncoa1",816,394,687,1877
"2900045O20Rik",4,1,2,4
"Gm46332",1,0,0,3
"Gm48610",0,0,1,2
"Gm3625",1,3,2,5
"Itsn2",366,181,336,931
"Gm48678",9,7,7,30
"Fam228a",3,7,2,8
"Fam228b",20,16,15,41
"Pfn4",1,1,0,1
"Sf3b6",37,24,44,103
"Fkbp1b",11,26,6,42
"Wdcp",19,18,14,42
"Mfsd2b",6,8,15,27
"Ubxn2a",122,44,105,214
"Atad2b",304,175,289,786
"Klhl29",125,59,70,205
"2810032G03Rik",6,1,3,12
"Gm32828",41,21,50,114
"Gm48633",18,5,24,60
"Apob",3,6,5,6
"Gm33037",42,43,57,156
"Ldah",111,58,103,209
"Hs1bp3",8,14,14,34
"Rhob",18,37,18,44
"Gm56532",1,1,2,2
"5033421B08Rik",115,85,107,371
"Slc7a15",8,4,2,16
"Gm56555",53,19,36,122
"Gm56531",4,8,5,16
"Pum2",263,143,236,563
"Sdc1",0,0,1,1
"Laptm4a",61,45,78,162
"Wdr35",114,58,61,208
"Ttc32",14,7,8,13
"Osr1",0,0,0,0
"Rdh14",4,3,3,12
"Kcns3",5,12,11,9
"9530020I12Rik",0,0,0,0
"Gen1",9,4,5,13
"Smc6",248,125,206,682
"Vsnl1",77,54,76,218
"Rad51ap2",207,63,181,566
"Gm47833",7,4,10,20
"Gm34237",58,30,43,213
"Cyria",1,0,0,0
"Mycn",0,0,0,1
"Ddx1",89,57,57,222
"Nbas",672,641,504,1694
"Lratd1",3,0,0,2
"Gm16497",0,0,0,0
"Trib2",13,12,5,19
"Gm5432",7,1,3,18
"Gm48606",0,0,0,1
"Lpin1",170,47,121,354
"Greb1",0,0,0,0
"E2f6",5,11,9,21
"Rock2",282,162,180,592
"Pqlc3",0,0,0,0
"2410004P03Rik",1,0,0,2
"Kcnf1",0,1,0,1
"Pdia6",108,144,89,193
"Atp6v1c2",2,0,1,4
"Nol10",53,45,48,213
"Gm36752",2,1,0,5
"Odc1",333,79,195,722
"Gm36862",3,1,0,6
"Hpcal1",259,167,180,509
"ENSMUSG00000121307",22,19,23,79
"ENSMUSG00000121309",0,0,0,1
"5730507C01Rik",1,2,3,6
"Gm49957",4,0,2,6
"Gm5784",7,1,9,8
"Gm49692",4,4,6,11
"Gm10479",1,6,3,7
"Gm48693",13,7,14,41
"Gm49700",1,1,2,2
"ENSMUSG00000121317",7,7,13,28
"ENSMUSG00000121318",1,0,1,1
"ENSMUSG00000121319",1,0,0,0
"Asap2",127,87,116,275
"Itgb1bp1",5,15,23,37
"Gm20535",4,3,2,3
"Cpsf3",62,34,53,160
"Iah1",6,6,5,15
"Adam17",79,48,76,180
"Ywhaq",490,183,405,1031
"Gm4419",40,24,24,67
"ENSMUSG00000121487",3,1,1,11
"9030624G23Rik",8,6,25,32
"Taf1b",66,46,83,179
"Grhl1",28,14,22,74
"Klf11",49,22,55,163
"Cys1",5,9,10,27
"Gm36129",1,0,7,5
"Rrm2",0,2,1,0
"2900060N12Rik",4,0,1,2
"Mboat2",974,612,1017,2495
"Kidins220",542,361,488,1238
"Id2",7,2,20,29
"Gm36287",0,0,0,0
"Gm36723",1,0,0,0
"Rnf144a",2,0,4,6
"4930549C15Rik",1,0,0,0
"Rsad2",13,13,21,62
"Cmpk2",8,9,9,36
"Sox11",1,0,0,0
"Colec11",0,0,2,1
"Rps7",23,4,25,38
"Rnaseh1",11,6,11,42
"Adi1",8,16,12,35
"Trappc12",89,48,95,237
"Eipr1",95,77,98,289
"Gm56534",0,3,3,3
"Gm31508",1,2,4,27
"Gm31333",3,4,3,9
"Gm20208",24,11,14,26
"Myt1l",1231,802,972,2668
"C630031E19Rik",1,0,1,0
"Pxdn",11,4,12,19
"Tpo",5,1,2,3
"Sntg2",1,5,5,4
"2310016D03Rik",0,0,0,0
"Tmem18",15,11,13,38
"Alkal2",2,0,2,0
"Acp1",18,27,26,52
"Sh3yl1",20,20,34,64
"Fam110c",0,0,0,3
"Lamb1",13,1,3,13
"Dld",47,29,43,106
"Slc26a3",0,0,0,0
"Cbll1",32,19,21,53
"Bcap29",35,36,63,105
"Dus4l",3,8,5,30
"Cog5",357,209,349,870
"Hbp1",126,55,165,369
"Prkar2b",190,79,138,335
"Pik3cg",0,0,1,1
"Ccdc71l",1,0,1,2
"Gm40375",0,1,1,1
"Nampt",82,16,51,185
"4933406C10Rik",13,9,26,55
"Sypl",35,19,25,102
"Cdhr3",0,0,0,0
"F730043M19Rik",15,7,18,40
"Gm16267",0,0,1,0
"Atxn7l1",770,329,655,1876
"Atxn7l1os1",12,2,6,22
"Atxn7l1os2",6,0,0,2
"Efcab10",0,3,1,3
"Polr1f",16,14,31,49
"Hdac9",505,121,212,816
"Gm47357",3,1,3,2
"Snx13",217,85,158,505
"Ahr",12,6,10,28
"Gm48236",0,4,0,7
"Tspan13",192,96,169,421
"Bzw2",87,59,102,249
"Ankmy2",59,38,55,109
"D630036H23Rik",2,1,1,0
"Crppa",84,37,71,220
"Gm40394",0,0,0,0
"Gm48617",0,0,0,1
"Meox2",0,0,2,0
"Agmo",7,3,2,28
"Dgkb",764,746,892,1786
"Gm48715",0,1,2,1
"4930428E07Rik",1,0,5,2
"Etv1",291,193,344,721
"Gm34611",0,0,1,0
"Gm34662",0,0,0,0
"Gm34809",0,0,0,0
"Arl4a",38,19,50,90
"Arl4aos",0,1,0,2
"Scin",0,3,1,1
"Lsmem1",43,2,9,38
"Gm17056",2,0,0,6
"Ifrd1",406,112,337,843
"Gm17024",6,2,6,12
"Gm7008",0,0,3,1
"Zfp277",89,44,123,245
"Dock4",45,67,24,121
"Immp2l",1095,569,813,2440
"Gm47376",1,0,1,1
"Gm47368",0,0,0,3
"Lrrn3",7,1,4,15
"Gm47371",3,0,4,3
"Gm46348",2,0,2,2
"Gm47013",1,1,0,0
"Dnajb9",113,113,71,259
"Gm47096",4,3,9,28
"Pnpla8",162,75,188,479
"Nrcam",30,30,29,45
"Stxbp6",799,498,586,1511
"Gm15902",14,15,15,34
"Nova1",196,83,168,380
"1810007C17Rik",0,1,2,2
"Prkd1",953,481,713,2110
"G2e3",42,20,29,114
"Scfd1",348,326,274,766
"Coch",1,2,0,1
"Strn3",699,293,637,1672
"Ap4s1",76,37,94,213
"Hectd1",485,191,368,1029
"Gm34894",0,0,0,1
"Heatr5a",113,61,94,221
"Dtd2",5,6,20,13
"Nubpl",64,39,74,181
"Gm47431",22,22,16,85
"Gm35071",0,1,1,0
"Gm35188",30,21,25,52
"Arhgap5",367,297,393,1139
"1700031P21Rik",0,1,1,1
"Gm35239",1,0,5,3
"Akap6",171,53,50,255
"Npas3",538,179,329,922
"Egln3",0,1,0,8
"Sptssa",15,11,13,40
"Eapp",18,18,19,38
"Snx6",136,94,107,291
"Cfl2",84,39,50,141
"1700081N11Rik",0,0,0,3
"Baz1a",46,14,28,73
"2700097O09Rik",77,49,66,183
"Srp54a",39,26,34,104
"Fam177a",1,0,0,1
"Srp54b",2,2,1,5
"Srp54c",29,23,32,88
"Ppp2r3c",51,33,45,106
"Prorp",71,34,70,140
"Psma6",31,22,35,82
"Gm56554",0,0,1,0
"Nfkbia",52,26,48,145
"Gm36634",0,0,2,2
"Ralgapa1",683,340,608,1592
"Brms1l",39,22,31,108
"Mbip",71,33,71,150
"Slc25a21",0,0,0,2
"Prps1l3",7,3,2,11
"Mipol1",139,72,137,320
"Ttc6",0,0,1,8
"Gm46329",3,0,13,4
"Sstr1",0,0,0,0
"Clec14a",0,0,0,0
"Gm17529",4,2,1,8
"Sec23a",194,102,183,453
"Gemin2",13,13,12,49
"Trappc6b",41,38,52,146
"Pnn",369,221,318,763
"Mia2",363,236,301,816
"Fbxo33",88,31,71,199
"Lrfn5",1,0,0,5
"Gm48421",0,0,2,2
"Gm48422",2,1,3,7
"Gm527",5,8,6,7
"Klhl28",37,23,30,69
"Togaram1",237,107,166,513
"Prpf39",318,160,274,756
"Fkbp3",34,33,23,106
"Fancm",100,46,82,239
"Mis18bp1",0,2,0,0
"Mdga2",5,7,27,37
"Rps29",9,9,20,5
"Rpl36al",11,27,24,42
"Mgat2",0,8,7,5
"Dnaaf2",1,7,7,13
"9330151L19Rik",6,5,6,17
"Pole2",2,6,4,1
"Klhdc1",13,16,18,40
"Gm15561",0,0,1,3
"Klhdc2",92,59,80,217
"Nemf",389,213,293,724
"Gm9887",0,1,3,4
"Arf6",4,3,3,12
"Gm56517",1,0,0,1
"5830428M24Rik",1,2,0,0
"Vcpkmt",1,1,1,7
"Sos2",207,111,194,576
"L2hgdh",12,11,14,53
"Dmac2l",22,15,18,44
"Cdkl1",147,95,174,423
"4930512B01Rik",11,6,7,21
"Map4k5",314,213,309,879
"Atl1",60,43,80,148
"Sav1",37,23,39,90
"Nin",77,51,66,143
"Pygl",14,10,20,31
"F730035M05Rik",0,3,1,1
"Trim9",272,254,242,732
"Gm48747",3,2,7,11
"Gm32151",3,2,0,4
"Tmx1",66,25,40,116
"Gm40437",1,0,1,1
"Frmd6",17,12,13,35
"Actr10",41,38,37,89
"Gm56524",2,6,5,20
"Psma3",223,101,188,580
"3110056K07Rik",21,15,15,64
"Arid4a",318,140,264,744
"Tomm20l",0,0,0,0
"Timm9",22,21,25,51
"2700049A03Rik",135,65,119,277
"Dact1",44,19,21,68
"Gm40438",3,9,9,25
"4930404H11Rik",3,2,8,9
"9630002D21Rik",5,5,5,9
"Daam1",684,387,580,1673
"Gpr135",2,1,0,2
"L3hypdh",4,0,2,4
"Jkamp",29,27,14,56
"Rtn1",354,163,322,725
"Lrrc9",2,8,6,10
"Pcnx4",41,24,54,102
"Gm4756",1,3,5,9
"Dhrs7",10,14,18,15
"Ppm1a",108,67,152,317
"5033425G24Rik",3,1,5,11
"4930447C04Rik",0,0,0,0
"Six4",89,30,77,220
"Mnat1",332,176,293,824
"Trmt5",3,4,10,14
"Slc38a6",181,89,173,407
"Gm48653",6,2,6,14
"D830013O20Rik",0,0,0,1
"Tmem30b",2,3,5,4
"2210039B01Rik",0,0,0,4
"Prkch",5,6,0,0
"Gm34189",0,0,0,0
"Gm8075",0,0,0,0
"Gm15283",7,5,7,26
"Hif1a",75,56,79,207
"Snapc1",94,49,93,253
"Syt16",447,315,239,649
"Gm29587",4,0,0,3
"Dbpht2",52,40,99,100
"Gm34552",18,8,12,16
"Kcnh5",33,16,8,42
"Rhoj",6,4,2,31
"Ppp2r5e",285,187,208,658
"Gm47689",1,0,1,2
"Wdr89",3,6,5,18
"Gm56535",0,2,0,1
"Sgpp1",28,19,31,47
"Syne2",506,218,366,911
"Esr2",0,0,2,2
"Mthfd1",178,86,153,414
"Gm34868",2,5,10,12
"Akap5",6,2,2,21
"Zbtb25",17,16,19,57
"Zbtb1",30,21,31,48
"Gm56540",2,0,1,2
"4930426I24Rik",1,2,1,3
"Hspa2",6,4,4,0
"Ppp1r36",1,0,0,0
"Gm10451",0,2,4,11
"Plekhg3",209,131,220,533
"AI463170",0,0,0,3
"Sptb",81,27,72,195
"Churc1",6,7,13,24
"Fntb",103,63,97,240
"Gpx2",2,1,0,2
"Rab15",1,2,2,3
"Max",116,65,75,281
"9530018F02Rik",0,4,4,1
"Fut8",368,177,288,733
"Gm48226",10,4,17,29
"Gphn",4228,2189,3799,7591
"Garin2",12,4,11,39
"Pals1",112,47,95,260
"Atp6v1d",83,43,54,244
"Eif2s1",28,8,28,53
"Plek2",1,1,2,4
"Tmem229b",74,63,73,172
"Plekhh1",37,21,32,78
"Pigh",1,4,2,8
"9230116L04Rik",0,0,1,5
"Arg2",2,0,3,2
"Gm48780",0,0,2,2
"Vti1b",49,37,63,132
"Rdh11",21,7,12,30
"Rdh12",2,0,1,0
"Zfyve26",123,50,102,284
"Rad51b",12,9,1,27
"Gm36660",0,0,1,1
"Zfp36l1",0,3,0,0
"Gm56530",6,4,5,6
"Gm56519",1,1,2,5
"1300014J16Rik",2,2,2,5
"2310015A10Rik",19,8,23,44
"Actn1",218,126,177,514
"Gm47767",0,1,0,2
"Dcaf5",342,186,311,844
"Gm30025",1,1,0,1
"Exd2",30,22,28,68
"2310002D06Rik",1,0,1,2
"Galnt16",4,4,2,5
"Erh",19,21,30,73
"Slc39a9",73,75,82,238
"Plekhd1",3,3,0,1
"Gm47941",0,0,1,0
"Susd6",268,132,211,923
"Gm20337",0,0,1,2
"Srsf5",439,251,337,1137
"Slc10a1",0,0,1,0
"Smoc1",31,40,48,83
"Slc8a3",3,0,3,8
"Cox16",641,469,640,1526
"Gm4787",7,6,4,18
"Adam4",17,9,17,46
"Gm28370",1,1,1,1
"Synj2bp",118,80,111,207
"Gm17191",1,2,0,2
"6530401F13Rik",3,3,0,4
"Adam21",0,1,2,5
"Med6",38,22,48,91
"Gm16572",1,0,0,2
"Ttc9",52,10,39,98
"Gm49654",0,1,0,4
"Map3k9",33,12,19,100
"Pcnx",460,266,436,1135
"Sipa1l1",242,135,185,517
"Rgs6",12,7,0,31
"Dpf3",202,142,182,476
"Dcaf4",25,18,18,42
"Zfyve1",72,65,101,191
"Rbm25",760,431,656,1599
"Gm29361",1,0,1,1
"Gm56548",6,1,4,18
"Psen1",162,93,163,392
"Papln",0,0,10,7
"Numb",261,148,230,544
"Gm46367",3,2,3,6
"Gm26571",1,0,0,2
"Riox1",2,0,1,0
"Heatr4",0,0,0,1
"Acot2",4,1,3,4
"Acot1",2,0,1,0
"Acot4",0,0,1,5
"4732463B04Rik",1,1,2,1
"Acot3",0,0,0,0
"Acot6",6,6,6,13
"Dnal1",67,53,64,135
"Pnma1",0,1,0,11
"Mideas",236,54,242,630
"Gm56545",1,0,0,1
"Gm31513",2,0,4,1
"Ptgr2",41,39,56,100
"Gm47484",3,2,5,4
"Zfp410",47,41,74,136
"Fam161b",8,6,7,18
"Coq6",3,5,2,20
"Entpd5",31,26,36,65
"Bbof1",37,45,71,139
"Rnf113a2",20,7,6,24
"Aldh6a1",25,17,45,88
"Lin52",129,100,167,441
"Abcd4",18,13,18,50
"Syndig1l",62,48,59,161
"Npc2",25,26,34,97
"Isca2",5,3,7,22
"Ltbp2",11,3,7,20
"Arel1",63,45,55,140
"Fcf1",17,6,16,34
"Ylpm1",308,158,265,722
"Prox2os",2,1,1,8
"Prox2",16,21,19,25
"Dlst",69,50,83,196
"Rps6kl1",29,14,22,56
"Pgf",17,12,13,39
"Eif2b2",40,12,20,73
"Mlh3",74,43,54,196
"Acyp1",10,5,5,12
"Zc2hc1c",9,11,6,24
"Nek9",118,74,125,276
"Tmed10",288,183,278,689
"Gm47819",1,2,5,3
"Gm40477",21,8,4,33
"Gm56522",1,2,0,1
"Gm56509",4,2,0,6
"Fos",1391,821,698,2423
"Gm56541",0,4,2,3
"Gm47863",0,0,0,0
"Jdp2",2,1,5,3
"Batf",0,0,0,0
"Flvcr2",0,0,0,3
"Erg28",24,18,33,60
"Ttll5",281,126,184,613
"Gm26531",0,0,0,1
"Tgfb3",5,0,3,6
"Ift43",96,51,68,232
"Gm805",0,0,0,1
"Gm56527",0,0,0,0
"Gpatch2l",73,29,62,139
"4732487G21Rik",0,1,0,2
"Esrrb",1,0,2,2
"Vash1",9,6,5,13
"Angel1",11,6,3,29
"Gm56533",0,0,1,0
"Irf2bpl",13,12,6,26
"Gm26698",0,0,0,1
"Gm32934",3,0,7,3
"Cipc",27,24,20,50
"Zdhhc22",1,0,1,5
"Tmem63c",104,82,99,255
"Ngb",3,4,1,4
"Pomt2",77,62,99,282
"Gstz1",613,330,448,1315
"Gm6566",12,15,22,61
"Tmed8",182,146,203,515
"Samd15",4,11,5,13
"Noxred1",8,8,5,11
"Vipas39",56,53,60,169
"Ahsa1",8,17,9,19
"Ism2",0,2,1,0
"Sptlc2",109,57,93,272
"Alkbh1",104,69,82,211
"Slirp",4,6,3,14
"Snw1",81,35,78,151
"Adck1",58,48,74,144
"3200001D21Rik",1,3,0,2
"4930473H19Rik",4,0,1,1
"Nrxn3",124,191,146,549
"4930544I03Rik",1,3,0,4
"Cep128",58,27,59,146
"5430427M07Rik",0,1,0,3
"Tshr",0,0,0,1
"Gtf2a1",98,54,78,229
"Gm56560",4,2,1,6
"Ston2",175,91,165,425
"Gm8378",5,1,1,8
"Gm16876",1,0,3,1
"Sel1l",159,119,126,420
"Flrt2",0,0,0,1
"Galc",23,20,21,56
"Gpr65",0,0,0,0
"Kcnk10",19,3,7,12
"Spata7",137,49,103,309
"Ptpn21",75,49,67,203
"Zc3h14",174,82,159,391
"Eml5",1168,535,890,2398
"Ttc8",151,142,154,350
"Foxn3",1130,532,710,2444
"Gm20682",5,4,8,14
"3300002A11Rik",56,17,25,82
"Gm26839",2,2,0,5
"1700064M15Rik",0,1,1,0
"Gm19951",147,136,493,19
"Efcab11",9,12,12,35
"Tdp1",42,48,54,85
"Kcnk13",52,40,17,123
"Psmc1",45,27,58,103
"Nrde2",21,10,22,70
"Gm56516",5,3,1,12
"Gm10433",4,2,4,10
"Calm1",353,146,191,638
"Gm40557",3,0,0,3
"Gm10432",10,12,10,16
"Ttc7b",198,109,207,464
"Gm48383",7,4,8,6
"Rps6ka5",206,73,155,469
"Dglucy",96,64,95,274
"Gm56544",0,2,0,0
"Gpr68",3,8,10,15
"Ccdc88c",20,17,31,66
"Gm36756",1,2,0,5
"Ppp4r3a",226,128,231,657
"D130020L05Rik",2,1,4,6
"Catsperb",0,0,2,4
"Tc2n",11,3,7,15
"Fbln5",0,0,0,2
"Trip11",511,337,425,1129
"Gm20036",1,3,0,0
"Atxn3",39,33,62,90
"Ndufb1",12,12,25,38
"Cpsf2",12,9,11,52
"Rin3",2,0,0,0
"Lgmn",1,9,8,18
"Gm30198",0,0,3,0
"Golga5",130,70,119,271
"Chga",6211,5043,14469,22062
"Itpk1",108,85,77,291
"Moap1",4,2,3,8
"Tmem251",5,3,8,10
"Gon7",26,12,22,71
"Ubr7",42,30,33,84
"Btbd7",247,130,232,556
"Gm47167",2,4,0,7
"Unc79",1081,683,942,2494
"Prima1",0,0,0,0
"Asb2",0,0,0,0
"Gm15523",0,0,1,0
"Otub2",11,3,2,15
"Ddx24",167,97,134,422
"Ifi27",27,15,10,30
"Ppp4r4",86,66,73,221
"Serpina10",66,49,75,178
"Serpina1b",0,1,2,0
"Serpina3g",0,0,0,0
"Serpina3n",2,0,0,0
"Dicer1",346,187,261,782
"6230426M11Rik",2,3,1,4
"Clmn",9,5,9,21
"Gm28875",0,3,0,2
"Syne3",5,3,3,23
"Gm47648",2,1,2,0
"Snhg10",2,1,2,6
"Glrx5",17,15,20,39
"Tunar",0,0,0,0
"D430019H16Rik",5,1,3,14
"Bdkrb2",1,0,0,4
"Bdkrb1",0,0,0,0
"Atg2b",196,99,138,412
"Gskip",16,10,27,41
"Ak7",3,7,7,20
"Papola",461,387,425,1328
"Vrk1",64,54,39,124
"Gm46378",3,2,2,6
"Bcl11b",8,3,0,0
"Setd3",186,107,177,453
"Ccnk",76,27,61,207
"Ccdc85c",28,19,34,64
"Hhipl1",1,0,0,1
"Cyp46a1",10,5,13,35
"Eml1",151,55,122,457
"Gm16596",1,1,0,4
"Evl",158,84,122,384
"Degs2",4,2,8,25
"Gm40572",1,0,0,4
"Yy1",180,91,154,462
"Slc25a29",3,10,6,20
"Slc25a47",9,17,6,30
"Wars1",65,47,43,144
"Wdr25",137,80,122,307
"Begain",0,0,0,2
"Dlk1",1,0,2,1
"Gm34081",0,3,4,12
"Meg3",7895,3978,7193,19200
"Rtl1",37,6,21,64
"Rian",1362,817,1304,3150
"B830012L14Rik",323,210,297,737
"Mirg",161,90,108,295
"Ppp2r5c",353,262,322,949
"Gm19605",22,13,20,43
"9430024F10Rik",0,1,4,1
"B930059L03Rik",1,1,0,2
"Dync1h1",479,245,278,925
"1700001K19Rik",7,11,4,19
"Hsp90aa1",516,252,207,638
"Wdr20",177,132,191,442
"Mok",55,27,28,87
"Gm26912",1,0,0,2
"Zfp839",38,14,25,59
"Cinp",19,3,14,27
"Tecpr2",112,72,98,249
"Ankrd9",0,0,0,2
"Rcor1",154,119,112,357
"4930595D18Rik",4,5,5,8
"Traf3",311,189,255,810
"A230087F16Rik",3,0,2,5
"Cdc42bpb",232,107,159,466
"Exoc3l4",1,0,2,1
"Tnfaip2",1,1,0,4
"Gm40578",0,1,0,1
"Gm56546",7,5,1,15
"Eif5",392,134,316,801
"2810029C07Rik",5,4,3,17
"Mark3",429,268,371,1041
"Gm48286",0,1,2,5
"Ckb",26,12,21,129
"Trmt61a",3,3,3,8
"Bag5",9,6,1,13
"Coa8",34,41,44,131
"Gm15996",2,1,1,2
"Klc1",271,176,246,699
"Xrcc3",8,6,9,18
"Zfyve21",11,15,11,46
"Ppp1r13b",210,161,209,487
"5033406O09Rik",0,0,1,0
"Atp5mpl",4,7,1,14
"Tdrd9",0,0,1,0
"Kif26a",6,0,3,6
"Tmem179",0,1,1,4
"Inf2",0,0,0,0
"Adssl1",3,2,0,6
"Siva1",0,2,1,5
"Akt1",33,21,12,73
"Zbtb42",0,0,3,1
"Cep170b",42,27,35,113
"Pld4",0,0,0,0
"Ahnak2",0,0,0,3
"Clba1",0,2,2,17
"Cdca4",4,0,1,2
"Gm56552",1,4,0,1
"Gpr132",1,3,0,0
"Jag2",46,22,17,65
"Nudt14",7,2,3,7
"Gm26583",2,1,1,2
"Brf1",177,92,138,407
"Btbd6",3,2,5,3
"9230104M06Rik",2,1,0,0
"Pacs2",85,42,66,166
"Tex22",3,1,1,3
"Mta1",72,53,57,187
"Crip2",16,2,4,8
"Crip1",19,5,9,33
"Gm56538",1,0,0,0
"Tedc1",3,0,4,8
"Tmem121",4,2,1,2
"Ighd",0,3,0,0
"Ighm",0,30,0,0
"Gm56536",1,0,0,0
"Zfp386",36,23,50,92
"Vipr2",1,9,6,8
"Gm20658",0,0,0,2
"Dync2i1",61,35,33,113
"Gm48079",1,1,1,0
"Esyt2",420,226,385,1053
"D430020J02Rik",0,0,1,2
"Ncapg2",15,19,17,35
"Ptprn2",17783,11000,18036,49041
"Gm10421",3,4,4,3
"Gm5441",34,41,45,119
"Rapgef5",5,31,15,14
"Cdca7l",0,0,4,0
"Dnah11",1,6,9,9
"Gm49602",7,3,2,17
"Sp4",102,38,79,285
"Gm56549",16,10,3,15
"Itgb8",104,57,114,191
"Macc1",1,1,1,3
"Tmem196",0,0,1,1
"Gdi2",89,80,74,217
"Tasor2",155,99,125,404
"Asb13",19,10,18,44
"Net1",27,10,23,62
"Ucn3",36,30,14,34
"Akr1c14",46,26,29,98
"Gm47904",7,2,9,11
"Akr1c13",4,3,13,20
"Akr1c19",35,17,54,113
"Akr1c12",55,26,39,116
"Akr1e1",33,29,30,113
"Gm5444",0,0,0,0
"Gm47450",0,0,0,1
"Klf6",53,49,62,102
"Pitrm1",42,15,29,92
"Pfkp",94,23,56,207
"Gm40662",0,0,1,0
"Adarb2",12,0,3,7
"Wdr37",125,72,118,279
"Idi1",17,9,15,16
"Gtpbp4",78,29,69,149
"Gm36264",0,0,0,3
"Larp4b",293,183,293,828
"A130023E24Rik",12,10,11,41
"Dip2c",1808,1024,1505,4208
"Gm36423",1,1,0,0
"Zmynd11",381,192,299,895
"Gm47802",3,1,4,5
"Chrm3",3876,1695,3146,8003
"Gm47405",81,27,72,159
"Gm47404",4,3,4,16
"Gm26861",7,1,3,6
"Ryr2",0,0,7,0
"Mtr",66,27,56,127
"Actn2",148,48,313,382
"Heatr1",41,29,27,100
"Lgals8",114,69,104,301
"Edaradd",35,16,30,38
"Gm30239",11,10,4,19
"Ero1b",2688,1810,1831,5753
"ENSMUSG00000121485",59,54,44,162
"Prl2c3",0,0,0,0
"Gpr137b",14,11,11,24
"Nid1",1,0,1,9
"Gm48682",1,0,0,1
"Lyst",336,231,201,724
"Gng4",399,231,412,1043
"Gm47882",16,10,18,46
"B3galnt2",42,28,33,101
"Tbce",176,110,140,368
"Ggps1",96,57,78,226
"Arid4b",485,204,425,926
"Gm48027",10,3,9,20
"Hecw1",1,0,1,0
"Mrpl32",4,4,3,8
"Psma2",39,17,22,71
"AW209491",3,6,5,16
"Gli3",1,3,0,6
"4933412O06Rik",2,0,9,9
"Inhba",11,5,10,23
"Gm48492",2,0,2,1
"Sugct",283,171,246,630
"Gm48503",1,0,0,0
"Mplkip",6,10,13,16
"Cdk13",369,188,275,876
"Rala",82,39,71,182
"Gm48754",1,0,0,1
"Yae1d1",16,4,4,15
"Gm48799",0,0,2,0
"4930448F12Rik",0,0,0,0
"Pou6f2",8,10,31,27
"Gm48829",0,0,0,1
"Vps41",297,167,289,752
"Amph",350,354,441,787
"Gm47658",0,1,0,0
"Gm47661",2,1,1,3
"Stard3nl",19,13,23,63
"Epdr1",6,5,9,14
"Gpr141",0,0,0,0
"Elmo1",951,702,1034,2309
"Gm32036",3,4,8,14
"Gm47664",28,12,20,46
"Aoah",0,0,0,3
"Gm47806",0,0,0,0
"Trim27",16,26,20,42
"Zscan12",18,11,21,37
"Zkscan3",118,102,129,317
"Pgbd1",6,5,8,13
"4930470G03Rik",1,3,6,15
"Zscan26",153,108,131,351
"Nkapl",8,11,4,13
"Zkscan4",2,3,1,3
"AK157302",0,1,0,2
"Cox5b-ps",3,0,0,0
"Zkscan8",18,11,22,58
"H2ac13",1,0,0,0
"H4c11",1,0,0,0
"H2ac15",0,1,0,0
"H2bc15",2,1,2,5
"H1f5",12,7,4,32
"H3c11",1,1,3,2
"H2ac22",0,0,1,2
"H4c18",0,0,2,1
"H2ac24",2,0,7,6
"H2bc24",10,9,13,36
"Zfp184",30,3,20,32
"Prss16",0,0,0,0
"Gm11290",5,0,4,4
"H4c9",6,7,3,9
"H2bc11",0,3,3,1
"4930586N03Rik",1,1,1,1
"Zfp322a",16,21,16,51
"Abt1",7,2,4,14
"C230035I16Rik",1,1,2,4
"Gm46404",9,5,3,8
"Gm11335",0,0,1,1
"H4c8",3,2,4,17
"H2bc9",2,1,0,0
"H3c7",0,0,0,0
"H1f3",69,59,29,68
"H3c6",3,6,2,5
"H2ac8",7,4,3,9
"H2bc8",4,5,7,21
"H2ac7",6,2,6,13
"H3c4",16,17,20,41
"H4c4",13,26,24,32
"H2bc6",70,57,87,219
"H1f4",174,126,113,275
"H2ac6",29,44,26,50
"H2bc4",730,627,767,1621
"H1f6",5,7,3,7
"H4c3",0,4,2,3
"Hfe",4,6,6,11
"H1f2",77,69,55,148
"H2bc3",1,1,0,2
"H2ac4",1,0,0,0
"H4c1",0,0,2,3
"H3c1",0,0,2,1
"H1f1",0,0,3,2
"Trim38",3,2,1,4
"Slc17a2",3,0,0,0
"Slc17a4",5,1,4,4
"Scgn",366,158,449,1026
"Gm11339",14,5,13,33
"Carmil1",605,277,601,1391
"Cmah",0,1,0,1
"Gm11342",0,0,0,0
"Ripor2",2,3,0,1
"Gmnn",9,2,3,9
"BC005537",284,151,255,829
"Acot13",14,7,8,31
"Tdp2",29,13,25,50
"D130043K22Rik",36,30,27,89
"4932702P03Rik",0,0,1,7
"Aldh5a1",36,21,34,74
"9330162012Rik",8,1,5,24
"Gpld1",36,34,46,94
"Mrs2",65,52,52,179
"Dcdc2a",383,237,236,542
"Nrsn1",33,14,24,35
"Gm40841",0,0,0,0
"2610307P16Rik",16,7,0,8
"Sox4",11,10,10,18
"A330102I10Rik",12,2,4,15
"Cdkal1",467,299,493,1290
"E2f3",30,32,22,72
"Mboat1",5,5,6,1
"Agtr1a",0,0,0,0
"Gm48161",0,0,1,0
"Uqcrfs1",7,2,6,17
"Dusp22",42,20,33,70
"Irf4",0,2,0,0
"Gm29675",2,3,3,5
"Exoc2",214,139,165,572
"Hus1b",0,1,1,2
"Gm11379",0,1,0,0
"Foxc1",1,0,0,1
"Gmds",679,760,573,1750
"Wrnip1",37,19,19,62
"Serpinb1a",1,0,0,1
"Serpinb6b",0,0,0,3
"Serpinb9",2,0,1,8
"Serpinb6c",0,0,0,4
"Serpinb6a",134,60,121,327
"1110046J04Rik",23,7,18,47
"Nqo2",10,8,11,19
"Ripk1",77,33,65,202
"Bphl",50,25,56,135
"Tubb2a",81,43,46,176
"4930447K03Rik",0,0,0,3
"Tubb2b",0,0,0,1
"Gm36500",1,0,0,0
"Psmg4",10,4,3,18
"Slc22a23",710,348,496,1357
"Pxdc1",0,0,3,2
"Gm36839",3,6,2,8
"Prpf4b",686,359,548,1420
"Fam217a",3,3,8,15
"Tex56",1,0,0,2
"Eci3",16,8,20,42
"Gm16984",16,11,17,46
"Eci2",112,51,153,453
"Gm40910",1,0,0,1
"Cdyl",186,66,144,357
"Gm48708",0,1,1,0
"Rpp40",2,0,3,7
"Gm48746",0,0,0,1
"Lyrm4",65,30,75,157
"Gm48770",4,1,1,5
"Gm48765",5,13,11,18
"Fars2",615,328,636,1803
"Gm46409",1,0,0,2
"Nrn1",0,0,0,0
"F13a1",0,0,0,1
"Ly86",0,0,0,0
"Gm47734",0,0,0,2
"Gm47754",0,0,0,0
"Gm40918",1,0,3,1
"Rreb1",313,197,280,741
"Gm46411",0,0,0,0
"Ssr1",100,111,122,243
"Cage1",2,3,8,19
"Riok1",107,49,76,249
"Dsp",113,45,57,236
"Snrnp48",116,78,76,220
"Gm47990",0,1,0,0
"Bmp6",3,0,1,4
"Txndc5",24,55,28,95
"Gm31834",0,0,1,0
"Bloc1s5",27,17,25,71
"Eef1e1",2,4,2,3
"Gm47509",4,9,14,0
"Slc35b3",60,42,78,120
"5033403F01Rik",2,2,3,9
"Ofcc1",0,1,0,1
"Tfap2a",0,0,0,0
"Gcnt2",1189,416,1242,3465
"Gm31683",4,2,8,20
"A730081D07Rik",9,7,10,28
"Pak1ip1",21,14,29,66
"Tmem14c",1,1,2,10
"Mak",1,0,5,6
"Elovl2",17,17,35,79
"Gm32063",24,25,17,38
"Smim13",25,15,31,68
"Nedd9",111,43,115,406
"Gm26877",0,0,0,0
"Gm32401",1,0,0,0
"Gm32184",0,0,0,1
"Tmem170b",81,58,69,188
"Gm28707",0,1,2,1
"Hivep1",274,147,260,873
"Edn1",0,0,0,1
"Phactr1",15149,8487,10996,32431
"Gm15810",36,22,14,42
"Gm15809",7,11,10,29
"Gm15813",3,2,2,3
"Tbc1d7",9,13,12,20
"Gfod1",141,72,101,202
"Sirt5",14,15,18,29
"Nol7",25,22,23,55
"Ranbp9",333,225,318,807
"Mcur1",39,19,28,101
"Rnf182",107,71,123,235
"Gm47728",3,4,8,14
"Gm20751",2,3,11,15
"Cd83",5,2,7,3
"Gm33195",2,3,0,4
"Jarid2",483,356,600,1420
"Dtnbp1",78,49,51,210
"Mylip",15,13,19,28
"Gmpr",345,121,369,843
"Atxn1",1958,954,1632,4710
"Gm47460",2,1,3,9
"5033430I15Rik",1,3,3,16
"Gm10113",2,0,1,2
"Rbm24",32,8,7,56
"Cap2",137,71,94,263
"Gm47523",0,1,1,0
"Fam8a1",20,16,19,52
"Nup153",211,73,136,471
"Gm46412",2,1,0,3
"Kif13a",190,92,181,417
"Gm48250",2,2,1,6
"2010001K21Rik",0,0,0,0
"Nhlrc1",0,0,0,0
"Tpmt",3,1,6,12
"Kdm1b",9,17,13,26
"Dek",81,34,72,118
"1700026N04Rik",2,0,1,0
"Rnf144b",0,0,0,0
"4931429P17Rik",1,1,0,1
"Id4",0,1,0,1
"Zfp169",62,46,53,173
"6720427I07Rik",33,29,31,111
"Ptpdc1",43,15,30,105
"Phf2",155,81,121,387
"Phf2os1",16,8,14,45
"Fam120a",357,229,318,917
"Fam120aos",7,5,0,13
"Wnk2",544,187,357,939
"Ninj1",22,15,21,53
"Card19",6,8,4,19
"Susd3",0,0,0,1
"Fgd3",1,1,0,0
"Bicd2",19,11,13,27
"Ippk",40,43,38,105
"Cenpp",26,17,21,42
"Tes3-ps",0,0,1,2
"Ecm2",1,0,2,1
"Aspn",1,1,0,0
"Ogn",0,0,0,0
"Nol8",37,36,32,114
"Iars",108,45,59,173
"Gm8739",0,1,1,2
"Fbxw17",13,11,10,31
"Spin1",41,19,32,81
"S1pr3",0,1,0,0
"Shc3",6,2,0,5
"Cks2",8,2,7,9
"Secisbp2",105,54,97,216
"Sema4d",111,42,75,241
"Gadd45g",50,47,20,150
"4921525O09Rik",0,0,0,0
"Diras2",9,1,10,6
"Gm56592",0,0,0,0
"Gm2848",0,0,0,0
"Syk",2,0,0,0
"Auh",191,121,169,440
"Nfil3",122,30,45,194
"Gm33424",0,0,3,2
"Ror2",716,527,872,2494
"Sptlc1",48,42,42,153
"Gm2762",3,6,2,11
"Sfxn1",104,70,106,292
"Hrh2",2,3,7,9
"Gm48623",8,6,3,22
"Gm48622",0,1,1,5
"Cplx2",274,143,363,737
"Thoc3",10,7,12,20
"Simc1",87,48,131,254
"4833439L19Rik",79,65,68,243
"Arl10",8,3,0,7
"Gm56582",2,1,1,8
"Nop16",6,3,5,11
"Higd2a",5,2,2,10
"Cltb",91,41,68,268
"Faf2",166,105,235,553
"Rnf44",41,20,31,84
"Cdhr2",25,8,26,68
"Gprin1",21,20,14,47
"Sncb",35,15,28,74
"Tspan17",19,4,12,25
"Unc5a",56,40,50,106
"Hk3",2,1,5,14
"Uimc1",219,109,213,480
"Zfp346",117,77,108,281
"Fgfr4",4,0,5,17
"Nsd1",780,489,737,1873
"Rab24",35,26,36,92
"Prelid1",9,9,13,31
"Mxd3",0,0,0,4
"Lman2",41,60,29,117
"Rgs14",1,0,0,0
"Slc34a1",0,0,0,0
"Grk6",33,19,33,67
"Prr7",17,6,13,44
"Dbn1",20,7,10,38
"Pdlim7",53,17,59,147
"Dok3",10,13,14,33
"Ddx41",37,20,28,79
"Fam193b",232,144,151,463
"Tmed9",34,68,38,101
"B4galt7",17,6,7,37
"Caml",32,23,11,53
"Ddx46",170,110,101,305
"B230219D22Rik",25,13,25,56
"Txndc15",15,17,18,55
"Pcbd2",60,55,82,154
"Catsper3",17,11,19,25
"Gm47071",138,92,250,448
"Macroh2a1",287,170,228,727
"Tifab",2,0,0,0
"Fbxl21",3,5,8,15
"Tgfbi",1,0,0,0
"Smad5",85,49,85,156
"Smim32",0,0,0,0
"Trpc7",10,0,0,7
"Spock1",128,82,50,270
"Klhl3",100,47,80,213
"Hnrnpa0",16,18,13,32
"Gm56576",1,1,0,0
"Idnk",22,16,20,55
"Ubqln1",127,66,110,285
"Gm48357",0,0,3,3
"Gm56570",0,0,0,1
"Gkap1",87,50,144,212
"Gm26555",0,3,3,0
"Kif27",23,6,14,45
"2210016F16Rik",17,10,8,27
"Hnrnpk",189,67,136,467
"Rmi1",37,35,18,83
"Slc28a3",0,2,0,0
"Ntrk2",315,166,174,663
"Gm47423",3,0,0,3
"4930415C11Rik",0,0,1,1
"Gm34354",2,0,0,1
"Gm47359",0,0,4,2
"Agtpbp1",292,187,287,772
"Naa35",143,69,104,300
"Golm1",91,39,66,191
"Spata31d1a",1,1,4,1
"1700014D04Rik",2,0,0,2
"Isca1",92,47,85,193
"Etohd2",5,5,0,13
"Tut7",308,145,253,668
"Gm48194",0,0,1,1
"Gm34961",1,0,1,6
"Gas1",0,0,1,0
"Gm48500",0,0,4,3
"A530001N23Rik",3,0,2,2
"Dapk1",792,494,823,2168
"4930486L24Rik",0,0,0,0
"Ctla2b",0,0,0,0
"Ctla2a",0,2,0,0
"Gm49357",1,0,0,0
"Gm48228",3,5,3,1
"Zfp808",45,42,60,132
"Gm3604",4,2,3,16
"Zfp935",12,24,25,56
"Zfp934",81,53,63,174
"6720489N17Rik",2,4,8,10
"Platr25",60,57,82,147
"Gm5141",5,8,8,14
"Fbp1",1,2,12,7
"Aopep",1583,674,1311,3725
"Fancc",105,43,93,254
"Gm16133",6,2,6,22
"Gm16132",0,0,0,0
"Ptch1",96,46,61,218
"C030010C08Rik",2,2,2,3
"Ercc6l2",116,94,158,330
"Gm47424",0,0,2,2
"Hsd17b3",0,0,0,0
"Slc35d2",22,23,25,60
"Zfp367",19,5,15,36
"Habp4",34,26,36,94
"Cdc14b",173,101,176,557
"1810034E14Rik",9,6,15,28
"Prxl2c",84,31,74,179
"Gm47003",0,0,0,0
"Ctsl",74,35,78,164
"Gm47123",1,0,0,1
"Cdk20",3,1,7,17
"Gm31218",4,2,1,4
"Mfsd14b",80,44,98,216
"Nlrp4f",0,0,2,2
"Gm36445",24,19,26,52
"Gm10775",2,0,0,0
"Gm56590",2,2,4,3
"Zfp369",54,42,68,143
"Uqcrb",3,6,7,3
"Gm10767",0,1,1,4
"Mterf3",67,36,51,126
"Ptdss1",43,30,48,137
"4933433G19Rik",2,1,3,4
"Zfp712",4,3,0,3
"Gm46440",21,14,14,31
"Zfp708",4,3,4,6
"Rslcan18",1,3,3,4
"Zfp759",4,4,3,15
"Rsl1",2,4,4,7
"Zfp455",1,0,0,1
"Gm49064",1,0,1,3
"Zfp458",6,16,9,33
"Zfp457",2,4,3,10
"Gm48824",0,0,0,2
"Zfp595",14,12,13,29
"Zfp953",4,4,2,10
"Zfp456",0,1,2,1
"Zfp429",0,1,0,3
"Gm48900",0,1,0,0
"Zfp459",4,6,3,9
"Zfp874a",5,1,5,5
"Zfp874b",3,6,9,18
"Zfp58",14,14,10,25
"Zfp87",1,9,3,8
"Zfp748",2,7,1,7
"9430065F17Rik",3,2,7,12
"Zfp729b",13,14,22,59
"Zfp729a",26,17,8,62
"Zfp738",32,41,39,91
"Zfp65",3,9,12,24
"Zfp85os",9,7,3,13
"Zfp85",0,0,0,1
"Zfp493",0,0,0,0
"4930525G20Rik",12,4,4,9
"Zfp273",5,6,3,6
"Gm10037",6,5,4,8
"Mtrr",12,9,9,32
"Fastkd3",4,0,2,4
"Adcy2",62,61,162,395
"Gm35161",0,1,0,1
"Tent4a",40,27,31,101
"Nsun2",32,31,31,104
"A530095I07Rik",0,1,0,1
"Srd5a1",0,1,0,5
"Gm17108",0,0,0,2
"Ube2ql1",0,1,3,5
"Med10",6,5,4,26
"Gm3772",0,0,1,1
"AU017674",0,0,0,0
"Ice1",157,110,139,406
"Adamts16",1,1,5,0
"Gm40999",2,1,0,3
"Irx1",1,3,0,1
"Gm20554",7,1,3,15
"Irx2",6,12,14,25
"Ndufs6",3,5,6,11
"Mrpl36",1,7,1,6
"Lpcat1",24,16,22,57
"Clptm1l",43,70,34,98
"Tert",27,18,12,60
"Slc6a19",9,7,5,14
"Slc6a19os",0,1,0,1
"Slc12a7",166,73,115,304
"Nkd2",0,0,0,4
"Trip13",0,0,2,3
"Brd9",75,29,36,125
"Zdhhc11",1,0,1,0
"Gm15912",3,1,1,2
"Tppp",4,0,3,11
"Cep72",2,1,3,3
"Exoc3",127,60,94,220
"Ahrr",0,0,0,1
"Pdcd6",46,28,46,127
"Sdha",122,73,122,324
"Ccdc127",28,26,19,53
"Lrrc14b",1,0,0,0
"Zfp72",0,3,0,1
"Ftl1-ps1",3,2,2,2
"E430024I08Rik",36,33,34,85
"Zfp825",8,5,5,16
"Gm47467",1,0,0,1
"Gm47469",8,6,12,6
"Gm46430",20,8,18,59
"Gm56577",0,0,0,0
"Erap1",118,39,102,265
"Cast",121,64,118,298
"Pcsk1",478,245,449,1525
"1700037F03Rik",6,7,8,8
"Ell2",395,199,369,876
"Gm48302",5,3,9,25
"Glrx",3,8,6,9
"Rhobtb3",68,57,63,191
"Rfesd",4,7,7,24
"Arsk",7,3,12,27
"Skic3",142,135,151,351
"Mctp1",24,15,11,98
"Slf1",138,49,105,293
"2210408I21Rik",480,333,510,1192
"Fam172a",833,462,854,2146
"Pou5f2",13,7,7,30
"Gm38604",8,0,5,19
"3110006O06Rik",4,1,7,13
"Nr2f1",0,0,0,0
"A830082K12Rik",0,0,1,0
"Gm32067",0,0,0,1
"Gm28526",1,1,1,3
"Arrdc3",195,74,134,442
"1700023H06Rik",4,6,3,11
"Gm4211",0,0,0,0
"9330111N05Rik",7,3,1,4
"Adgrv1",598,225,406,1330
"Lysmd3",100,56,112,299
"Polr3g",27,19,23,42
"Mblac2",56,37,63,187
"Gm17259",0,3,5,8
"Cetn3",11,10,4,22
"Gm48155",0,0,0,0
"2310067P03Rik",1,0,0,1
"Mef2c",405,102,200,507
"Gm55122",18,3,6,12
"C130071C03Rik",0,0,1,0
"A230107N01Rik",1,1,1,0
"Tmem161b",93,40,84,176
"Gm49223",0,1,1,4
"Ccnh",40,27,53,87
"Rasa1",212,121,165,422
"Cox7c",49,23,25,54
"Edil3",0,0,0,6
"Hapln1",5,5,3,6
"Vcan",18,3,15,21
"Gm4117",55,24,43,127
"Xrcc4",263,150,239,658
"Tmem167",75,79,102,196
"Rps23",6,15,32,35
"Atg10",396,209,355,1039
"A830009L08Rik",0,1,0,2
"Ssbp2",531,254,437,1247
"4833422C13Rik",3,5,12,8
"Acot12",0,0,7,1
"Zcchc9",36,21,41,65
"Ckmt2",5,4,1,4
"1700119I11Rik",0,0,1,1
"Rasgrf2",365,269,375,897
"Msh3",91,53,79,249
"Gm20379",0,0,0,1
"Dhfr",6,7,5,31
"Ankrd34b",1,0,0,8
"Fam151b",14,12,19,32
"Zfyve16",74,51,51,181
"Gm56588",1,1,0,1
"Serinc5",122,32,55,172
"Mtx3",22,7,27,85
"Cmya5",8,3,6,22
"Gm4814",1,0,2,3
"Tent2",136,95,155,298
"Homer1",90,26,96,274
"Jmy",172,76,149,460
"Bhmt2",0,1,0,0
"Arsb",231,153,226,566
"Lhfpl2",7,3,7,10
"Scamp1",216,90,191,598
"Gm32089",2,0,3,8
"Gm9776",0,0,0,3
"Ap3b1",279,238,272,734
"Tbca",62,47,56,136
"Wdr41",112,75,136,265
"Gm48350",4,0,0,3
"Gm48420",2,0,10,12
"Pde8b",2,9,4,8
"Zbed3",18,5,6,33
"Aggf1",44,42,52,172
"Crhbp",2,2,6,17
"S100z",1,0,7,7
"F2rl1",16,4,7,36
"F2r",0,0,0,0
"Iqgap2",99,35,101,344
"Gm32702",2,5,4,11
"Sv2c",4,4,2,17
"Btf3l4b",0,0,0,0
"Poc5",61,22,39,120
"Ankdd1b",1,0,0,2
"Polk",73,47,75,130
"Cert1",427,246,316,936
"Hmgcr",265,195,312,738
"Ankrd31",0,0,1,0
"Gcnt4",20,11,19,34
"Fam169a",78,50,72,190
"Nsa2",174,72,167,410
"Gfm2",121,64,67,271
"Hexb",13,10,15,30
"Enc1",9,0,2,2
"Gm56591",1,0,0,0
"Gm33447",0,0,2,3
"Lncenc1",1,0,0,1
"Gm5086",0,0,0,0
"Gm41031",3,6,5,22
"Gm34388",2,2,5,3
"Arhgef28",492,296,444,1222
"Utp15",23,22,18,44
"Ankra2",33,11,26,77
"Btf3",54,18,55,151
"Gm9828",9,6,8,7
"Gm9465",0,0,1,0
"Fcho2",338,168,380,857
"D130062J10Rik",5,6,9,28
"Gm47551",1,0,3,2
"Tnpo1",849,452,836,2278
"Gm35215",0,0,1,4
"2310020H05Rik",0,0,2,0
"Zfp366",2,0,0,0
"Ptcd2",21,20,11,34
"Mrps27",27,28,31,93
"6430562O15Rik",2,0,0,5
"Map1b",973,536,896,2058
"Gm26559",14,9,11,35
"Cartpt",1,0,3,3
"Mccc2",54,54,38,155
"Bdp1",367,174,206,677
"Serf1",1,5,2,2
"Smn1",14,15,18,49
"Naip2",103,77,116,292
"Naip5",6,3,8,14
"Gm56585",0,0,0,1
"Naip6",4,1,0,10
"Gtf2h2",55,35,22,94
"Ocln",151,39,76,425
"Gm48596",0,1,0,1
"Marveld2",44,25,36,128
"Rad17",58,45,41,161
"Ak6",1,1,1,5
"Taf9",0,0,0,2
"Ccdc125",1,1,4,1
"Cdk7",79,69,74,214
"Mrps36",6,4,4,12
"Cenph",0,2,1,4
"Slc30a5",109,73,127,372
"Gm29502",2,1,2,5
"Pik3r1",918,315,743,2354
"Cd180",0,1,0,0
"Mast4",1844,1159,1318,3599
"Gm17160",0,1,0,1
"Gm30551",90,134,150,215
"Srek1",750,376,604,1699
"Gm52054",0,1,2,1
"Erbin",365,151,282,792
"Gm47849",1,2,1,6
"Nln",29,16,44,83
"Sgtb",46,15,34,143
"Trappc13",37,37,36,76
"Shld3",2,0,7,20
"Trim23",56,39,95,173
"Ppwd1",50,27,41,103
"Cenpk",4,4,1,3
"Adamts6",239,82,230,485
"Gm56573",4,12,13,22
"Cwc27",341,206,333,792
"2610204G07Rik",0,2,3,1
"Srek1ip1",48,22,24,88
"Shisal2b",71,55,55,136
"Rgs7bp",322,120,243,770
"Rnf180",46,28,63,129
"Ipo11",100,54,90,203
"Dimt1",15,17,16,27
"Kif2a",87,53,69,195
"3830408C21Rik",7,2,6,10
"Gm48684",0,0,0,0
"Gm31452",0,0,0,2
"AI197445",0,0,0,2
"Zswim6",201,69,221,652
"Ndufaf2",52,34,53,149
"Smim15",3,3,3,8
"Ercc8",19,18,13,29
"Elovl7",22,23,40,55
"Pde4d",2566,1874,2292,5893
"Rab3c",90,87,108,247
"Plk2",32,4,23,44
"Gpbp1",216,102,156,477
"Mier3",54,27,59,134
"Map3k1",149,75,120,268
"Gm15327",10,1,11,8
"Gm15326",0,0,1,2
"Ankrd55",0,1,1,3
"6720470G18Rik",0,0,0,0
"Il6st",27,17,18,71
"Il31ra",5,5,4,2
"Ddx4",2,0,0,2
"Slc38a9",105,62,77,250
"Gm47827",0,1,0,1
"Plpp1",2,2,2,3
"Mtrex",88,58,100,267
"Dhx29",33,20,30,59
"Ccno",1,1,0,0
"Gpx8",0,0,0,0
"Gzmk",0,2,0,2
"Esm1",2,4,0,2
"Cspg4b",0,2,3,7
"Gm34471",4,1,1,4
"Snx18",35,23,19,70
"Arl15",676,398,662,1686
"A430090L17Rik",4,4,0,1
"Ndufs4",222,135,204,507
"Mocs2",23,18,18,57
"Itga2",10,16,24,21
"Itga1",0,5,0,2
"Pelo",1,3,1,2
"Gm10734",0,1,0,0
"Isl1",740,389,485,1827
"Gm47914",3,1,7,19
"4930435F18Rik",3,0,1,7
"Parp8",791,423,655,1815
"Emb",383,272,445,1141
"Gm17509",0,0,0,1
"Hcn1",28,27,2,16
"Mrps30",7,3,2,19
"Nnt",10,5,6,29
"Paip1",62,60,37,118
"4833420G17Rik",133,67,113,323
"Gm9752",2,0,0,0
"Tmem267",1,0,1,7
"Ccl28",22,40,28,63
"Hmgcs1",92,72,82,218
"Gm48342",0,3,0,2
"Nim1k",46,40,63,104
"Gm41077",30,38,33,72
"Zfp131",63,29,47,204
"Gm56589",1,1,1,2
"Gm48099",0,1,0,0
"Ube2e2",1019,588,940,2220
"Ube2e1",89,64,74,206
"Nkiras1",33,14,15,109
"Rpl15",14,3,18,39
"Nr1d2",453,153,448,1288
"Thrb",396,361,451,1134
"Gm48321",9,5,11,17
"Rarb",1,2,0,17
"Top2b",214,91,125,440
"Gm48163",2,0,0,2
"Ngly1",99,57,93,186
"Gm47798",2,2,2,5
"5430414B19Rik",0,0,1,2
"Oxsm",0,2,3,7
"Gm47782",0,0,0,0
"B230110C06Rik",0,0,0,0
"Lrrc3b",2,1,0,0
"Nek10",104,69,97,408
"Slc4a7",732,408,378,1662
"Il3ra",10,3,7,9
"Gm48860",16,12,19,39
"Gm48857",1,0,0,5
"Or2t6",5,1,2,6
"Psmd6",39,18,29,92
"Atxn7",373,220,371,1162
"Thoc7",51,47,63,118
"Gm11100",0,0,0,0
"Cdhr18",22,20,12,45
"Synpr",962,589,1160,2244
"Gm5087",11,4,18,18
"Cadps",4886,3064,4874,11227
"Gm48239",4,6,4,9
"D030051J21Rik",0,0,2,5
"3830406C13Rik",36,24,42,77
"ENSMUSG00000121513",413,368,679,823
"Gm3839",0,0,0,0
"Fhit",2291,1151,2181,5998
"Fhitos",0,2,0,6
"Cfap20dc",8,7,6,13
"Fam3d",1,6,6,9
"2610318M16Rik",1,1,2,3
"Fam107a",4,2,7,22
"Kctd6",12,7,4,33
"Pdhb",46,16,59,145
"Pxk",310,182,212,622
"Rpp14",24,4,21,38
"Abhd6",106,75,120,333
"Dnase1l3",0,1,0,0
"Flnb",1020,294,528,2049
"ENSMUSG00000121456",30,15,20,56
"Gm16741",2,0,1,4
"Gm3558",1,1,4,2
"Gm3739",15,10,26,31
"Gm3696",12,5,18,21
"Gm10406",2,1,10,17
"Gm3667",6,3,8,8
"Gm26680",2,0,1,4
"Gm8206",4,6,10,18
"Gm3373",0,2,1,2
"Gm3264",2,2,1,2
"Gm26655",0,0,0,0
"2610042L04Rik",0,0,1,0
"Gm2974",1,2,1,3
"Gm8108",0,1,2,7
"Gm3095",4,4,11,10
"Gm2897",2,4,8,15
"Gm2237",5,2,4,17
"Nid2",0,0,0,1
"Rtraf",20,8,14,57
"Gng2",45,24,26,124
"Saysd1",7,7,7,13
"Gm56764",3,5,1,7
"Kcnk5",1,0,0,0
"Kcnk16",47,34,79,148
"Nudt13",54,53,73,143
"Ecd",79,50,70,177
"Fam149b",71,44,69,216
"Gm30054",6,4,5,7
"Dnajc9",4,9,1,19
"Mrps16",2,3,5,7
"Cfap70",12,6,17,45
"Anxa7",95,53,125,254
"Mss51",10,11,22,34
"Ppp3cb",124,71,121,242
"1810062O18Rik",5,6,17,32
"Usp54",87,54,65,205
"2810402E24Rik",18,11,12,44
"Sec24c",95,68,89,289
"6230400D17Rik",12,12,18,35
"Fut11",11,6,6,9
"Chchd1",8,8,9,18
"Zswim8",141,88,107,302
"Ndst2",10,7,19,40
"Camk2g",155,90,132,344
"Plau",0,0,0,1
"Vcl",218,65,419,959
"Ap3m1",57,49,79,174
"Adk",816,448,686,1888
"Gm30363",4,0,2,11
"Kat6b",500,232,471,1227
"Samd8",89,36,58,208
"Vdac2",20,20,34,48
"Comtd1",0,1,2,2
"A430057M04Rik",0,0,0,2
"Zfp503",2,3,0,0
"Lrmda",629,321,712,1208
"4930405A10Rik",0,0,0,2
"Gm47601",0,0,0,5
"Kcnma1",3024,1704,2587,7909
"4930519K11Rik",4,0,2,14
"Gm52992",9,3,4,10
"Dlg5",195,100,116,441
"Gm47814",8,3,12,6
"Polr3a",59,25,42,124
"Rps24",37,63,60,79
"4930428N03Rik",2,1,3,5
"Gm32123",1,0,2,0
"Gm32224",0,0,1,2
"Zmiz1os1",36,33,56,106
"Gm26660",7,5,14,28
"Gm41113",0,0,2,4
"Zmiz1",548,378,411,1167
"Gm47920",6,3,4,10
"Gm56760",0,0,1,3
"Ppif",3,2,6,7
"Zcchc24",2,1,0,0
"Anxa11",252,92,145,464
"Anxa11os",0,2,4,3
"Plac9",0,0,0,0
"Tmem254",1,3,1,23
"Duxbl1",19,3,18,38
"4933413J09Rik",0,1,1,0
"Slmap",267,163,219,589
"Dennd6a",96,88,97,242
"Arf4os",2,0,2,3
"Arf4",390,164,366,934
"Pde12",4,1,5,12
"9930004E17Rik",0,0,0,3
"Dnah12",0,2,5,6
"Asb14",0,0,0,4
"Appl1",156,59,130,348
"Il17rd",8,0,0,8
"Arhgef3",142,79,135,434
"Tasor",455,198,355,836
"Ccdc66",84,46,50,166
"Erc2",4357,1684,4850,11354
"Gm45645",8,9,10,13
"Wnt5a",3,3,5,23
"Cacna2d3",48,34,84,164
"Lrtm1",0,0,0,0
"Gm48006",0,0,0,0
"Gm48003",0,0,0,1
"Gm47414",3,2,1,11
"Selenok",96,72,63,199
"Actr8",49,29,55,134
"Il17rb",1,3,0,1
"Chdh",8,4,5,19
"Cacna1d",3557,1787,3062,8684
"Gm50467",4,2,7,21
"Dcp1a",67,61,69,165
"Tkt",11,9,16,18
"Prkcd",30,12,23,61
"Gm7644",0,1,0,1
"Rft1",30,23,48,107
"Sfmbt1",456,208,428,1044
"1700087M22Rik",6,3,8,15
"Stimate",38,16,47,106
"Mustn1",0,0,0,0
"Itih4",1,1,0,1
"Itih1",2,1,7,0
"Nek4",52,31,23,91
"Spcs1",10,5,8,8
"Glt8d1",82,70,64,207
"Gnl3",105,37,77,209
"Pbrm1",335,184,253,751
"Uqcc5",2,4,2,15
"Nt5dc2",3,4,2,7
"Stab1",4,1,4,7
"Nisch",614,368,666,1812
"Tnnc1",14,6,8,23
"Sema3g",4,0,2,2
"Phf7",16,6,8,36
"Bap1",16,6,22,47
"Capn7",149,78,148,359
"Sh3bp5",35,16,20,49
"Mettl6",41,21,38,103
"Eaf1",19,12,9,33
"Colq",0,0,0,1
"Hacl1",21,8,20,68
"Btd",6,8,9,18
"Ankrd28",253,128,176,564
"Galnt15",1,0,0,0
"Dph3",38,31,37,108
"Oxnad1",15,17,15,39
"Ncoa4",20,20,24,48
"Timm23",46,19,54,123
"Parg",168,96,116,366
"Gm46447",9,5,3,11
"Gm48914",1,0,2,2
"Ogdhl",50,16,47,113
"Ercc6",122,60,97,287
"3425401B19Rik",25,6,9,37
"Tmem273",0,0,0,1
"Vstm4",2,0,0,2
"Wdfy4",1,1,0,0
"Lrrc18",15,7,4,28
"Arhgap22",0,0,13,6
"Gm15512",0,0,0,0
"Mapk8",191,80,133,407
"Frmpd2",1,0,0,0
"Gdf10",0,0,0,0
"Gprin2",0,1,0,1
"Syt15",1,1,0,0
"Gm49201",2,1,2,5
"Shld2",73,53,65,202
"Glud1",206,132,231,766
"Sncg",0,0,0,0
"Mmrn2",0,5,0,2
"Bmpr1a",311,223,369,823
"Ldb3",5,2,4,16
"5830448L01Rik",2,2,2,4
"Wapl",386,194,328,824
"Grid1",1,4,1,12
"Ccser2",100,50,79,275
"Cdhr1",21,15,23,46
"Gpr15lg",1,0,0,3
"Ghitm",42,27,40,121
"Nrg3",29,98,0,101
"Sh2d4b",1,3,1,1
"Tspan14",16,11,16,59
"Prxl2a",51,30,61,151
"Gm47547",1,2,0,1
"Dydc1",0,0,0,0
"Mat1a",36,21,29,121
"Sftpa1",5,0,0,4
"Sftpd",0,0,0,0
"Gm2832",0,0,0,1
"Gm7324",1,0,1,0
"Gm49965",0,0,0,1
"Ear1",0,0,1,0
"Gm8113",0,0,0,1
"Txndc16",56,42,44,157
"Gpr137c",4,11,24,26
"Ero1a",42,38,36,78
"Psmc6",63,54,65,171
"Styx",63,20,52,116
"Gnpnat1",19,8,21,47
"Fermt2",216,84,192,658
"4930527F14Rik",11,2,7,13
"Gm15601",0,0,0,1
"Ddhd1",131,81,113,288
"Gm15218",0,0,1,0
"Bmp4",0,0,0,0
"Cnih1",9,4,11,22
"Gmfb",55,22,35,117
"Gm10101",1,1,0,3
"Cgrrf1",32,25,36,82
"Gm48949",1,2,1,2
"Gm34934",0,0,0,0
"Samd4",42,14,36,87
"2810457G06Rik",0,0,0,0
"Gm10371",5,1,0,2
"Gch1",670,151,552,1698
"Wdhd1",21,15,32,63
"Socs4",18,26,29,51
"Mapk1ip1l",107,66,110,319
"Gm49189",4,2,5,10
"Lgals3",0,0,0,1
"Dlgap5",0,0,1,0
"Fbxo34",126,109,170,462
"Gm35166",3,0,1,3
"Atg14",17,22,29,59
"Ktn1",481,177,284,782
"Peli2",37,22,71,124
"Tmem260",119,104,102,261
"Gm49519",22,8,8,39
"4930572G02Rik",4,0,6,5
"Exoc5",114,64,91,306
"Ap5m1",17,23,20,57
"Naa30",50,12,17,85
"Slc35f4",1130,823,974,2077
"Armh4",7,6,2,9
"Ttc5",44,33,53,135
"Ccnb1ip1",4,2,1,1
"Parp2",25,24,29,80
"Tep1",85,50,59,149
"Gm26782",28,24,24,55
"Klhl33",2,1,3,3
"Osgep",24,14,42,63
"Apex1",2,1,1,8
"Pip4p1",59,32,56,154
"Pnp",9,9,14,25
"Rnase4",37,26,36,46
"Ang",15,5,8,25
"Rnase6",2,0,1,0
"Rnase1",0,1,0,0
"Gm7247",2,1,3,2
"Mettl17",26,15,27,61
"Slc39a2",0,3,0,1
"Ndrg2",0,2,0,0
"Arhgef40",8,3,8,11
"Zfp219",19,16,16,41
"Tmem253",1,1,0,3
"Gm49086",0,1,0,2
"Hnrnpc",274,150,237,732
"Rpgrip1",6,2,4,26
"Supt16",133,84,95,314
"Gm26590",10,4,6,9
"Chd8",302,142,231,558
"Rab2b",52,24,50,106
"Tox4",109,41,133,309
"Mettl3",20,15,15,34
"Sall2",2,3,0,5
"Gm43647",0,1,0,0
"Gm43434",1,0,0,0
"Trac",1,0,1,0
"Dad1",64,55,61,166
"Abhd4",15,4,17,40
"Gm43305",15,9,19,34
"5330426L24Rik",0,0,1,0
"Oxa1l",9,16,19,61
"Slc7a7",0,3,1,3
"Mrpl52",7,6,16,24
"Mmp14",2,0,0,0
"Gm56768",0,0,0,2
"Gm10366",0,1,0,0
"Lrp10",28,16,18,53
"Rem2",7,5,9,34
"Prmt5",15,15,9,35
"Haus4",3,1,2,9
"Ajuba",0,0,0,2
"4931414P19Rik",9,5,8,27
"Psmb5",2,7,4,10
"Cdh24",7,4,5,12
"Acin1",506,259,390,981
"4930579G18Rik",5,2,2,12
"1700123O20Rik",0,4,1,9
"Slc7a8",154,93,88,327
"Rnf212b",0,0,0,0
"Homez",2,3,2,6
"Ppp1r3e",2,2,9,22
"Bcl2l2",21,9,17,24
"Pabpn1",144,84,123,291
"Slc22a17",68,61,73,174
"Efs",0,0,0,0
"Ngdn",14,10,17,30
"Zfhx2os",15,10,13,43
"Zfhx2",802,376,616,1621
"Thtpa",1,3,3,4
"Ap1g2",9,9,8,30
"Jph4",16,15,10,30
"Dhrs4",9,14,6,25
"Carmil3",101,42,48,185
"Cpne6",0,0,1,2
"Pck2",51,42,42,112
"A730061H03Rik",1,1,0,0
"Dcaf11",81,40,38,144
"Gm15932",0,1,0,2
"Psme1",17,11,8,32
"Emc9",10,8,4,15
"Psme2",10,2,7,29
"Rnf31",19,13,14,56
"Irf9",8,4,11,30
"Rec8",30,17,16,65
"Ipo4",18,20,15,53
"Tm9sf1",15,19,16,48
"Gm49747",1,2,1,1
"Tssk4",0,1,0,2
"Mdp1",15,5,8,14
"Nedd8",12,12,9,22
"Gmpr2",3,12,8,20
"Tinf2",6,4,8,28
"Gm49067",6,2,1,9
"Rabggta",9,7,10,29
"Dhrs1",6,4,5,11
"Nop9",9,6,11,18
"Adcy4",0,0,0,0
"Ripk3",0,0,0,0
"Nfatc4",0,0,0,0
"Nynrin",14,5,5,15
"Cbln3",0,1,2,2
"Khnyn",54,26,51,143
"Sdr39u1",4,4,2,13
"Rnf17",12,6,8,17
"Cenpj",54,37,29,102
"Parp4",156,88,107,287
"Gm16573",2,0,1,3
"Mphosph8",139,71,113,269
"Gm16973",15,9,20,39
"Pspc1",188,88,160,430
"Zmym5",193,98,183,439
"2410022M11Rik",1,2,2,7
"Zmym2",385,183,307,788
"Cryl1",222,82,164,551
"Ift88",219,118,194,507
"Ift88os",1,0,0,2
"Il17d",4,6,6,36
"Eef1akmt1",13,13,11,41
"Xpo4",167,72,139,346
"Lats2",0,3,1,4
"Sap18",15,3,20,34
"Ska3",0,0,3,2
"Mrpl57",4,2,1,3
"Zdhhc20",215,104,244,542
"Micu2",278,130,249,611
"3110083C13Rik",3,2,0,4
"Fgf9",66,39,31,163
"Gm33321",2,1,4,5
"Rcbtb1",128,77,107,234
"Phf11a",0,0,0,0
"Phf11b",0,0,0,2
"Phf11d",0,0,1,2
"Phf11c",2,5,1,11
"Setdb2",32,19,17,47
"Cab39l",130,60,108,289
"Cdadc1",135,59,114,244
"Shisa2",5,13,4,4
"Atp8a2",315,137,303,672
"Gm49336",68,45,53,227
"Mtmr6",107,79,92,222
"Amer2",40,13,28,67
"Gm29266",2,6,2,19
"Spata13",63,50,79,232
"C1qtnf9",0,0,2,3
"Mipep",68,24,52,143
"Tnfrsf19",0,0,0,0
"Sacs",54,31,46,168
"Ebpl",12,12,14,27
"Kpna3",188,99,100,378
"Spryd7",20,27,23,53
"Trim13",1,0,4,7
"Dleu2",196,36,145,651
"Kcnrg",0,0,0,2
"Gm27010",0,0,1,0
"Gm27017",9,7,5,32
"Gm56761",3,1,0,3
"Gm35419",0,0,0,0
"Rnaseh2b",21,7,25,57
"Fam124a",0,0,0,3
"Serpine3",0,0,0,1
"Ints6",228,152,233,479
"Wdfy2",149,76,102,277
"Ctsb",33,33,36,77
"Fdft1",90,93,108,257
"Neil2",56,30,34,105
"Gata4",0,2,1,6
"Blk",2,0,0,2
"Fam167a",21,23,41,72
"Mtmr9",29,19,14,60
"Gm15918",44,15,33,85
"Xkr6",928,533,956,2357
"Gm56759",2,1,3,3
"Pinx1",33,17,27,58
"Sox7",0,0,0,0
"Msra",147,84,108,368
"Mir124a-1hg",2,0,1,2
"Kif13b",663,338,482,1539
"Hmbox1",316,158,251,704
"Ints9",84,56,61,164
"Extl3",73,56,96,198
"Gm41177",4,5,2,5
"Fzd3",96,54,73,182
"Fbxo16",67,55,58,141
"Gm48433",0,0,0,3
"Zfp395",90,60,79,210
"Pnoc",2,2,1,1
"Elp3",154,114,106,414
"Nuggc",1,2,3,1
"Ccdc25",22,20,20,56
"Scara3",0,0,0,0
"Clu",16,14,23,17
"Gulo",0,0,0,0
"Ephx2",4,2,5,11
"Ptk2b",129,93,177,586
"1700001G11Rik",1,0,0,2
"Trim35",63,71,107,213
"Adra1a",0,0,10,0
"Dpysl2",169,94,146,364
"Gm5464",1,1,1,0
"Pnma2",3,3,2,2
"Bnip3l",68,40,81,253
"Ppp2r2a",182,105,119,495
"Ebf2",0,0,0,0
"Cdca2",0,1,1,0
"Kctd9",28,19,16,69
"Gnrh1",3,1,2,5
"Dock5",84,40,80,165
"Nefm",38,27,26,47
"Gm31227",5,6,6,10
"Adam28",0,1,0,1
"Stc1",0,0,0,0
"Slc25a37",17,14,15,36
"Gm27222",1,0,2,3
"Gm16867",0,1,0,1
"Loxl2",31,20,17,53
"R3hcc1",17,5,2,13
"Chmp7",14,9,11,47
"Tnfrsf10b",0,1,4,7
"Rhobtb2",25,19,32,58
"Pebp4",0,0,0,0
"Gm33524",0,0,0,0
"Egr3",38,0,35,73
"Bin3",57,40,68,149
"Ccar2",43,22,26,105
"9930012K11Rik",0,0,0,0
"Pdlim2",0,0,0,0
"Sorbs3",24,9,36,65
"Gm49417",27,14,40,89
"Ppp3cc",132,83,116,291
"1700031C06Rik",0,0,2,0
"Slc39a14",72,41,67,158
"Piwil2",3,3,0,0
"Polr3d",28,13,27,75
"Phyhip",5,2,1,13
"Bmp1",131,112,97,345
"Lgi3",1,0,0,0
"Reep4",11,4,4,15
"Hr",2,0,0,1
"Nudt18",3,1,2,16
"Fhip2b",37,16,22,66
"Dmtn",9,5,9,20
"Fgf17",0,0,0,2
"Npm2",1,1,5,6
"Xpo7",338,219,347,862
"Gm56755",2,2,1,4
"Dok2",7,1,1,6
"Gfra2",0,0,0,1
"Fndc3a",1564,787,1283,3603
"Gm16549",2,2,2,3
"Gm41206",0,3,6,4
"Cysltr2",0,1,0,6
"Rcbtb2",44,25,43,125
"Gm17233",3,0,3,5
"Rb1",205,116,176,533
"Lpar6",6,4,4,19
"Itm2b",223,128,257,631
"Med4",9,7,15,53
"Nudt15",5,2,2,6
"Sucla2",48,33,43,93
"Gm49164",1,3,0,5
"Gm49171",1,0,1,3
"Htr2a",0,0,0,0
"Esd",24,14,12,44
"Lrch1",710,468,786,1871
"Gm10847",0,1,3,2
"Rubcnl",2,1,0,0
"Lrrc63",0,1,1,3
"Lcp1",5,5,1,10
"Cpb2",31,26,38,44
"Zc3h13",308,132,242,652
"Gm49200",0,0,0,0
"Siah3",1,4,4,4
"Cog3",122,108,104,372
"Slc25a30",15,7,12,22
"Gm4285",7,3,7,8
"Tpt1",91,73,96,218
"Gtf2f2",203,163,158,497
"Kctd4",2,4,1,4
"Gpalpp1",43,17,59,93
"Nufip1",42,21,37,102
"Tsc22d1",524,400,382,1468
"E130202H07Rik",3,0,1,4
"Serp2",31,20,17,72
"1700108F19Rik",6,0,1,2
"4930431P22Rik",0,0,2,3
"Gm48968",0,0,1,0
"Lacc1",56,30,44,109
"Ccdc122",40,34,79,120
"Enox1",837,316,810,1843
"Gm6994",3,5,7,6
"Gm56765",1,2,4,5
"Gm49003",6,0,10,6
"Dnajc15",32,20,58,70
"Epsti1",3,3,20,15
"Akap11",204,129,235,653
"Dgkh",447,121,363,1339
"Vwa8",517,365,500,1324
"Gm4632",1,0,1,2
"Rgcc",23,2,0,37
"Naa16",102,81,94,190
"Mtrf1",10,6,10,26
"Kbtbd7",8,0,0,5
"Wbp4",58,24,54,129
"Elf1",182,116,181,488
"Sugt1",42,34,41,120
"Cnmd",0,0,1,0
"Pcdh8",1,0,1,0
"Gm6999",1086,727,487,2635
"Gm10845",5,0,1,5
"Gm49542",139,94,54,346
"Olfm4",121,77,58,245
"Pcdh17",2,2,0,1
"4930529K09Rik",0,0,0,1
"Gm32815",0,0,0,0
"Diaph3",0,8,0,6
"Tdrd3",98,74,68,211
"Pcdh9",149,25,30,267
"Klhl1",0,4,12,12
"Dach1",2203,984,1627,4661
"Mzt1",30,15,21,58
"Bora",11,5,9,25
"Dis3",35,30,35,70
"Pibf1",249,129,265,617
"Klf5",198,68,174,499
"Klf12",1222,653,1070,3175
"4930517O19Rik",12,6,7,29
"Gm41231",18,14,11,24
"Gm56750",1,0,5,0
"6330576A10Rik",1,1,0,3
"Tbc1d4",76,54,42,193
"Commd6",6,2,3,8
"Uchl3",57,31,30,103
"Lmo7",473,180,375,1074
"Gm34589",0,0,0,0
"Kctd12",31,30,26,56
"Cln5",7,2,5,24
"Fbxl3",156,89,146,450
"Mycbp2",1258,711,1041,2667
"1700087I21Rik",9,9,3,19
"Gm34907",4,3,2,3
"Scel",28,28,40,103
"Slain1",99,45,53,183
"Ednrb",2,2,0,0
"4930432J09Rik",0,0,0,0
"Pou4f1",1,0,0,2
"Obi1",42,20,40,95
"D130009I18Rik",0,3,60,0
"Rbm26",540,324,463,1169
"Gm17066",15,4,8,31
"Gm56767",2,1,4,3
"Ndfip2",161,78,142,348
"Gm10076",1,5,12,18
"Spry2",3,0,4,7
"Slitrk1",2,0,0,2
"Slitrk6",53,37,30,37
"Gm30439",0,0,0,0
"Slitrk5",0,0,0,0
"Tpm3-rs7",0,2,3,5
"Mir17hg",0,0,0,0
"Gpc5",0,0,3,4
"Gpc6",78,100,75,137
"Dct",3,0,2,1
"Tgds",33,17,22,68
"Gpr180",48,45,53,120
"Abcc4",212,100,187,497
"Cldn10",0,0,1,1
"Dzip1",50,19,38,121
"Gm49179",3,1,4,7
"Gm56747",0,0,0,0
"Dnajc3",204,180,159,445
"Gm49768",14,2,18,33
"Uggt2",239,147,206,505
"Gm16835",29,13,24,56
"Hs6st3",7758,5202,8038,20010
"1700006F04Rik",0,4,4,6
"4930404K13Rik",2,0,0,1
"Gm4681",3,2,3,23
"Mbnl2",1793,828,1544,4568
"Gm26679",0,0,0,3
"Rap2a",17,16,15,43
"Ipo5",64,21,52,145
"Farp1",835,461,871,2228
"B930095G15Rik",40,23,44,121
"Stk24",167,69,134,380
"Slc15a1",0,0,0,0
"Gm49035",1,0,0,4
"Dock9",493,261,443,1210
"1810041H14Rik",2,1,3,1
"Ubac2",141,92,131,369
"Gpr18",2,0,0,2
"Gpr183",3,3,7,0
"Timm8a2",1,0,0,1
"A330035P11Rik",4,5,4,15
"Gm56752",0,3,2,2
"Tm9sf2",228,151,192,565
"Clybl",155,66,149,372
"1700108J01Rik",1,0,1,1
"Gm5089",4,1,4,8
"Pcca",365,253,231,798
"Ggact",31,30,43,143
"4930594M22Rik",14,6,6,25
"Tmtc4",27,18,17,47
"Gm54621",0,1,0,0
"Gm33906",2,0,1,1
"Nalcn",1040,490,1185,2731
"Itgbl1",0,0,7,1
"Fgf14",592,325,603,1530
"1700024B18Rik",2,2,1,10
"Selenop",70,80,72,193
"Ccdc152",7,8,10,20
"Ghr",2557,1549,2567,7399
"Fbxo4",24,13,33,60
"Rimoc1",82,54,47,149
"Gm2093",1,0,1,2
"BC037032",8,2,4,15
"Oxct1",192,121,160,470
"Gm15632",0,1,2,1
"Plcxd3",858,486,836,2012
"C6",1,0,1,1
"C7",1,0,1,2
"Card6",5,12,5,17
"Rpl37",13,15,29,14
"Prkaa1",131,84,112,308
"Gm15938",2,0,3,1
"Ttc33",35,20,35,86
"Ptger4",6,9,7,6
"Dab2",1,3,0,1
"Fyb",27,5,22,63
"Gm2245",1,0,2,0
"Rictor",341,188,328,945
"Osmr",0,0,0,0
"Lifr",39,32,38,138
"Egflam",2,12,1,24
"Gm16029",0,0,0,1
"Gm49207",0,0,0,3
"Wdr70",164,95,124,443
"Nup155",51,36,78,150
"Cplane1",531,213,400,1116
"Nipbl",1099,516,864,2354
"Gm31282",1,0,0,0
"Slc1a3",0,0,1,1
"Ranbp3l",2,0,1,2
"Nadk2",102,43,106,286
"Skp2",10,10,8,16
"Lmbrd2",79,45,95,213
"Capsl",123,38,125,294
"Il7r",0,1,0,0
"Spef2",0,3,6,10
"Prlr",926,573,570,2540
"Agxt2",72,30,69,189
"Dnajc21",292,122,197,785
"Brix1",56,22,60,133
"Rad1",10,3,4,16
"Ttc23l",0,0,0,1
"Rai14",2,2,0,0
"4930556M19Rik",0,0,0,2
"Amacr",6,3,3,9
"Adamts12",0,1,0,0
"Tars",44,31,19,83
"Npr3",0,0,0,0
"Sub1",83,34,56,130
"Gm34759",198,58,78,391
"Zfr",550,315,502,1200
"Mtmr12",152,80,109,364
"Gm56692",3,0,1,2
"Golph3",149,58,114,366
"Pdzd2",0,8,1,1
"6030458C11Rik",21,20,28,69
"Drosha",102,61,84,184
"Cdh9",21,20,34,73
"Gm49127",0,0,0,0
"Cdh10",0,0,0,0
"Cdh12",0,0,0,12
"Cdh18",5,4,7,16
"Gm35769",0,2,3,4
"Gm2824",25,9,27,58
"Gm35996",0,1,4,1
"9230109A22Rik",0,1,0,1
"4930445E18Rik",0,0,1,3
"Basp1",11,8,13,35
"Myo10",524,350,459,1303
"Retreg1",225,116,246,520
"Zfp622",113,39,77,279
"Marchf11",10,11,23,21
"Fbxl7",8,18,10,1
"Gm49267",0,0,0,0
"Gm36899",4,1,3,3
"Ank",1581,854,1851,4209
"Otulin",165,99,144,398
"Otulinl",30,20,37,76
"Trio",1036,480,780,2527
"Dnah5",0,0,0,0
"Ctnnd2",2934,1590,2720,7195
"4930570B17Rik",5,4,3,11
"Dap",123,132,102,245
"Ankrd33b",217,106,145,466
"Ropn1l",11,4,4,20
"Gm49208",0,1,1,2
"Marchf6",222,148,249,598
"Gm49216",1,0,2,0
"Cmbl",12,13,11,19
"Cct5",23,18,14,58
"Atpsckmt",34,27,24,68
"Snhg18",2,5,2,4
"Sema5a",12,7,10,43
"Gm32618",1,2,9,5
"Sdc2",69,27,65,151
"Cpq",922,487,823,2132
"Gm56714",4,0,5,17
"4930592A05Rik",1,0,1,2
"Tspyl5",9,9,7,5
"Gm41291",0,0,0,0
"Mtdh",262,149,231,621
"Laptm4b",146,68,131,372
"Matn2",38,38,25,53
"Rpl30",17,14,32,16
"Erich5",5,6,4,12
"Rida",2,7,9,12
"Pop1",8,20,9,24
"Nipal2",747,347,776,1869
"4930413F20Rik",2,0,0,2
"Stk3",232,114,162,552
"4921515G04Rik",0,2,2,2
"Vps13b",1143,600,893,2527
"Cox6c",13,14,13,17
"Rgs22",2,0,4,5
"Fbxo43",2,1,0,2
"Polr2k",9,10,7,15
"Spag1",26,23,25,32
"Gm41293",0,0,0,2
"Rnf19a",110,45,90,240
"Gm33936",1,0,1,1
"Gm34093",0,0,0,0
"Gm34316",0,0,0,1
"Ankrd46",11,8,15,34
"Pabpc1",111,66,128,318
"Gm46515",5,3,5,12
"Gm56743",3,3,3,7
"Ywhaz",1076,224,600,2073
"Gm41300",1,0,0,2
"Gm34590",3,2,1,6
"Zfp706",18,6,12,48
"Gm26766",3,1,1,0
"Grhl2",1,0,2,3
"Ncald",300,224,251,721
"Gm15941",3,1,2,8
"4930447A16Rik",4,1,0,6
"Gm15940",0,0,1,0
"Gm35019",3,4,2,2
"Rrm2b",50,32,25,97
"Gm49085",1,2,2,3
"Ubr5",882,411,660,1870
"Gm49312",0,0,1,0
"Gm49313",0,0,0,4
"Klf10",74,37,65,129
"Gm56722",4,0,3,2
"Gm35248",10,5,8,12
"Gm41307",0,0,3,0
"G930009F23Rik",0,0,0,0
"Azin1",318,106,201,781
"Gm49077",12,11,3,18
"2310043O21Rik",1,1,4,2
"1100001I12Rik",1,0,0,2
"Atp6v1c1",114,76,96,288
"Baalc",1,0,9,12
"Gm26704",0,2,1,1
"Fzd6",59,39,41,171
"Cthrc1",7,14,8,22
"Slc25a32",28,12,53,136
"Dcaf13",57,35,51,146
"Rims2",1822,1030,1526,4216
"Dcstamp",0,0,0,0
"Dpys",0,1,1,3
"Lrp12",190,86,159,427
"9330182O14Rik",0,0,2,1
"Zfpm2",3,1,0,1
"Oxr1",509,338,606,1126
"Gm26854",0,3,1,3
"Abra",0,1,2,5
"Angpt1",1,0,1,0
"Eif3e",68,31,72,133
"Gm10373",3,10,10,25
"Emc2",59,25,34,116
"Nudcd1",26,45,29,81
"Eny2",36,26,42,101
"Pkhd1l1",0,0,1,1
"Ebag9",11,23,12,31
"Sybu",154,100,161,318
"1700022A22Rik",0,0,0,1
"Csmd3",2,3,6,7
"Trps1",895,443,804,1674
"Gm48913",0,1,0,6
"Eif3h",98,50,63,209
"Utp23",3,6,1,4
"Rad21",131,108,111,282
"Aard",1,4,1,3
"Slc30a8",2379,1122,2017,6245
"Med30",5,3,7,9
"Ext1",1203,733,854,2548
"Samd12",416,392,371,1057
"Tnfrsf11b",12,10,5,15
"Colec10",0,0,0,0
"Mal2",18,7,26,39
"Ccn3",0,0,0,3
"Enpp2",262,130,471,1122
"Gm26684",0,1,0,2
"Taf2",123,57,77,222
"Dscc1",1,1,1,3
"Gm9920",5,4,10,8
"Deptor",616,358,735,1814
"Col14a1",1,5,1,5
"Mrpl13",23,11,14,17
"Mtbp",25,6,12,67
"Sntb1",1,14,0,5
"Has2os",1,0,2,0
"Gm2582",0,1,4,3
"Zhx2",339,237,296,896
"9330154K18Rik",1,0,0,0
"Derl1",129,91,114,377
"Tbc1d31",15,13,9,45
"9130401M01Rik",1,5,4,10
"Gm29394",12,8,11,25
"Zhx1",31,33,30,76
"Atad2",35,28,15,58
"Wdyhv1",32,20,41,86
"Fbxo32",98,69,141,333
"Gm15943",11,7,6,34
"Klhl38",4,0,5,0
"Anxa13",1,0,0,2
"Fam91a1",140,70,144,445
"Fer1l6",9,13,12,29
"Gm20712",17,6,18,44
"Tmem65",547,318,442,1716
"Trmt12",5,7,1,6
"Rnf139",41,29,41,93
"Tatdn1",43,31,37,90
"Ndufb9",12,8,5,26
"Mtss1",725,452,628,1789
"4930544F09Rik",0,2,1,5
"Sqle",67,45,71,188
"Washc5",76,38,69,151
"Nsmce2",408,264,468,1226
"Gm36677",0,0,1,9
"Gm56717",1,0,1,3
"Gm56697",2,3,2,4
"Trib1",100,81,114,243
"Gm19510",3,1,2,3
"Gm2682",2,1,0,0
"Lratd2",3,2,4,11
"9930014A18Rik",0,1,3,4
"4930402D18Rik",0,0,0,0
"Gm38563",2,0,0,4
"D030024E09Rik",0,0,0,1
"Myc",5,2,3,6
"Pvt1",24,22,26,48
"Gm41333",0,1,0,0
"Gm41335",0,1,0,1
"Cyrib",306,189,267,725
"Asap1",701,332,457,1563
"Adcy8",21,5,26,35
"Efr3a",144,93,164,356
"Kcnq3",3,3,10,9
"Gm30929",2,0,1,5
"Dnaaf11",45,33,41,121
"Tmem71",10,15,12,31
"Phf20l1",597,334,480,1423
"Tg",0,0,0,0
"Sla",0,1,0,0
"Ccn4",0,0,0,1
"Ndrg1",477,186,216,947
"Gm2895",3,3,4,2
"Gm31342",0,0,2,0
"St3gal1",141,35,75,196
"1700012I11Rik",0,0,0,1
"Zfat",54,27,66,162
"Gm26621",5,1,4,20
"Gm20732",67,56,60,165
"Khdrbs3",350,202,313,900
"Gm49422",0,0,0,0
"Fam135b",284,319,157,442
"Kcnk9",0,0,0,1
"Gm49460",1,0,1,2
"Trappc9",536,427,509,1359
"Peg13",12,5,2,21
"Chrac1",12,2,12,36
"Ago2",523,266,447,1141
"Ptk2",233,150,195,534
"1700085D07Rik",5,3,2,3
"Gm49066",9,7,2,4
"Dennd3",79,41,69,169
"Slc45a4",119,84,66,257
"Gpr20",0,0,0,0
"Ptp4a3",47,25,35,111
"Mroh5",0,1,1,0
"Arc",0,7,11,39
"Jrk",0,2,2,0
"4933427E11Rik",0,1,1,1
"Them6",0,0,0,2
"Lynx1",0,0,0,0
"Ly6d",1,3,0,0
"Gm39556",0,0,0,0
"Ly6e",5,10,15,12
"Ly6a",0,0,0,0
"Gm28068",2,0,0,0
"Ly6c1",0,2,0,0
"Ly6h",0,0,1,0
"Gpihbp1",1,1,0,0
"Zfp41",2,0,3,5
"Top1mt",3,3,0,5
"Rhpn1",10,3,3,12
"Mafa",44,36,7,52
"Zc3h3",149,93,111,345
"Gsdmd",1,1,0,9
"Naprt",0,0,3,6
"Eef1d",22,21,17,66
"Tigd5",0,2,0,0
"Pycrl",4,3,5,11
"Gfus",16,5,19,50
"Zfp623",1,1,0,1
"Zfp707",21,7,12,50
"Ccdc166",2,0,0,3
"Mapk15",63,34,72,201
"Fam83h",12,8,14,29
"Iqank1",17,10,23,59
"Scrib",37,17,19,72
"Puf60",66,23,59,174
"Gm48952",0,0,1,2
"Nrbp2",51,16,44,110
"Gm41349",0,1,2,2
"Eppk1",8,6,9,29
"BC024139",0,0,0,1
"Plec",57,49,50,138
"Parp10",22,16,19,50
"Grina",46,33,42,107
"Smpd5",0,0,0,0
"Oplah",0,3,2,5
"Exosc4",1,1,3,6
"Gpaa1",13,9,10,24
"Cyc1",13,7,12,16
"Sharpin",14,16,25,47
"Maf1",16,11,17,49
"Gm35339",9,5,4,15
"Hgh1",2,2,1,11
"Mroh1",119,89,122,336
"Bop1",16,19,14,46
"Hsf1",87,47,82,187
"Dgat1",39,17,36,66
"Scrt1",9,19,12,12
"Fbxl6",12,9,11,40
"Slc52a2",4,2,2,9
"Adck5",19,13,18,61
"Cpsf1",18,14,18,61
"Vps28",15,7,3,18
"Tonsl",2,2,4,11
"Tmem276-zftraf1",10,12,13,54
"Cyhr1",19,12,18,45
"Tmem276",4,6,4,14
"Kifc2",21,19,25,54
"Ppp1r16a",31,21,27,58
"Gpt",11,5,8,13
"Mfsd3",4,1,1,8
"Recql4",6,1,3,6
"Lrrc14",3,10,15,20
"Lrrc24",9,13,8,13
"C030006K11Rik",3,3,7,9
"Arhgap39",154,77,91,321
"Zfp251",29,33,41,77
"Zfp7",3,9,14,15
"Commd5",1,1,0,3
"Rpl8",17,16,30,33
"Zfp647",1,2,1,5
"1110038F14Rik",20,9,11,47
"Gm35933",1,0,0,0
"Mb",0,0,0,0
"Rbfox2",988,603,788,2265
"1700109K24Rik",3,7,5,10
"Apol10b",1,0,4,5
"Apol8",3,0,1,9
"Myh9",133,99,144,330
"Gm56741",1,0,0,1
"Txn2",25,19,26,52
"Foxred2",53,27,26,98
"Eif3d",20,10,18,43
"Gm17638",6,6,4,8
"Cacng2",10,20,16,37
"A730060N03Rik",0,0,1,1
"Ift27",5,6,10,18
"Gm49694",1,2,1,0
"Ncf4",0,0,0,0
"Csf2rb2",0,0,0,0
"Csf2rb",0,0,0,0
"Tst",0,1,0,0
"Mpst",0,1,0,3
"Kctd17",4,4,0,7
"Tmprss6",9,6,7,19
"Il2rb",0,0,0,2
"C1qtnf6",2,4,8,9
"Sstr3",42,49,29,121
"Rac2",0,0,0,0
"Gm36738",1,3,1,6
"Cyth4",4,2,1,7
"Elfn2",0,2,0,0
"Mfng",1,0,0,0
"Card10",1,0,1,3
"Cdc42ep1",0,0,0,0
"Gga1",72,37,50,167
"Sh3bp1",1,0,0,3
"Pdxp",4,0,0,5
"Lgals1",0,0,0,0
"Nol12",14,11,6,24
"Triobp",12,5,14,36
"Gm10865",2,1,1,5
"Gm17753",3,4,9,12
"Gm49544",1,0,0,0
"H1f0",28,45,29,42
"Gcat",3,2,4,10
"Galr3",2,0,2,3
"Gm3924",3,0,1,6
"Ankrd54",64,40,47,173
"Eif3l",14,14,21,42
"Micall1",35,29,44,75
"1700088E04Rik",6,3,13,31
"Polr2f",8,4,5,17
"Gm10863",0,0,0,1
"Pick1",78,58,59,219
"Baiap2l2",14,19,41,84
"Pla2g6",117,69,109,238
"Maff",146,38,117,323
"Gm56727",3,2,1,10
"Tmem184b",180,101,163,483
"Csnk1e",64,11,46,106
"Gm16059",0,0,1,1
"Kcnj4",4,2,3,10
"Kdelr3",19,25,37,69
"Ddx17",1122,584,914,2647
"Dmc1",6,5,10,21
"Fam227a",73,26,66,211
"Cby1",13,9,14,27
"Tomm22",6,2,4,8
"Josd1",58,21,53,130
"Gtpbp1",72,30,74,171
"Sun2",31,9,39,99
"Gm16576",2,1,3,12
"Dnal4",12,7,4,19
"Nptxr",30,19,27,90
"Cbx6",77,46,83,177
"D730005E14Rik",1,0,0,1
"Apobec3",61,44,100,184
"Cbx7",95,41,113,268
"Pdgfb",6,0,11,4
"Gm41361",20,3,23,36
"Rpl3",10,22,34,73
"Syngr1",14,17,7,47
"Tab1",58,44,47,135
"Mgat3",133,83,176,298
"Mief1",37,26,31,87
"Gm56706",0,0,1,0
"Atf4",124,56,95,253
"Rps19bp1",2,2,1,9
"Cacna1i",0,0,0,0
"Enthd1",1,2,0,2
"Grap2",2,0,0,0
"Fam83f",2,1,0,5
"Tnrc6b",994,565,988,2568
"Gm49512",0,0,0,0
"Adsl",19,18,12,49
"Sgsm3",126,97,145,403
"Mrtfa",193,141,202,573
"8430426J06Rik",1,4,0,9
"Slc25a17",50,47,62,146
"St13",128,97,81,274
"Xpnpep3",53,51,40,135
"Rbx1",39,23,55,100
"Gm56709",0,0,0,0
"Ep300",288,136,264,633
"L3mbtl2",21,12,24,46
"Chadl",0,3,3,10
"Rangap1",60,60,40,145
"Zc3h7b",82,63,79,189
"Gm17597",2,0,0,1
"Tef",121,82,178,491
"Tob2",22,20,33,35
"Phf5a",8,11,12,32
"Aco2",185,124,178,517
"Polr3h",19,21,20,34
"Csdc2",3,1,0,10
"Pmm1",11,5,4,22
"Xrcc6",55,49,81,220
"Desi1",138,109,169,472
"Snu13",19,8,14,35
"Ccdc134",44,26,46,93
"Gm56711",2,2,2,4
"Srebf2",272,151,361,821
"Septin3",18,9,14,41
"Wbp2nl",0,1,0,1
"Naga",60,41,61,181
"Pheta2",0,0,0,0
"Smdt1",9,12,11,35
"Ndufa6",10,20,12,21
"Gm56734",1,1,0,0
"Gm56716",1,3,2,4
"Gm56730",9,10,6,39
"Cyp2d22",8,6,4,13
"Cyp2d26",0,0,0,5
"Tcf20",554,327,498,1122
"Gm20324",1,1,0,7
"Gm29019",1,1,1,5
"Nfam1",5,2,0,4
"Serhl",19,11,42,64
"Gm17206",2,0,2,0
"Rrp7a",18,10,6,37
"Poldip3",114,54,95,206
"Cyb5r3",43,19,32,103
"Gm49463",2,2,1,8
"A4galt",9,6,7,15
"Arfgap3",273,235,280,781
"1700001L05Rik",3,2,7,10
"Pacsin2",53,50,48,185
"Ttll1",8,10,12,40
"Bik",2,3,3,3
"Mcat",2,7,4,15
"Tspo",0,2,3,10
"Ttll12",1,1,2,8
"Gm52182",1,0,0,2
"Scube1",0,0,3,0
"Efcab6",1,0,0,4
"Sult4a1",20,8,14,48
"Pnpla3",6,7,7,18
"Samm50",39,19,20,62
"Parvb",2,2,2,12
"Parvg",0,0,2,0
"Shisal1",4,11,9,33
"Rtl6",6,4,7,5
"Prr5",0,0,1,0
"Arhgap8",7,8,8,41
"Phf21b",80,47,76,228
"Gm29666",4,2,3,6
"Gm56728",1,0,2,4
"Nup50",53,13,51,118
"5031439G07Rik",64,27,33,122
"Upk3a",0,0,0,0
"Fam118a",118,52,80,285
"Smc1b",2,0,1,2
"Ribc2",0,0,0,0
"Fbln1",0,0,0,0
"Atxn10",305,190,354,761
"Gm56736",0,0,1,2
"Gm49539",2,7,13,19
"Lncppara",178,149,169,406
"Ppara",15,17,40,75
"Cdpf1",4,7,2,7
"Ttc38",6,9,20,28
"Gtse1",0,0,0,1
"Trmu",34,26,16,91
"Celsr1",4,3,3,18
"Gramd4",53,21,43,96
"Cerk",152,105,145,353
"Gm15569",0,0,0,0
"2810001A02Rik",15,10,12,32
"Tbc1d22a",262,139,247,686
"A930001M01Rik",2,0,0,2
"4930543I03Rik",0,1,0,0
"Tafa5",195,64,127,488
"Brd1",345,204,307,894
"Zbed4",25,18,17,39
"Alg12",12,22,11,44
"Creld2",30,26,28,45
"Pim3",75,20,134,415
"Gm20621",1,0,2,3
"Panx2",16,6,21,22
"1810021B22Rik",4,3,3,6
"Trabd",79,99,107,295
"Selenoo",31,20,30,72
"Tubgcp6",41,22,29,75
"Hdac10",6,7,9,20
"Mapk12",1,2,3,13
"Mapk11",2,0,1,9
"Plxnb2",140,87,136,322
"Dennd6b",28,12,33,74
"5730424H11Rik",3,0,5,3
"Ppp6r2",202,112,177,496
"Sbf1",41,17,26,102
"Adm2",1,0,0,0
"Lmf2",4,8,7,14
"Ncaph2",47,20,39,120
"Sco2",5,1,1,0
"4930423K06Rik",1,0,0,1
"Cpt1b",17,6,23,46
"Chkb",93,37,83,239
"C730034F03Rik",5,4,5,10
"Mapk8ip2",59,26,65,152
"Arsa",6,1,12,21
"C230037L18Rik",6,3,9,19
"Gm41381",0,0,0,0
"Shank3",21,4,22,59
"Acr",8,4,15,26
"Rabl2",17,13,13,69
"Alg10b",10,11,6,14
"Cpne8",89,64,92,184
"Kif21a",532,298,562,1470
"Abcd2",14,9,18,35
"Slc2a13",429,208,405,1202
"Lrrk2",43,21,43,90
"Cntn1",354,220,242,717
"Gm26760",15,13,19,45
"Pdzrn4",31,26,6,121
"Gxylt1",65,28,61,178
"Yaf2",211,98,189,543
"Zcrb1",76,49,60,218
"Pphln1",176,102,192,430
"Prickle1",489,351,513,1293
"Pus7l",7,2,12,21
"Irak4",4,9,12,30
"Twf1",18,17,34,88
"Tmem117",588,229,466,1387
"Nell2",3,3,4,4
"Dbx2",2,1,0,3
"Gm49169",0,0,4,1
"Gm6961",1,0,0,0
"A130051J06Rik",0,0,0,1
"Ano6",605,320,570,1750
"Gm49173",0,0,0,1
"Gm17546",0,0,1,3
"Gm49172",1,0,0,4
"D030018L15Rik",1,5,1,5
"2610037D02Rik",123,83,150,299
"4833422M21Rik",3,1,2,10
"Arid2",365,210,361,918
"Scaf11",259,161,231,659
"Slc38a1",0,3,0,1
"Slc38a2",250,119,204,509
"Slc38a4",136,44,120,379
"Gm32840",0,0,0,0
"Gm32885",0,0,0,1
"Amigo2",48,45,128,183
"Pced1b",438,236,607,1214
"Rpap3",28,21,23,37
"Endou",0,1,0,0
"Rapgef3",10,4,2,13
"Rapgef3os1",0,1,0,1
"Slc48a1",9,11,14,30
"Hdac7",64,39,51,135
"Vdr",223,93,157,367
"Gm56696",0,1,0,1
"Tmem106c",17,8,8,45
"Senp1",85,51,82,216
"Pfkm",20,21,19,67
"Gm26513",0,2,2,1
"Asb8",10,8,15,42
"Ccdc184",5,3,8,15
"Zfp641",48,26,47,132
"Kansl2",32,25,35,100
"Ccnt1",190,108,195,570
"9330020H09Rik",6,3,4,4
"Tex49",1,0,3,4
"Adcy6",181,85,178,373
"Gm29331",0,0,1,6
"Cacnb3",21,23,24,63
"Ddx23",83,51,64,160
"Rnd1",6,0,0,5
"Ccdc65",3,1,3,9
"Fkbp11",9,18,11,12
"Arf3",158,86,142,454
"B130046B21Rik",1,0,0,2
"Prkag1",94,52,114,261
"Kmt2d",294,160,181,567
"5730414N17Rik",1,0,0,0
"Rhebl1",2,2,5,9
"Dhh",2,0,0,2
"Lmbr1l",65,25,55,186
"Tuba1b",2,2,7,4
"Gm41396",1,1,0,1
"Tuba1a",168,64,43,259
"4930578M01Rik",68,54,57,140
"Gm56698",11,3,8,8
"Tuba1c",4,1,5,6
"Troap",0,0,1,0
"Dnajc22",1,0,0,2
"Spats2",29,19,34,59
"Kcnh3",10,6,15,40
"Mcrs1",18,11,9,44
"1700120C14Rik",1,1,0,6
"Fam186b",0,0,0,0
"Prpf40b",87,74,101,219
"Fmnl3",20,4,3,33
"Tmbim6",93,69,132,280
"Nckap5l",10,3,16,20
"Nckap5los",0,1,0,1
"Gm49484",0,0,1,7
"Bcdin3d",2,1,4,8
"Racgap1",12,10,7,17
"Asic1",39,22,31,70
"Smarcd1",40,31,33,96
"Gm34939",0,0,0,0
"Gpd1",17,4,23,39
"Cox14",5,7,8,12
"Cers5",143,77,131,308
"Gm17058",2,1,3,3
"Lima1",121,70,117,266
"Gm17057",1,1,1,2
"Gm49494",8,5,7,12
"Fam186a",0,0,0,3
"Larp4",200,143,145,430
"2310068J16Rik",1,1,2,1
"Dip2b",426,244,406,1228
"4930478M13Rik",1,1,2,13
"Gm56735",0,1,1,1
"Atf1",112,56,88,241
"Mettl7a1",21,29,25,69
"Slc11a2",37,24,39,81
"5330439K02Rik",5,10,8,15
"Letmd1",14,21,17,33
"Csrnp2",8,5,1,22
"Tfcp2",64,47,46,171
"Pou6f1",95,47,105,232
"Gm49492",2,2,7,4
"1110013H19Rik",1,2,2,4
"C330013E15Rik",0,7,2,5
"Dazap2",32,24,29,84
"Smagp",0,0,0,2
"Bin2",0,1,0,0
"Cela1",3,0,4,2
"Galnt6",1,1,0,0
"Slc4a8",94,49,91,205
"Scn8a",291,149,270,757
"Fignl2",30,17,31,47
"Acvrl1",3,0,0,0
"Acvr1b",40,45,71,163
"A330009N23Rik",2,1,0,2
"Tamalin",30,9,18,79
"Nr4a1",554,166,507,1597
"Gm56721",42,13,55,141
"Atg101",11,2,18,31
"Smim41",0,1,0,3
"Gm35853",6,0,0,5
"Krt80",2,0,1,5
"Gm671",20,7,11,65
"Krt7",117,88,127,465
"Krt87",1,0,0,2
"Krt88",1,0,1,5
"Krt90",1,0,0,1
"Krt8",576,119,390,1148
"Gm36026",1,0,0,2
"Krt18",214,73,116,399
"Eif4b",53,55,60,211
"Tns2",19,13,28,60
"Spryd3",30,22,35,111
"Csad",65,37,82,167
"Zfp740",59,48,75,235
"Itgb7",2,3,2,2
"Rarg",26,23,19,66
"Gm9918",1,0,0,5
"Mfsd5",0,3,0,1
"Espl1",0,1,1,2
"Pfdn5",16,28,11,32
"Myg1",15,4,9,24
"Aaas",13,7,6,42
"Gm36246",1,1,1,1
"Gm56704",0,0,0,0
"Sp1",70,45,74,162
"Amhr2",0,1,1,2
"Prr13",7,8,13,32
"Pcbp2",272,117,288,670
"Map3k12",33,17,32,76
"Tarbp2",13,9,16,53
"Npff",4,3,2,8
"Atf7",251,154,254,542
"Atp5g2",21,16,25,46
"Calcoco1",23,16,35,79
"Hoxc5",0,0,0,0
"Hoxc6",0,0,0,0
"Hoxc4",0,0,0,1
"Gm28876",1,1,0,1
"D930007P13Rik",9,0,10,34
"Smug1",15,14,15,44
"Cbx5",83,65,50,165
"Hnrnpa1",80,32,65,188
"Copz1",40,48,75,155
"Gm49482",3,1,0,4
"Zfp385a",0,1,2,1
"Itga5",0,0,0,1
"Nckap1l",0,3,0,0
"Pde1b",4,1,0,2
"Ppp1r1a",146,80,61,239
"Glycam1",4,0,1,1
"Gm49272",20,7,16,60
"Zfp263",28,20,35,87
"Gm41409",4,15,13,18
"Zfp174",20,14,19,48
"Zfp597",12,27,22,51
"Naa60",56,37,35,111
"1700037C18Rik",6,12,8,28
"Cluap1",90,55,64,231
"Gm15537",0,0,0,1
"Nlrc3",6,4,7,13
"Slx4",12,8,13,36
"Gm15879",8,7,1,21
"Dnase1",0,0,0,0
"Trap1",45,33,41,99
"Crebbp",707,364,613,1568
"Adcy9",1195,617,893,2856
"Gm56602",5,2,1,19
"Srl",4,4,4,10
"Tfap4",3,5,5,11
"Glis2",52,28,69,119
"Pam16",14,8,17,45
"Coro7",68,53,57,198
"Vasn",2,2,0,7
"Dnaja3",39,27,24,84
"Nmral1",2,5,2,15
"Hmox2",34,44,30,80
"Gm15859",0,0,0,0
"Cdip1",116,79,135,352
"Gm15835",0,0,0,0
"4930562C15Rik",4,0,2,17
"Ubald1",39,7,40,95
"Mgrn1",208,104,188,521
"Gm16861",1,0,2,4
"Nudt16l1",9,4,6,21
"Anks3",76,53,88,208
"Smim22",4,4,7,7
"Gm42477",12,10,20,37
"Rogdi",26,13,40,87
"Glyr1",435,200,399,1338
"Ubn1",409,165,285,1221
"Ppl",33,11,25,129
"Sec14l5",1,2,0,7
"Nagpa",3,1,4,14
"AU021092",0,0,0,0
"Alg1",13,14,14,35
"Eef2kmt",20,22,26,61
"Gm15983",4,3,0,10
"Gm41414",28,19,27,108
"Rbfox1",1168,695,1893,4769
"Mettl22",11,5,14,32
"Abat",311,247,222,632
"Tmem186",7,11,12,33
"Pmm2",62,43,50,169
"Carhsp1",4,6,2,16
"Litafd",0,0,1,0
"Usp7",243,122,167,524
"Hapstr1",146,50,146,344
"Grin2a",0,1,0,1
"Emp2",1,0,0,0
"Tekt5",0,1,0,0
"Nubp1",8,5,6,27
"Tvp23a",4,3,7,16
"Ciita",2,0,0,1
"Dexi",32,31,32,83
"Clec16a",203,108,137,406
"Gm15558",0,1,0,3
"Socs1",0,1,1,1
"Gm46563",0,1,2,2
"Rmi2",1,5,2,0
"Litaf",23,6,18,70
"Snn",1,2,0,5
"Txndc11",214,178,291,732
"Zc3h7a",455,287,325,1042
"4930509G22Rik",3,11,7,11
"Rsl1d1",65,25,46,137
"2610020C07Rik",18,7,19,49
"Gspt1",151,74,101,288
"Gm56597",0,0,0,2
"Snx29",642,265,533,1467
"Cpped1",141,63,103,289
"Gm9961",1,0,0,0
"4930414F18Rik",1,0,0,0
"Ercc4",54,33,44,147
"Mrtfb",322,179,356,1097
"Gm15738",10,6,15,32
"Parn",190,137,151,491
"Bfar",52,37,71,154
"A930007A09Rik",1,1,1,3
"Rrn3",33,18,26,71
"Ntan1",38,20,22,75
"Pdxdc1",432,234,360,987
"Mpv17l",41,25,41,125
"Bmerb1",1,1,0,1
"Marf1",148,104,151,320
"Nde1",9,8,5,18
"Myh11",0,9,0,2
"Cep20",26,25,38,103
"Abcc1",106,61,104,244
"Snai2",1,1,0,2
"Gm33696",19,5,14,37
"Efcab1",478,248,422,1183
"Ube2v2",44,50,72,182
"Mcm4",28,6,13,38
"Prkdc",209,106,174,465
"Mzt2",3,4,5,6
"Gm56598",0,1,0,2
"Cebpd",0,1,1,4
"Spidr",103,59,117,237
"Pkp2",42,25,31,94
"Yars2",3,3,1,11
"Dnm1l",181,106,157,395
"Gm49521",3,2,2,4
"Fgd4",315,140,269,754
"Spag6l",87,24,65,181
"Top3b",73,58,91,216
"Ppm1f",10,13,13,39
"Gm49595",0,0,0,5
"Mapk1",277,184,238,709
"1700056N10Rik",14,7,12,26
"Ypel1",11,6,9,23
"Ppil2",81,42,54,171
"Gm49584",1,3,0,1
"2610318N02Rik",0,1,0,1
"Sdf2l1",9,4,1,15
"Ccdc116",6,6,7,30
"Ydjc",11,7,7,11
"Ube2l3",92,54,87,185
"Hic2",77,35,103,349
"Tmem191",30,19,32,99
"Pi4ka",356,196,327,825
"Serpind1",2,0,0,4
"Snap29",25,20,23,32
"Crkl",30,42,44,114
"Aifm3",4,2,9,14
"Lztr1",41,31,22,105
"Thap7",4,5,11,15
"Gm49785",2,1,1,1
"Lrrc74b",3,1,1,8
"P2rx6",1,0,0,4
"Slc7a4",6,4,6,19
"Smpd4",48,19,30,86
"Ccdc74a",1,1,1,1
"Med15",167,110,159,483
"Klhl22",40,44,67,146
"Scarf2",8,4,15,11
"B830017H08Rik",50,37,36,127
"Car15",5,12,3,20
"Dgcr2",141,66,127,301
"Ess2",16,6,9,37
"Slc25a1",22,12,14,33
"Dgcr6",9,4,3,5
"Prodh",1,0,2,0
"Rtn4r",1,0,0,1
"4933432I09Rik",4,1,1,8
"4930483P17Rik",2,3,3,11
"Zdhhc8",77,41,65,149
"Ranbp1",10,13,16,54
"Trmt2a",46,29,27,106
"Dgcr8",62,45,77,163
"Tango2",81,64,83,234
"Arvcf",41,14,34,78
"Comt",116,73,95,242
"Gm15764",4,2,4,3
"Txnrd2",16,24,26,52
"Gnb1l",24,17,11,57
"Tbx1",1,0,0,0
"4930588K23Rik",0,0,0,1
"Gp1bb",2,0,6,3
"Septin5",12,9,7,23
"Cdc45",5,5,4,10
"Ufd1",79,60,68,180
"2510002D24Rik",19,22,23,96
"Mrpl40",6,7,8,11
"Hira",145,90,145,444
"2010309G21Rik",0,0,0,1
"Iglc2",0,0,0,0
"Gm43388",0,1,0,0
"Gm56600",1,0,0,0
"B3gnt5",1,0,0,0
"Klhl6",0,0,0,0
"Klhl24",96,35,149,323
"Yeats2",169,113,141,405
"Parl",32,28,50,60
"Cyp2ab1",1,0,4,7
"Abcc5",221,125,142,457
"Eif2b5",31,19,39,63
"Gm16618",1,2,0,0
"Dvl3",47,27,48,99
"Ap2m1",19,14,16,54
"Abcf3",42,32,36,123
"Gm49745",2,1,3,11
"Vwa5b2",300,156,335,921
"Gm49748",2,1,0,4
"Alg3",6,7,0,10
"Eef1akmt4",3,3,3,17
"Camk2n2",6,8,12,28
"Ece2",47,39,41,112
"Psmd2",34,29,29,97
"Eif4g1",327,248,288,807
"Fam131a",34,23,46,92
"Clcn2",26,4,9,42
"Polr2h",23,8,16,55
"Thpo",6,4,2,13
"Chrd",2,4,3,16
"Ephb3",0,1,0,0
"Gm56612",0,1,0,2
"Vps8",131,79,119,331
"2510009E07Rik",95,84,120,261
"Ehhadh",17,10,10,23
"1300002E11Rik",13,5,11,39
"Map3k13",18,10,15,48
"Tmem41a",3,1,3,7
"Liph",0,0,0,0
"Senp2",148,86,119,305
"Igf2bp2",4,1,1,4
"Tra2b",688,207,377,1245
"Etv5",102,104,122,261
"Dgkg",85,74,81,171
"Gm15651",15,6,10,10
"Tbccd1",32,24,38,79
"Dnajb11",68,45,57,140
"Eif4a2",210,116,161,509
"Rfc4",0,1,1,4
"6330408M09Rik",0,2,3,9
"B630019A10Rik",0,0,0,1
"BC106179",0,0,0,1
"St6gal1",271,111,239,573
"Masp1",0,0,1,2
"Rtp4",1,1,2,3
"Sst",54,213,218,77
"Bcl6",48,26,41,120
"Gm56627",1,2,1,6
"Lppos",15,9,9,37
"Lpp",1222,769,1097,3406
"Trp63",2,0,0,0
"P3h2",75,11,7,102
"AU015336",1,0,0,1
"Cldn1",0,0,0,0
"Il1rap",41,16,57,83
"Gm20319",0,0,0,1
"Ccdc50",218,143,215,472
"Fgf12",7556,3195,6424,17257
"Mb21d2",94,56,74,272
"Plaat1",0,0,1,3
"Opa1",160,108,155,355
"Gm49636",1,0,0,4
"Gm26569",2,0,0,1
"Gm1968",0,2,0,2
"4632428C04Rik",19,21,13,26
"9030404E10Rik",3,2,9,3
"Hes1",28,8,10,17
"Atp13a3",323,115,219,830
"Gm56606",5,5,4,7
"Tmem44",0,0,3,2
"Lsg1",53,31,90,240
"Fam43a",1,2,8,2
"Gm46565",35,44,59,139
"Xxylt1",51,38,55,106
"Acap2",219,135,154,435
"Ppp1r2",92,74,69,236
"Gm49767",0,0,0,0
"Apod",0,1,0,2
"Bdh1",9,4,1,35
"Gm15743",1,0,1,0
"Gm49695",1,0,0,0
"Gm46560",0,0,0,0
"Dlg1",441,230,407,1090
"Meltf",0,0,0,2
"Ncbp2as2",2,2,1,2
"Ncbp2",10,10,9,43
"Senp5",157,104,142,363
"Pak2",99,84,85,256
"Pigx",6,9,11,20
"Cep19",7,5,0,16
"Nrros",0,7,2,3
"Fbxo45",10,7,8,30
"Wdr53",16,5,1,25
"Rnf168",28,25,61,94
"Ubxn7",137,83,134,320
"Tm4sf19",0,0,1,0
"Dynlt2b",10,8,8,15
"Pcyt1a",100,60,103,349
"Zdhhc19",29,21,24,44
"Gm34680",0,0,1,2
"Tfrc",144,144,124,403
"Tnk2",56,26,59,134
"Muc4",207,179,181,368
"Muc20",5,0,1,0
"Rubcn",104,69,71,188
"Fyttd1",117,66,116,272
"Lrch3",312,160,247,729
"Gm17106",16,9,16,37
"Iqcg",5,5,6,7
"Rpl35a",8,9,12,27
"Lmln",55,32,40,137
"Osbpl11",66,34,41,156
"Snx4",180,116,146,385
"1700007L15Rik",1,3,2,6
"Zfp148",765,413,566,1688
"Slc12a8",6,4,5,17
"Heg1",254,172,256,802
"Gm15657",1,0,0,0
"Muc13",1,0,0,0
"Itgb5",55,21,35,105
"Umps",22,7,7,34
"Kalrn",771,359,356,1659
"Ccdc14",14,7,17,45
"Mylk",1,1,2,2
"Gm21691",1,0,1,1
"Hacd2",91,43,59,206
"Adcy5",5,0,1,9
"Sec22a",117,83,106,329
"Pdia5",135,160,92,327
"Sema5b",1,0,0,3
"Slc49a4",64,38,67,176
"Hspbap1",30,26,23,103
"Parp14",78,31,44,118
"Dtx3l",6,7,3,15
"Parp9",34,12,23,65
"Gm15564",5,5,3,0
"Kpna1",229,76,167,519
"Wdr5b",9,7,8,23
"Fam162a",30,31,29,66
"Ccdc58",31,30,46,79
"Casr",347,248,310,664
"Gm49662",0,0,0,2
"Cd86",0,1,0,0
"Ildr1",85,69,84,250
"Slc15a2",85,27,7,142
"Gm56626",8,2,7,18
"Eaf2",28,17,39,56
"Iqcb1",142,59,141,271
"2600002D14Rik",1,1,2,4
"Golgb1",1038,804,980,2372
"4930565N06Rik",5,4,0,9
"Hcls1",1,0,1,4
"Polq",1,3,2,10
"Stxbp5l",215,47,102,444
"Gtf2e1",4,18,14,42
"Rabl3",22,15,34,63
"Hgd",1,1,2,2
"Ndufb4",5,3,2,9
"Fstl1",0,0,0,0
"Lrrc58",174,112,158,378
"Gpr156",0,2,1,13
"Gsk3b",603,317,455,1221
"Nr1i2",26,13,25,34
"Cfap91",22,10,18,59
"Cox17",8,8,8,10
"Popdc2",0,2,1,3
"Pla1a",0,1,0,8
"Adprh",8,12,3,8
"D930030I03Rik",0,0,0,0
"Cd80",0,2,0,2
"Timmdc1",46,36,26,116
"Gm56613",0,0,0,1
"Poglut1",31,17,21,53
"Tmem39a",190,126,208,541
"Gm17103",4,4,4,10
"Arhgap31",11,10,9,19
"B4galt4",5,1,4,7
"Igsf11",4,2,1,10
"Lsamp",4,2,3,11
"Gap43",1,0,0,0
"4932412D23Rik",0,0,1,4
"Zbtb20",6033,3262,5539,14554
"Gm19522",15,4,10,18
"Gm9968",19,13,12,25
"Gm15713",0,2,0,1
"Gm49735",0,1,0,2
"Drd3",0,0,0,3
"Qtrt2",35,31,27,85
"Ccdc191",176,128,172,373
"Zdhhc23",36,15,11,73
"Gramd1c",31,17,15,72
"Atp6v1a",81,63,80,276
"Naa50",56,37,46,118
"Usf3",99,80,107,292
"Sidt1",38,38,65,109
"Spice1",50,32,37,104
"Cfap44",70,29,95,172
"Boc",2,0,0,5
"Nepro",7,4,7,12
"Gtpbp8",18,22,36,67
"Ccdc80",0,1,0,0
"Slc35a5",7,14,19,40
"Atg3",78,49,44,170
"Btla",0,1,0,1
"Cd200",64,69,68,130
"Cd200l1",115,71,104,170
"Slc9c1",0,0,0,1
"BC016579",0,1,1,0
"Tmprss7",1,2,0,1
"Tagln3",3,3,2,4
"Abhd10",11,15,14,59
"Phldb2",1176,660,1308,3279
"Gm15640",5,1,4,11
"Gm15638",4,2,6,10
"Plcxd2",142,208,268,482
"Cd96",0,0,8,2
"Ahcyl",0,0,1,0
"Nectin3",191,123,171,425
"Morc1",2,1,0,4
"Trat1",1,2,1,3
"Dzip3",91,53,66,160
"Cip2a",2,2,2,16
"Ift57",236,123,185,435
"Gm15518",3,2,3,1
"Cd47",215,141,214,430
"Gm4633",3,4,3,7
"Bbx",709,402,753,1680
"4930542D17Rik",0,0,0,0
"Dubr",10,4,4,5
"Cblb",298,187,267,676
"Alcam",873,596,982,2014
"Zpld1",0,0,0,1
"Gm56599",24,7,2,14
"Nfkbiz",459,167,231,721
"Nxpe3",3,3,3,13
"Cep97",26,19,19,71
"Rpl24",45,21,33,52
"Zbtb11os1",3,1,0,2
"Zbtb11",322,102,283,911
"Pcnp",101,50,92,275
"Trmt10c",7,2,10,13
"Senp7",181,140,214,564
"Gm56624",2,1,2,3
"Impg2",16,11,8,21
"Abi3bp",0,0,0,2
"Tfg",103,67,103,233
"Tmem45a",0,0,0,0
"Tomm70a",95,49,77,190
"Nit2",5,1,2,16
"Gm16892",0,3,1,0
"Tbc1d23",249,128,209,527
"Tmem30c",1,1,5,4
"Cmss1",7383,3780,4127,6849
"Gm49579",0,0,0,2
"Filip1l",7,29,190,0
"Col8a1",43,48,96,195
"4930461C15Rik",0,0,0,2
"Dcbld2",29,13,23,99
"St3gal6",56,35,27,124
"Cpox",13,13,20,34
"Cldnd1",11,6,19,21
"Riox2",14,15,13,36
"Crybg3",172,46,118,384
"Arl6",20,20,10,26
"4930547E14Rik",0,0,3,3
"Epha6",0,0,3,28
"Nsun3",17,16,13,49
"Arl13b",79,53,79,231
"Stx19",1,0,0,3
"Pros1",6,12,11,20
"Gm18870",0,1,0,0
"Epha3",30,6,4,3
"4930453N24Rik",21,11,20,46
"Zfp654",226,134,166,525
"Cggbp1",19,12,10,38
"Gm56611",0,0,0,0
"Htr1f",0,0,0,2
"Chmp2b",8,7,7,17
"Gm36457",0,0,1,3
"Cadm2",2,2,6,16
"Speer2",4,1,3,14
"Gbe1",209,90,153,380
"Robo1",508,316,467,1093
"4930500H12Rik",2,0,0,1
"Robo2",3885,1206,2638,8543
"Rbm11",6,4,9,9
"Hspa13",41,49,58,146
"Samsn1",3,1,0,2
"Nrip1",104,84,146,287
"Gm49587",1,0,0,0
"Usp25",115,51,91,225
"Mir99ahg",11,20,14,15
"E330011O21Rik",3,1,0,1
"Cxadr",164,53,163,357
"Btg3",521,170,512,1311
"D16Ertd472e",6,1,13,10
"Tmprss15",2,0,0,3
"Ncam2",24,13,34,45
"Mir155hg",0,0,0,0
"Mrpl39",14,8,10,21
"Jam2",45,19,24,58
"Atp5j",5,9,13,32
"Gabpa",26,15,23,59
"App",353,168,313,693
"Gm10791",0,0,0,2
"Gm49227",1,0,2,1
"Gm49226",3,0,0,1
"Cyyr1",0,1,0,0
"Adamts1",0,0,0,0
"Adamts5",0,0,0,0
"Gm32461",0,0,0,3
"Gm32624",4,2,7,5
"N6amt1",34,16,27,54
"Ltn1",113,73,96,279
"Rwdd2b",1,3,2,5
"Usp16",228,85,172,464
"Cct8",68,41,49,128
"B130034C11Rik",2,2,2,7
"Map3k7cl",0,1,0,0
"Bach1",177,55,166,427
"2810407A14Rik",4,0,3,9
"Grik1",1,0,1,3
"Tiam1",59,47,44,112
"Sod1",61,28,51,145
"Scaf4",180,106,165,408
"Gm56623",0,0,2,1
"Gm49708",2,5,5,8
"Hunk",55,42,62,114
"Gm36169",0,0,4,3
"Mis18a",1,0,2,0
"Gm17518",1,0,1,2
"Urb1",33,21,26,111
"Eva1c",73,41,112,297
"Gm36363",2,1,1,2
"Cfap298",37,15,16,59
"4930534H18Rik",0,1,0,6
"Synj1",265,136,224,654
"Gm15965",1,1,0,2
"4930404I05Rik",1,2,3,3
"Paxbp1",259,135,236,654
"4931406G06Rik",1,2,3,9
"4932438H23Rik",1,0,3,0
"Ifnar2",18,12,12,34
"Il10rb",11,6,4,18
"Gm49625",1,1,0,5
"A930006K02Rik",0,7,2,1
"Ifnar1",36,28,37,77
"Ifngr2",6,5,5,25
"Tmem50b",14,7,15,51
"Gm15964",0,1,0,0
"Dnajc28",0,2,1,4
"Gart",47,42,42,126
"Son",1305,567,1129,3038
"Donson",12,9,17,60
"Gm10785",19,7,16,21
"Cryzl1",120,63,144,299
"Itsn1",163,67,90,284
"Atp5o",12,3,11,13
"D430001F17Rik",0,2,1,0
"Mrps6",13,12,10,36
"Slc5a3",14,8,5,40
"Gm16310",5,0,0,3
"Gm41496",2,0,6,8
"Smim11",3,1,7,4
"Rcan1",68,34,48,124
"Gm46555",0,1,0,1
"Runx1",2,0,0,0
"Setd4",31,15,26,57
"Gm49961",3,3,2,6
"Cbr1",9,8,14,31
"Cbr3",2,4,3,9
"Dop1b",270,169,322,900
"2310043M15Rik",1,1,0,1
"Gm30881",0,0,0,7
"Morc3",136,75,93,257
"Chaf1b",0,1,0,4
"Hlcs",317,200,323,876
"Gm48984",0,2,0,0
"Ripply3",5,2,4,19
"Pigp",29,22,24,58
"Ttc3",960,569,965,2529
"Gm31323",7,4,13,37
"Vps26c",27,21,23,55
"Gm56596",2,1,2,11
"Dyrk1a",719,347,585,2036
"Gm41505",1,0,1,4
"Kcnj6",556,209,293,1069
"Gm31641",0,0,0,1
"Kcnj15",0,0,0,0
"Erg",3,2,0,0
"Gm56622",0,1,0,0
"Ets2",56,38,62,144
"1600002D24Rik",1,1,2,1
"Psmg1",3,8,10,18
"Brwd1",549,332,401,1311
"Gm15342",0,1,0,1
"1700093J21Rik",16,7,23,41
"Gm49953",0,1,0,0
"Hmgn1",105,40,96,245
"Get1",7,10,7,20
"Lca5l",21,10,28,65
"Sh3bgr",5,5,7,10
"B3galt5",23,44,37,86
"Igsf5",40,53,73,141
"Itgb2l",0,1,1,1
"Pcp4",27,14,12,60
"Dscam",606,594,701,1340
"Gm49907",0,1,0,2
"Gm32509",7,9,3,9
"Bace2",464,329,466,1290
"Mx1",0,0,0,3
"Mx2",13,17,18,34
"Tmprss2",114,18,29,196
"Ripk4",157,45,96,326
"Prdm15",44,30,60,94
"C2cd2",42,16,47,100
"Zbtb21",60,23,59,184
"B230307C23Rik",25,32,67,112
"A630089N07Rik",48,58,142,205
"ENSMUSG00000121378",8,7,16,44
"1700024P12Rik",0,1,0,0
"Scaf8",467,265,384,1053
"Gm49797",99,61,101,225
"Gm34035",0,1,0,0
"Tiam2",5,0,1,5
"Tfb1m",15,13,12,35
"1700102H20Rik",1,0,1,2
"4930470H14Rik",2,0,0,1
"Arid1b",1253,683,1069,3080
"Gm34854",1,3,2,7
"Tmem242",12,6,14,33
"Ldhal6b",0,1,1,8
"Gm56889",0,0,1,3
"Zdhhc14",472,374,483,1320
"Snx9",132,100,138,344
"Synj2",160,86,131,312
"Serac1",39,31,35,93
"Gtf2h5",16,15,25,42
"Tulp4",1024,417,668,2297
"Tmem181a",102,61,124,230
"Dynlt1a",10,13,20,27
"Dynlt1b",10,21,27,31
"ENSMUSG00000121395",146,131,150,316
"Dynlt1c",13,17,25,55
"Dynlt1f",8,9,9,19
"Sytl3",20,12,26,54
"Ezr",74,22,43,150
"Gm2885",21,6,4,36
"4933426B08Rik",2,0,0,1
"Rsph3b",59,54,53,156
"Gm49719",1,1,0,0
"Tagap1",5,8,6,18
"Rnaset2b",8,6,9,23
"Gm1604b",2,1,10,18
"Rps6ka2",1228,828,886,2246
"Tcp10a",1,2,1,7
"Ttll2",0,1,3,2
"Fndc1",0,0,0,0
"E430024P14Rik",4,9,8,12
"Tagap",1,2,0,0
"Rsph3a",31,38,27,56
"Gm1604a",5,6,13,24
"Rnaset2a",13,9,8,25
"Cep43",55,32,42,107
"Ccr6",0,2,0,0
"Mpc1",100,78,120,268
"4930506C21Rik",6,3,2,8
"Sft2d1",25,28,20,79
"Prr18",0,0,0,1
"T2",13,1,9,27
"Pde10a",1445,3608,2708,7842
"1700010I14Rik",14,3,9,22
"Qki",265,134,203,568
"1700110C19Rik",10,3,2,9
"Pacrg",815,522,675,1906
"A230009B12Rik",3,3,1,5
"Gm16168",22,11,6,33
"Gm16169",0,2,0,0
"Prkn",3704,2247,3414,9490
"Gm28505",1,2,1,0
"Agpat4",45,23,65,126
"Map3k4",98,66,92,273
"4732491K20Rik",2,2,8,6
"Slc22a2",7,3,1,7
"Slc22a1",0,4,0,3
"Igf2r",161,100,128,326
"Airn",1271,886,1274,2906
"Gm49959",17,11,9,13
"Gm49958",3,2,3,6
"Mas1",0,1,0,5
"Pnldc1",1,4,3,10
"Mrpl18",4,8,2,8
"Tcp1",39,28,36,76
"Acat3",0,0,1,3
"Acat2",7,2,11,18
"Wtap",40,42,43,118
"Sod2",131,73,141,385
"Gpr31b",0,0,0,0
"Tcp10b",0,0,0,2
"2700054A10Rik",87,51,161,319
"Gm16050",0,0,0,1
"Smok4a",0,1,1,1
"Gm16046",10,4,9,17
"Tcte2",64,40,69,179
"Afdn",392,263,349,968
"Dact2",14,16,14,51
"Gm34510",1,2,1,1
"Gm34567",0,0,0,0
"Smoc2",0,0,0,2
"Thbs2",0,0,0,0
"Wdr27",27,6,28,62
"1600012H06Rik",6,3,6,12
"Phf10",32,33,25,58
"Dynlt2a3",0,0,1,4
"9030025P20Rik",15,5,10,24
"Dynlt2a2",6,5,11,11
"Gm3435",3,1,5,9
"Ermard",59,44,46,131
"Dll1",5,3,2,18
"Fam120b",110,97,139,252
"Gm49668",0,1,0,2
"Psmb1",39,36,36,123
"Tbp",30,21,47,121
"Pdcd2",5,2,3,10
"Prdm9",16,16,14,40
"Gm56911",2,0,0,4
"Chd1",286,135,224,602
"Rgmb",31,5,25,57
"BC002059",31,29,33,94
"Gm51425",10,5,6,39
"Zfp960",7,3,2,9
"Zfp97",3,1,4,5
"Gm5165",18,17,18,48
"Gm6712",28,27,18,77
"Gm53028",9,2,12,20
"Riok2",35,25,23,74
"Lix1",0,0,7,17
"Lnpep",301,179,279,769
"Spaca6",95,67,116,202
"Has1",0,0,1,1
"Fpr3",0,0,0,4
"Vmn2r97",0,0,0,1
"Gm49761",1,1,1,1
"Ppp2r1a",53,37,50,128
"Zfp160",40,46,49,114
"Zfp677",7,5,12,18
"Gm49691",0,1,0,2
"Zfp54",1,4,2,11
"Zfp51",11,7,4,27
"Gm56906",0,2,4,0
"Zfp53",11,21,15,39
"9330136K24Rik",2,2,0,4
"Zfp52",6,13,15,32
"Zfp948",49,25,42,116
"Gm41541",14,15,16,42
"Zfp983",27,19,18,72
"Gm10509",10,16,14,42
"Zfp760",9,8,7,21
"Zfp229",17,4,16,30
"Zfp820",12,7,6,18
"Zfp995",26,9,33,55
"Zfp942",76,47,80,199
"Zfp943",58,56,99,222
"Zfp947",11,5,15,12
"Zfp994",17,14,23,77
"Gm7072",39,28,49,132
"Zfp944",38,14,24,114
"Zfp758",20,11,32,63
"Zfp946",34,25,33,71
"Gm56890",3,1,1,7
"Gm5493",0,2,0,0
"Zfp945",60,27,63,136
"Zfp40",21,15,38,90
"Vmn2r114",2,1,2,2
"6330415G19Rik",0,0,2,6
"Zfp213",2,1,2,3
"Zfp13",6,2,7,29
"Mmp25",0,0,0,0
"Bicdl2",2,3,4,14
"Thoc6",3,4,8,16
"Hcfc1r1",4,6,7,9
"Tnfrsf12a",2,1,1,3
"Cldn6",0,0,5,3
"Grep1",0,1,1,0
"Pkmyt1",2,3,3,7
"Paqr4",1,0,1,0
"Kremen2",0,0,0,1
"9530082P21Rik",3,1,3,11
"Flywch1",50,31,36,111
"Gm49163",0,0,1,0
"Gm16275",0,4,0,5
"Flywch2",2,3,4,5
"Srrm2",2583,1316,2033,5417
"Elob",4,10,4,6
"Prss41",3,0,3,4
"Prss32",2,3,0,2
"Prss27",0,0,3,0
"Kctd5",19,8,18,39
"Pdpk1",266,185,278,700
"Gm50071",2,0,1,1
"Gm50070",0,1,1,0
"Amdhd2",4,7,10,18
"Atp6v0c",44,20,44,90
"Tbc1d24",58,38,43,102
"Ntn3",0,1,4,3
"BC028777",0,1,0,1
"Tedc2",5,1,3,11
"Ccnf",3,0,4,4
"Abca17",2,1,0,5
"Abca3",245,102,186,390
"D330041H03Rik",12,6,13,29
"Rnps1",47,35,39,133
"Eci1",7,7,7,21
"Dnase1l2",3,1,3,5
"E4f1",53,26,39,110
"Pgp",10,10,14,18
"Mlst8",9,8,7,18
"Caskin1",20,15,37,52
"Traf7",40,25,24,67
"Rab26",2,0,0,9
"Rab26os",0,1,1,4
"Pkd1",645,300,568,1674
"Tsc2",50,35,20,122
"Nthl1",2,2,1,3
"Nherf2",6,4,2,2
"Zfp598",47,22,42,108
"Syngr3",1,0,0,7
"Gfer",2,4,3,11
"Noxo1",16,12,10,45
"Tbl3",19,10,14,64
"Rps2",31,28,39,62
"Snhg9",18,9,9,45
"Ndufb10",7,4,5,14
"Rpl3l",2,0,0,0
"Msrb1",2,2,3,4
"Hs3st6",3,4,4,6
"Gm50022",0,0,1,2
"Meiob",1,0,2,3
"Hagh",19,17,20,66
"Fahd1",1,2,3,3
"Igfals",9,7,14,54
"Nubp2",2,2,2,5
"Spsb3",13,7,7,40
"Eme2",15,14,26,54
"Mapk8ip3",280,181,204,618
"Mrps34",2,2,6,4
"Nme3",1,1,0,1
"Jpt2",25,27,13,42
"Cramp1",114,66,84,291
"Ift140",86,48,70,207
"Tmem204",2,0,0,3
"Telo2",9,4,9,11
"Clcn7",17,12,25,55
"Uqcc4",6,5,8,15
"Unkl",6,3,9,12
"Gnptg",35,29,26,107
"Tsr3",13,4,7,23
"Baiap3",249,133,156,419
"Ube2i",101,57,109,304
"Cacna1h",4,9,7,16
"Tekt4",2,3,3,1
"Lmf1",67,46,67,137
"Chtf18",1,2,0,1
"Rpusd1",13,8,11,32
"Mslnl",5,1,4,29
"Msln",11,0,9,30
"Ciao3",26,14,27,89
"Haghl",33,15,19,62
"Ccdc78",7,1,2,8
"Antkmt",32,16,30,96
"Metrn",1,0,2,1
"Fbxl16",178,103,116,352
"Wdr24",6,6,4,20
"Jmjd8",13,9,4,42
"Stub1",39,40,26,102
"Gm56915",4,5,5,10
"Rhbdl1",8,7,7,15
"Rhot2",35,25,25,104
"Wdr90",67,52,58,216
"Mcrip2",4,2,2,6
"Mettl26",24,16,28,56
"Wfikkn1",3,0,1,10
"Rab40c",127,83,102,299
"Gm16278",7,1,3,10
"Pigq",30,29,23,110
"D630044L22Rik",0,0,1,0
"Capn15",84,56,80,213
"1700022N22Rik",1,0,1,1
"Rab11fip3",184,89,162,473
"Decr2",25,18,15,49
"Nme4",1,3,4,7
"Pgap6",30,11,18,60
"Mrpl28",8,10,7,17
"Axin1",109,86,80,252
"Pdia2",2,1,1,5
"Arhgdig",3,4,7,20
"Rgs11",254,143,262,716
"Fam234a",504,198,325,976
"Luc7l",320,215,262,777
"Gm50013",8,5,7,9
"Neurl1b",9,5,6,16
"Gm50269",0,0,0,0
"Gm34455",37,41,20,37
"Dusp1",182,70,70,288
"Gm56886",0,0,0,1
"Ergic1",102,88,108,245
"Gm17218",0,0,1,1
"Atp6v0e",53,48,45,220
"Crebrf",241,94,242,802
"Bnip1",28,22,24,61
"Gm20468",0,0,0,6
"Gm17382",3,2,7,16
"Gm41555",5,0,1,6
"Kifc5b",5,1,1,9
"Phf1",66,27,62,177
"Cuta",8,7,10,21
"Syngap1",69,45,56,138
"Gm56897",0,1,0,0
"Zbtb9",17,17,18,51
"Ggnbp1",21,18,24,59
"Bak1",4,3,4,9
"Gm50295",0,0,0,0
"Itpr3",104,82,104,267
"Itpr3os",0,0,0,2
"Uqcc2",14,18,12,48
"Ip6k3",0,0,0,0
"Lemd2",32,29,30,77
"Gm26724",0,2,0,3
"9630028I04Rik",0,0,0,4
"Grm4",3,1,1,4
"Gm49774",0,0,3,2
"Hmga1",5,1,2,9
"Smim29",7,4,4,19
"Nudt3",87,56,74,213
"Gm49741",0,4,1,9
"Rps10",5,8,26,18
"Gm15420",2,3,0,2
"Pacsin1",167,111,171,377
"Spdef",2,0,4,5
"Gm15458",5,0,3,9
"Ilrun",221,139,185,621
"Snrpc",40,22,29,77
"Uhrf1bp1",63,29,41,142
"Taf11",38,18,32,85
"Gm49801",3,2,4,10
"Anks1",427,245,302,1044
"Gm15597",0,1,0,2
"Gm49802",2,1,0,2
"Tcp11",50,11,32,135
"Scube3",1,0,2,3
"C230013L11Rik",6,1,7,13
"Zfp523",68,48,50,216
"Def6",6,6,9,13
"Ppard",137,86,85,389
"Fance",25,20,31,65
"Gm49886",0,0,0,0
"Rpl10a",44,37,28,59
"Tead3",0,0,0,3
"Fkbp5",350,215,478,1670
"Gm49838",4,0,5,14
"Gm22146",2,2,3,5
"E230001N04Rik",7,5,8,23
"Armc12",0,1,1,1
"Clps",0,0,1,1
"Lhfpl5",3,7,2,7
"Srpk1",88,73,62,236
"Slc26a8",36,15,38,72
"Mapk14",263,164,250,729
"Gng5c",4,3,6,17
"Mapk13",12,9,6,30
"Gm49864",3,2,0,4
"Brpf3",90,34,85,207
"Bnip5",125,7,90,84
"Gm16191",4,1,6,10
"Pxt1",7,1,9,9
"1700063J08Rik",5,2,1,5
"Kctd20",274,82,380,1031
"Stk38",186,94,153,395
"Gm16196",7,6,6,15
"Srsf3",270,122,212,646
"Gm41556",0,0,0,4
"Trp53cor1",16,16,22,24
"Cdkn1a",14,2,11,31
"Cpne5",10,0,1,6
"Ppil1",5,10,0,10
"BC004004",56,47,48,140
"Pi16",0,1,1,3
"Gm46603",0,1,1,3
"Mtch1",70,57,107,222
"Fgd2",31,32,56,100
"Gm36486",0,3,0,1
"Gm36199",1,0,1,2
"Gm26885",2,1,0,2
"Gm56894",0,0,0,1
"Pim1",38,12,15,52
"Tmem217",1,1,1,2
"Tbc1d22b",205,147,165,436
"Tbc1d22bos",4,3,2,8
"Rnf8",149,81,114,378
"Cmtr1",110,70,91,281
"Ccdc167",31,25,31,87
"Mdga1",0,0,0,1
"Gm50019",2,2,5,8
"Zfand3",714,365,497,1726
"Btbd9",1254,704,1073,2941
"Gm50250",3,5,5,8
"Gm50240",13,19,12,43
"Glo1",23,15,24,28
"Dnah8",3,1,1,2
"Glp1r",384,319,256,774
"Gm10503",12,18,6,23
"Abcg1",106,92,71,276
"Gm50218",1,0,0,6
"Rsph1",7,3,8,24
"Slc37a1",213,98,177,486
"Pde9a",0,0,0,0
"Wdr4",50,37,45,103
"Gm50103",1,1,0,3
"Ndufv3",14,27,28,46
"Gm50105",0,0,0,1
"Gm50455",5,7,4,11
"Pknox1",40,25,23,68
"Gm50107",3,0,1,4
"Cbs",10,9,5,39
"U2af1",140,49,142,337
"Sik1",182,58,131,391
"Hsf2bp",1,0,4,2
"Rrp1b",51,41,55,150
"Pdxk-ps",2,3,5,6
"Gm17276",36,49,67,114
"Notch3",3,13,1,1
"Ephx3",1,1,2,8
"Brd4",483,279,423,1208
"Gm26549",13,12,16,30
"Akap8",140,72,110,303
"Akap8l",563,309,466,1292
"Wiz",100,51,67,201
"Rasal3",4,4,4,6
"A530088E08Rik",7,3,3,19
"Cyp4f39",4,1,3,18
"Cyp4f17",50,19,46,93
"Cyp4f16",16,12,23,40
"Gm50046",0,1,0,5
"Zfp871",129,64,123,337
"Zfp811",5,4,2,17
"Gm26693",0,1,0,1
"Zfp799",17,21,22,56
"Gm50050",1,0,0,1
"Zfp870",1,4,1,0
"Cyp4f13",63,46,78,164
"Cyp4f41-ps",0,2,0,9
"Zfp472",7,3,6,13
"Zfp952",18,23,24,42
"Zfp763",13,27,9,32
"Zfp563",16,15,9,35
"Morc2b",0,0,0,0
"Zfp955a",14,6,11,22
"Zfp955b",30,12,25,50
"Zfp81",14,10,18,49
"Zfp101",20,6,22,40
"Adamts10",6,2,3,6
"Myo1f",0,1,0,0
"Zfp414",8,5,8,19
"Pram1",5,7,9,15
"Hnrnpm",288,164,238,755
"Marchf2",25,19,26,65
"Rab11b",119,56,128,344
"Gm17251",4,1,1,12
"Angptl4",0,0,0,0
"Kank3",1,0,1,2
"Rps28",6,1,13,12
"Ndufa7",22,13,25,33
"Cd320",3,3,0,9
"Kifc1",0,0,0,1
"BC051226",3,4,1,9
"Daxx",14,4,13,46
"Tapbp",65,39,56,133
"Zbtb22",7,2,3,12
"Gm19412",14,6,3,12
"Rgl2",44,19,38,83
"Pfdn6",3,1,7,3
"Wdr46",7,6,6,15
"B3galt4",0,0,0,1
"Rps18",22,20,37,31
"Vps52",33,24,25,56
"H2-K2",29,16,34,99
"AA388235",0,2,1,0
"H2-K1",167,77,134,359
"Ring1",22,16,20,55
"Hsd17b8",35,18,21,56
"Slc39a7",95,85,94,272
"Rxrb",22,15,12,64
"Col11a2",29,32,14,93
"H2-Oa",0,2,0,0
"Gm50333",0,1,0,2
"Brd2",187,90,139,437
"H2-DMa",31,25,41,89
"Gm50336",0,0,1,0
"Gm50335",0,0,1,0
"H2-DMb2",0,0,0,0
"H2-DMb1",0,0,0,0
"Psmb9",6,0,6,11
"Tap1",5,6,9,30
"Psmb8",2,0,5,6
"Tap2",22,9,24,61
"Gm15821",1,0,1,1
"H2-Ob",0,1,2,0
"H2-Ab1",1,2,0,0
"H2-Aa",4,8,0,0
"Gm20513",0,0,0,0
"H2-Eb1",6,2,1,0
"H2-Eb2",0,0,0,0
"Btnl2",0,0,0,1
"ENSMUSG00000121508",0,2,0,3
"Tsbp1",273,116,168,552
"Notch4",0,1,0,0
"Gpsm3",2,0,0,0
"Pbx2",21,25,40,61
"Ager",4,2,11,10
"Rnf5",0,6,7,3
"Agpat1",15,13,17,36
"Egfl8",1,2,0,6
"Ppt2",12,5,7,30
"2610029K11Rik",0,1,0,0
"Prrt1",81,36,56,158
"Fkbpl",3,3,4,2
"Atf6b",13,18,17,34
"Tnxb",0,0,2,2
"C4b",0,0,0,0
"C4a",2,2,3,8
"Stk19",74,33,59,163
"Dxo",5,6,3,5
"Skic2",45,52,43,104
"Nelfe",17,16,10,40
"Cfb",7,0,1,2
"C2",8,2,8,11
"Zbtb12",2,3,2,5
"Gm56901",2,0,3,2
"Ehmt2",108,78,89,317
"Slc44a4",1,1,0,2
"Neu1",30,15,25,76
"1110038B12Rik",2,2,4,4
"Hspa1b",18,84,2,16
"Hspa1a",27,102,1,17
"Hspa1l",1,3,0,1
"Gm10501",7,4,6,15
"Lsm2",4,5,3,5
"D17H6S56E-5",0,1,5,1
"Vars",22,30,26,53
"Vwa7",0,0,1,0
"Sapcd1",4,0,5,13
"Msh5",78,49,71,200
"Gm56899",6,3,4,11
"Clic1",25,19,15,43
"Ddah2",0,0,0,0
"Abhd16a",82,43,58,147
"Ly6g5b",0,0,0,0
"Csnk2b",6,3,5,16
"Gpank1",4,0,4,14
"Gm20522",0,0,0,0
"D17H6S53E",0,1,0,2
"Bag6",54,28,32,108
"Prrc2a",114,70,67,234
"Gm17705",0,1,0,2
"Aif1",0,0,0,0
"Lst1",0,1,0,2
"Ltb",0,1,0,0
"Tnf",0,0,0,0
"Lta",0,0,0,0
"Nfkbil1",27,26,25,64
"Atp6v1g2",6,2,2,18
"Ddx39b",225,133,171,603
"H2-D1",71,29,58,136
"H2-Q2",24,18,12,69
"Gm11131",1,0,1,1
"H2-Q4",38,15,45,93
"H2-Q5",0,0,0,0
"H2-Q6",0,0,0,0
"H2-Q7",0,1,0,0
"H2-Q10",0,0,1,1
"Pou5f1",5,2,5,13
"Tcf19",1,0,0,1
"Cchcr1",13,8,10,27
"Sfta2",2,1,0,2
"Gm20483",0,0,0,1
"Vars2",14,7,21,53
"Gtf2h4",6,1,4,15
"Ddr1",89,93,97,228
"Gm4577",0,1,0,0
"4833427F10Rik",0,0,0,2
"Ier3",0,1,0,2
"Flot1",22,13,12,42
"Tubb5",7,6,1,14
"Mdc1",43,40,24,112
"Ppp1r18os",0,1,0,0
"Nrm",1,0,0,1
"Ppp1r18",0,0,0,0
"Dhx16",40,31,30,80
"2310061I04Rik",10,6,14,26
"Gm16279",7,5,16,21
"Atat1",64,63,53,147
"Mrps18b",10,9,4,36
"Ppp1r10",393,245,422,1041
"Abcf1",108,74,90,289
"Gm32655",2,1,0,10
"Prr3",49,12,33,116
"Gnl1",36,12,33,121
"Gm20508",2,0,9,13
"A930015D03Rik",132,99,139,289
"H2-T24",0,2,2,3
"H2-T23",5,2,9,18
"H2-T22",12,10,12,32
"Gm6034",4,0,4,6
"H2-T10",2,0,3,5
"Gm19684",0,2,1,2
"Gm8909",1,0,0,0
"Gm20478",0,0,0,2
"Rpp21",18,8,16,57
"Trim39",113,59,106,329
"Trim26",82,36,56,172
"Rnf39",6,1,8,5
"Ppp1r11",8,16,10,21
"Polr1h",11,3,4,19
"Polr1has",5,4,5,10
"Zfp57",0,0,0,0
"Gabbr1",119,56,71,214
"Gm20429",0,0,0,0
"H2-M3",5,2,7,17
"H2-M2",0,0,0,1
"Or5v1b",0,0,0,0
"9130008F23Rik",0,0,0,0
"Cenpq",21,10,12,19
"Mmut",21,15,32,55
"Ptchd4",2,1,5,8
"Adgrf4",0,0,0,3
"Adgrf2",3,0,1,9
"Cd2ap",323,159,244,612
"Tnfrsf21",61,38,23,146
"Adgrf5",32,23,24,49
"Pla2g7",0,1,3,0
"Tdrd6",1,0,5,8
"Slc25a27",74,46,76,168
"Cyp39a1",9,4,21,17
"Gm56919",0,0,0,1
"Rcan2",1278,596,1021,3036
"Enpp5",24,21,30,69
"Enpp4",5,12,10,26
"Gm34917",13,7,15,18
"Clic5",115,64,107,283
"Runx2",5,6,8,8
"Supt3",281,134,195,545
"Cdc5l",114,69,101,223
"B230354K17Rik",23,18,31,34
"Spats1",2,1,5,9
"Aars2",9,10,7,6
"Tmem151b",4,3,5,14
"Nfkbie",4,3,2,8
"Slc35b2",4,2,3,9
"Hsp90ab1",263,346,144,457
"Gm56882",0,0,1,0
"Slc29a1",93,86,73,291
"Gm17080",0,2,1,4
"Capn11",9,2,3,16
"Tmem63b",96,60,59,217
"Gm16172",1,0,1,0
"Mrpl14",9,6,3,24
"F630040K05Rik",0,2,0,0
"Gm41584",7,2,1,15
"Gm49805",1,3,0,1
"Vegfa",492,277,359,1010
"Mrps18a",12,16,13,44
"Rsph9",21,12,22,43
"Mad2l1bp",0,4,2,1
"Gtpbp2",74,60,63,192
"Polh",13,16,8,40
"Xpo5",56,49,52,152
"Polr1c",18,7,19,39
"Yipf3",23,14,27,58
"Lrrc73",9,7,11,23
"Tjap1",34,28,29,86
"Abcc10",42,33,41,104
"Zfp318",80,34,72,169
"Ttbk1",13,11,6,16
"Dnph1",0,0,0,0
"Cul9",142,104,144,381
"Srf",50,17,39,139
"Ptk7",11,1,12,26
"Klc4",19,11,16,48
"Mrpl2",7,5,8,17
"Cul7",32,24,31,64
"Rrp36",8,12,10,28
"Klhdc3",18,12,13,49
"Mea1",3,1,0,7
"Ppp2r5d",12,6,7,19
"Pex6",28,18,25,61
"Gnmt",4,7,13,15
"Cnpy3",15,20,19,38
"Ptcra",1,1,1,3
"2310039H08Rik",6,4,0,6
"Rpl7l1",22,19,27,55
"Bicral",174,120,190,509
"Tbcc",2,7,0,3
"Prph2",0,1,0,0
"Ubr2",570,300,404,1296
"Trerf1",576,437,599,1468
"Mrps10",14,23,17,60
"Guca1b",6,3,4,5
"Guca1a",0,1,0,0
"1700001C19Rik",7,5,4,10
"AI661453",28,13,27,54
"Taf8",19,7,18,50
"Ccnd3",289,131,474,1455
"Bysl",7,7,9,28
"Med20",58,26,49,141
"Usp49",70,28,55,204
"Tomm6",4,1,8,9
"Tomm6os",1,1,1,1
"Prickle4",0,0,1,1
"Frs3",2,2,4,7
"Tfeb",39,28,25,122
"Mdfi",0,0,0,1
"Foxp4",262,119,163,472
"Treml2",0,0,0,0
"Nfya",19,16,7,62
"Oard1",15,9,19,54
"Gm49893",8,3,8,25
"Apobec2",23,10,9,11
"Unc5cl",3,1,1,11
"Gm49896",13,15,13,18
"Gm45330",63,49,65,136
"Lrfn2",72,20,87,153
"Mocs1",9,3,7,20
"Daam2",0,2,0,2
"Kif6",8,1,5,20
"Rftn1",1,1,0,0
"Dazl",0,3,1,2
"Gm49906",2,0,7,7
"Plcl2",614,431,591,1511
"Tbc1d5",725,407,564,1702
"Satb1",154,84,98,363
"Gm19585",0,0,0,1
"Gm27217",0,1,0,1
"Kcnh8",449,227,402,1138
"Efhb",20,12,14,59
"Rab5a",129,66,104,388
"Gm49915",1,2,3,11
"Pp2d1",0,0,2,3
"Kat2b",294,165,233,600
"Sgo1",0,1,0,1
"Sult1c2",8,3,11,10
"St6gal2",1,0,0,1
"Pot1b",57,24,88,170
"Adgre4",0,1,0,0
"Zfp119a",23,8,25,45
"Zfp959",6,9,18,29
"Zfp119b",1,2,3,9
"Ebi3",1,2,0,1
"Gm16712",0,0,0,1
"Yju2",27,4,21,60
"Shd",5,1,1,1
"Fsd1",1,2,0,0
"Stap2",5,4,0,0
"Mpnd",7,5,7,16
"Sh3gl1",56,39,48,108
"Chaf1a",5,4,3,8
"Ubxn6",27,25,23,63
"Hdgfl2",66,22,42,129
"Lrg1",0,0,0,0
"Sema6b",4,3,1,7
"Tnfaip8l1",0,0,1,0
"Mydgf",22,29,26,63
"Dpp9",81,72,66,175
"A230051N06Rik",8,8,8,17
"Fem1a",29,21,29,68
"Ticam1",2,5,2,12
"Plin3",0,2,1,4
"Uhrf1",0,0,0,2
"Kdm4b",131,83,131,324
"Ptprs",65,38,54,130
"Tincr",1,0,0,4
"Safb2",417,250,344,974
"Safb",380,230,304,884
"Micos13",5,9,2,16
"Gm56912",1,2,1,6
"Rpl36",21,20,33,49
"Lonp1",35,22,42,109
"Catsperd",7,2,12,22
"Ranbp3",90,56,76,218
"Vmac",4,1,6,12
"Ndufa11",0,1,2,8
"Nrtn",8,9,15,22
"Dus3l",28,23,16,67
"Prr22",5,3,5,25
"Rfx2",385,116,179,534
"Gm41604",9,1,3,8
"Acsbg2",0,0,3,0
"Acsbg3",2,0,0,3
"Mllt1",25,28,20,80
"Clpp",37,27,41,115
"Alkbh7",1,3,1,7
"Gtf2f1",24,28,29,89
"Gm17949",3,3,1,9
"Khsrp",55,33,43,111
"Gm17168",0,0,0,0
"Slc25a23",52,39,69,153
"Crb3",11,6,15,29
"Dennd1c",0,1,0,3
"Tubb4a",8,5,5,26
"Gm11110",4,7,8,12
"Tnfsf9",0,1,0,1
"C3",0,2,0,0
"Gpr108",31,24,35,74
"Trip10",2,4,1,13
"Vav1",0,0,0,1
"Adgre1",2,0,0,0
"Cntnap5c",2,1,19,17
"Nudt12",1,4,5,9
"Gm49860",1,0,0,1
"Efna5",1314,363,555,2335
"Fbxl17",1545,1049,1544,3697
"4930405O22Rik",1,1,1,3
"Fer",336,176,283,768
"Pja2",385,207,480,990
"Gm56888",1,0,1,1
"Man2a1",194,98,189,523
"Gm17133",0,0,0,0
"Tmem232",1,0,0,1
"Vapa",162,98,128,401
"Txndc2",0,0,0,3
"Rab31",122,31,109,560
"Ppp4r1",145,56,93,334
"Ralbp1",95,86,114,348
"Gm49870",0,0,1,2
"Gm49871",1,1,3,3
"Gm35550",0,0,2,0
"Twsg1",263,123,244,658
"Ankrd12",1234,640,1129,2998
"Ndufv2",34,29,37,132
"Washc1",26,5,13,30
"Ddx11",5,2,3,15
"Gm49932",1,0,1,1
"Gm56917",0,0,0,1
"Mtcl1",497,202,380,1225
"Gm49937",1,0,3,4
"Rab12",212,115,197,482
"Ptprm",839,448,635,1686
"1700016K05Rik",0,0,0,1
"Gm47471",0,0,0,0
"Gm9984",4,1,0,1
"Arhgap28",2,0,1,4
"L3mbtl4",1,2,4,11
"Epb41l3",864,602,882,2371
"2410021H03Rik",11,5,7,6
"Gm49894",1,2,1,1
"Zbtb14",17,12,13,39
"A930029G22Rik",11,8,9,21
"C030034I22Rik",5,8,4,29
"Akain1",22,29,33,90
"Dlgap1",417,170,160,1052
"5031415H12Rik",0,0,0,0
"Gm41609",0,0,1,1
"Tgif1",0,1,3,6
"Gm26510",0,0,0,0
"Gm41611",0,1,0,0
"Myl12b",39,35,48,103
"Myl12a",7,3,13,21
"Myom1",17,27,14,41
"Lpin2",244,114,377,1033
"Emilin2",0,0,0,0
"Gm4566",1,0,3,4
"Smchd1",307,140,236,721
"Ndc80",0,3,0,2
"Spdya",12,7,18,30
"Trmt61b",44,39,71,138
"Gm30091",1,2,6,5
"Wdr43",132,69,100,328
"Togaram2",21,25,29,51
"Clip4",70,50,72,193
"Alk",46,82,32,131
"Ypel5",100,28,83,228
"Lbh",338,68,201,610
"Lclat1",121,71,84,234
"E330032C10Rik",2,0,1,2
"Galnt14",484,411,479,1226
"Gm49876",6,6,4,12
"Gm49878",1,2,3,3
"D630014O11Rik",0,1,1,12
"Ehd3",10,4,3,24
"Xdh",0,0,0,0
"Memo1",99,66,75,266
"Dpy30",17,15,18,34
"Spast",125,73,123,275
"Slc30a6",19,21,23,59
"Nlrc4",2,0,15,12
"Yipf4",31,13,42,89
"Gm31645",4,2,5,7
"Birc6",977,579,868,2197
"Gm26749",16,7,10,12
"Ttc27",60,27,40,108
"Gm50020",1,1,1,3
"Gm50021",0,0,0,1
"Ltbp1",0,2,0,0
"Rasgrp3",0,2,0,0
"Fam98a",90,74,36,175
"Crim1",14,0,17,7
"Fez2",15,16,15,50
"Gm50034",1,0,0,0
"Vit",0,1,0,1
"Strn",127,82,77,225
"Heatr5b",93,38,84,158
"Gpatch11",17,17,24,49
"Eif2ak2",50,36,47,143
"Sult6b1",0,1,0,0
"Cebpzos",3,1,4,2
"Cebpz",64,36,54,125
"Ndufaf7",45,15,36,105
"Prkd3",18,1,6,19
"Qpct",0,0,0,0
"Cdc42ep3",6,1,10,18
"Rmdn2",23,7,20,36
"Gm56916",0,0,1,0
"Atl2",159,56,135,419
"Hnrnpll",137,78,93,256
"Galm",0,4,1,8
"Srsf7",289,153,150,695
"Ttc39d",0,1,4,8
"Gemin6",0,1,2,2
"Dhx57",149,113,143,422
"Gm50087",0,0,0,0
"Morn2",9,4,14,42
"Arhgef33",21,13,37,140
"Gm10190",0,0,0,2
"Sos1",173,84,128,367
"Cdkl4",1,0,1,9
"Gm33373",1,1,5,4
"Map4k3",380,198,327,943
"Tmem178",0,0,0,0
"Thumpd2",31,14,22,57
"Slc8a1",2784,1608,2118,6106
"Gm19689",0,0,0,5
"Gm46606",0,0,2,4
"Pkdcc",72,52,65,206
"Eml4",276,137,190,595
"Cox7a2l",43,31,56,118
"Kcng3",51,24,45,139
"Mta3",203,179,220,534
"Gm46597",0,0,0,1
"Haao",0,0,1,0
"Gm19696",0,1,3,8
"Zfp36l2",60,14,38,109
"Gm36279",12,8,5,24
"Thada",424,262,388,1033
"Plekhh2",176,96,184,409
"4930500A05Rik",4,1,1,2
"Gm49969",14,3,8,13
"Dync2li1",15,16,18,51
"Abcg8",0,0,0,1
"Lrpprc",163,119,219,414
"1110020A21Rik",2,2,1,3
"Ppm1b",293,157,315,790
"Slc3a1",12,8,20,15
"Prepl",254,108,190,586
"Camkmt",541,343,436,1143
"Srbd1",106,88,78,278
"Gm5817",5,7,10,11
"Prkce",1858,1114,1644,4814
"Gm10309",3,1,5,5
"Epas1",1,15,8,0
"Rhoq",99,37,75,213
"Gm50012",15,2,5,38
"Pigf",5,6,12,14
"Cript",20,14,25,62
"Socs5",67,56,90,227
"Mcfd2",14,13,15,27
"4833418N02Rik",11,7,10,16
"Ttc7",111,61,76,189
"Stpg4",0,0,0,9
"Calm2",323,68,179,524
"Epcam",30,35,46,104
"Msh2",36,26,36,114
"Kcnk12",236,95,226,510
"Gm50039",7,7,11,19
"Msh6",14,11,11,17
"Fbxo11",380,203,350,889
"Gm31615",1,0,0,0
"Foxn2",57,37,37,101
"Ppp1r21",110,73,88,205
"Ston1",3,2,6,3
"Gtf2a1l",0,0,0,0
"Fshr",1,0,0,0
"Gm10184",0,1,0,2
"Nrxn1",4150,2989,4144,9771
"4930480K15Rik",1,1,0,8
"Gm10308",0,1,1,2
"Mettl4",27,8,13,28
"2700099C18Rik",2,3,1,8
"Gm1976",95,52,140,252
"Gm20939",3,3,6,12
"Crem",137,87,133,325
"Gm6225",27,16,35,88
"Cul2",121,68,147,325
"Bambi",39,34,26,117
"Map3k8",8,6,13,33
"Gm56490",0,0,0,2
"4833419F23Rik",6,3,8,16
"Mtpap",50,48,48,153
"Gm50023",2,0,2,2
"Jcad",0,0,0,0
"Svil",267,89,180,389
"Gm26682",3,2,6,16
"Zfp438",168,87,143,423
"Gm10125",18,14,33,86
"Gm26575",0,1,0,3
"Zeb1",1144,645,1021,2702
"Arhgap12",166,88,113,368
"Kif5b",392,222,333,836
"Gm17036",13,5,5,18
"Gm41664",6,7,4,15
"Epc1",376,220,333,961
"Gm28529",1,3,4,4
"Rab18",43,43,28,108
"Gm2350",3,3,7,4
"Mkx",45,42,44,121
"Gm46633",0,1,0,1
"Odad2",51,44,64,207
"Mpp7",472,186,363,1266
"Gm9993",5,7,13,25
"Wac",305,193,250,784
"Fzd8",4,1,2,3
"Ccny",440,223,408,943
"Colec12",0,2,0,0
"Thoc1",108,68,97,293
"Usp14",108,62,75,222
"Rock1",816,384,704,1742
"Greb1l",72,47,18,138
"Esco1",142,93,134,343
"Snrpd1",17,15,25,38
"Abhd3",19,9,10,49
"4930563E18Rik",0,0,0,1
"Mib1",245,151,275,714
"Mir133a-1hg",5,4,1,9
"Gata6os",22,12,43,68
"Gata6",202,97,168,542
"Rbbp8",45,24,68,140
"Gm50069",0,0,3,2
"Gm6277",5,7,7,13
"Cables1",141,41,128,239
"Tmem241",83,87,112,285
"Riok3",233,146,234,592
"Rmc1",22,7,24,43
"Npc1",74,33,75,158
"Gm15956",2,5,0,4
"Ankrd29",0,0,0,0
"Lama3",0,0,0,0
"Ttc39c",10,13,23,48
"Cabyr",0,3,2,12
"Osbpl1a",122,52,101,316
"Gm49970",0,2,3,0
"Impact",315,180,317,788
"Hrh4",0,0,1,12
"Gm53018",1,1,1,4
"Zfp521",8,1,10,26
"Ss18",56,33,42,125
"Psma8",3,0,1,3
"Taf4b",15,11,20,46
"Kctd1",111,48,136,256
"4933424G05Rik",4,1,10,6
"Gm2629",0,0,0,0
"Aqp4",44,26,17,49
"Chst9",386,229,535,797
"Cdh2",1609,831,1554,4421
"Gm15328",1,0,1,2
"Dsc2",4,4,8,22
"Dsg2",51,46,67,159
"Gm16090",43,16,62,92
"Ttr",406,382,344,1007
"B4galt6",409,209,418,1161
"Trappc8",130,71,89,323
"Rnf125",0,0,5,2
"Rnf138",38,37,44,106
"Garem1",65,12,42,137
"Klhl14",21,0,6,24
"4930426D05Rik",3,0,4,13
"Ccdc178",0,0,0,1
"Asxl3",2,0,0,4
"Nol4",1328,680,1150,2950
"Dtna",17,10,17,28
"Gm15972",4,2,4,8
"Mapre2",579,221,411,1367
"ENSMUSG00000121479",12,9,31,36
"Zfp397",35,36,46,87
"Zfp35",7,6,3,10
"Zfp24",53,15,37,119
"Ino80c",4,5,8,15
"Galnt1",134,79,91,291
"2700062C07Rik",17,13,15,34
"Rprd1a",140,74,105,302
"Slc39a6",19,22,27,33
"Elp2",91,57,55,211
"Mocos",10,3,0,16
"Fhod3",652,286,433,1404
"Tpgs2",21,20,12,28
"AW554918",394,274,474,1093
"Celf4",1015,632,942,2549
"Gm3227",1,4,3,9
"0710001A04Rik",0,0,1,1
"Gm56495",40,31,47,115
"Gm50304",58,38,114,192
"Gm33228",107,48,161,342
"Gm33948",0,0,0,0
"Gm49980",1,7,1,17
"Pik3c3",71,43,67,168
"Rit2",278,192,258,455
"Syt4",203,69,175,465
"Gm26658",15,6,10,32
"Slc25a46",47,27,39,108
"Sap130",162,114,177,398
"Ammecr1l",84,51,57,236
"Gm26533",2,4,0,0
"Polr2d",2,3,4,3
"Wdr33",464,247,409,1218
"Sft2d3",9,10,10,22
"Lims2",0,1,0,5
"Myo7b",3,0,4,1
"Gm56489",2,2,1,3
"Iws1",173,106,145,343
"Proc",4,2,4,8
"Map3k2",293,142,255,808
"Ercc3",21,17,18,51
"A830052D11Rik",1,3,5,10
"Bin1",189,102,172,444
"Gm44577",5,7,20,22
"Gypc",1,0,0,0
"Wdr36",48,31,35,111
"2310026I22Rik",0,0,0,3
"Camk4",31,22,35,65
"Stard4",17,9,25,66
"Nrep",44,13,36,91
"Gm10549",2,1,4,16
"Epb41l4aos",4,4,3,10
"Epb41l4a",8,7,2,10
"Apc",311,183,223,792
"Srp19",21,28,26,43
"Reep5",44,29,39,90
"Pkd2l2",13,17,8,23
"Fam13b",327,138,188,573
"Nme5",7,6,8,32
"Brd8dc",17,15,26,69
"Brd8",338,146,295,862
"Kif20a",4,0,3,6
"Cdc23",48,34,41,106
"Gfra3",2,1,0,2
"Gm3550",0,0,0,1
"2010110K18Rik",0,0,0,0
"Fam53c",24,12,21,61
"Kdm3b",211,125,184,512
"Reep2",7,13,9,26
"Egr1",1783,903,962,3276
"Etf1",264,102,228,761
"Gm56507",1,1,1,3
"Hspa9",110,67,110,341
"Gm56488",0,1,3,1
"Gm36037",4,1,4,12
"Ctnna1",235,154,158,536
"Lrrtm2",1,2,1,8
"Gm50146",5,0,2,6
"Sil1",390,286,366,1083
"Gm50145",7,5,4,12
"Snhg4",3,9,9,6
"Matr3",437,224,306,893
"Gm50163",3,2,9,4
"Paip2",186,98,179,450
"Slc23a1",0,0,2,2
"Mzb1",0,7,1,9
"Prob1",5,8,6,14
"Spata24",31,26,20,83
"Dnajc18",55,31,38,90
"Smim33",0,0,1,2
"Ecscr",0,0,0,1
"Sting1",0,0,0,0
"Ube2d2a",158,116,137,463
"Cxxc5",161,121,140,378
"Gm29417",2,4,2,8
"Gm50399",7,3,4,17
"Gm36315",1,0,1,2
"Gm50405",0,0,2,1
"Psd2",0,0,0,4
"Nrg2",15,6,34,27
"Pura",211,108,230,555
"Igip",10,20,29,59
"Cystm1",245,88,257,666
"Pfdn1",53,44,52,105
"Hbegf",43,21,44,94
"Gm56496",4,2,0,2
"Ankhd1",486,309,395,1164
"Eif4ebp3",21,8,16,36
"Sra1",22,14,32,83
"Apbb3",23,9,24,54
"Slc35a4",4,13,9,21
"Cd14",0,1,0,0
"Tmco6",11,16,18,27
"Ndufa2",3,5,5,15
"Ik",92,71,84,192
"Wdr55",4,3,1,12
"Dnd1",0,2,0,3
"Hars",36,26,29,61
"Hars2",50,22,32,105
"Zmat2",14,11,17,25
"Pcdha1",8,9,10,28
"Pcdha2",2,2,6,21
"Pcdha3",4,2,2,9
"Pcdha4",3,3,5,21
"Gm38225",0,0,0,2
"Pcdha5",5,0,5,8
"Gm37753",0,0,0,0
"Pcdha6",4,1,2,4
"Pcdha7",5,0,4,5
"Pcdha8",2,3,3,4
"Pcdha9",6,6,7,18
"Pcdha10",10,2,10,28
"Gm10545",3,3,2,3
"Pcdha11",22,14,20,57
"Pcdha12",9,3,9,27
"Pcdhac1",4,1,2,6
"Pcdhac2",2,0,5,7
"Gm10544",3,1,0,4
"Pcdhb1",4,1,1,8
"Pcdhb2",8,5,3,21
"Pcdhb3",6,6,10,13
"Pcdhb4",9,1,4,12
"Pcdhb5",11,4,5,21
"Pcdhb6",6,3,5,9
"Pcdhb7",9,0,12,45
"Pcdhb8",3,0,1,3
"Pcdhb9",3,0,3,6
"Pcdhb10",0,1,0,4
"Pcdhb11",6,3,15,15
"Pcdhb12",4,0,2,7
"Pcdhb13",0,1,4,5
"Pcdhb14",11,18,22,47
"Pcdhb15",4,3,6,12
"Pcdhb16",13,5,7,31
"Pcdhb17",5,9,7,29
"Pcdhb18",2,2,6,9
"Pcdhb19",3,14,12,26
"Pcdhb20",4,2,5,8
"Pcdhb21",4,3,5,10
"Pcdhb22",3,6,6,9
"Slc25a2",6,0,2,6
"Taf7",65,17,40,104
"3222401L13Rik",81,53,68,191
"Pcdhga1",27,21,21,50
"Pcdhga2",25,17,15,59
"Pcdhga3",10,6,21,42
"Pcdhgb1",7,3,9,26
"Pcdhga4",2,2,3,6
"Pcdhgb2",19,8,5,22
"Pcdhga5",50,24,30,101
"Pcdhga6",41,18,28,113
"Gm37165",2,2,1,4
"Pcdhga7",33,18,24,107
"Pcdhgb4",36,15,29,93
"Pcdhga8",22,17,19,64
"Pcdhgb5",45,31,33,106
"Pcdhga9",35,14,31,81
"Pcdhgb6",19,8,11,37
"Gm26672",15,6,8,22
"Pcdhga10",46,25,28,91
"Pcdhgb7",23,15,21,48
"Pcdhga11",23,12,24,63
"Pcdhgb8",18,6,11,46
"Pcdhga12",36,21,35,105
"Pcdhgc3",12,5,9,16
"Pcdhgc4",11,12,16,50
"Pcdhgc5",16,12,11,46
"Gm29994",1,1,1,5
"Diaph1",158,93,101,309
"Hdac3",30,16,27,62
"Rell2",8,1,1,9
"Fchsd1",2,3,7,17
"Arap3",0,0,0,0
"Gm30093",0,1,1,2
"Pcdh1",49,43,43,117
"2010320O07Rik",1,1,2,6
"1700086O06Rik",15,16,25,58
"Dele1",49,46,48,166
"Pcdh12",0,0,0,0
"Rnf14",101,48,81,234
"Gnpda1",12,5,8,31
"Ndfip1",216,173,231,538
"Spry4",7,2,5,5
"9630014M24Rik",46,130,54,141
"Fgf1",27,22,22,81
"Gm5820",15,14,9,17
"Arhgap26",583,363,406,1357
"Gm15336",6,5,3,10
"Gm15337",1,0,3,1
"Nr3c1",637,333,658,1576
"Gm30961",8,3,4,6
"Gm50397",0,0,0,0
"Yipf5",77,68,82,234
"Kctd16",143,96,83,317
"Gm31019",1,0,0,0
"C030017B01Rik",1,0,0,5
"Gm50410",0,1,1,6
"Prelid2",18,2,14,23
"Plac8l1",2,0,0,4
"Lars",164,127,100,361
"Gm4013",2,1,2,5
"Rbm27",189,124,202,422
"Tcerg1",195,111,173,427
"Gm50214",3,0,0,2
"Ppp2r2b",82,56,47,284
"4930588A03Rik",1,0,2,1
"Stk32a",898,691,892,1944
"Dpysl3",0,1,2,1
"Eif3j2",0,1,1,1
"Jakmip2",0,7,1,13
"Dcp2",43,24,45,123
"Mcc",1424,778,1023,2571
"A930012L18Rik",12,5,4,15
"Ythdc2",121,66,109,273
"Gm31706",8,2,13,35
"Kcnn2",322,95,243,644
"Gm56506",5,1,2,6
"A330093E20Rik",2,1,0,2
"Trim36",2,0,3,2
"Pggt1b",71,37,54,155
"Ccdc112",26,18,28,65
"Gm4107",3,1,5,16
"Fem1c",85,24,37,119
"Ticam2",0,0,1,1
"Tmed7",33,21,25,64
"Eif1a",88,33,79,208
"Gm3734",0,1,0,7
"Cdo1",4,3,5,18
"Atg12",41,29,50,136
"Ap3s1",116,78,87,306
"Gm49974",0,1,0,3
"Commd10",141,78,180,465
"Gm49975",2,1,1,15
"Sema6a",20,8,38,56
"Eno1b",1,0,0,0
"Dtwd2",22,3,10,43
"Gm16283",1,1,0,1
"Dmxl1",421,223,331,901
"Tnfaip8",129,34,62,193
"C030005K06Rik",2,0,1,11
"Hsd17b4",39,15,26,99
"Prr16",16,5,2,29
"Srfbp1",23,19,19,73
"Sncaip",1,0,2,3
"Snx2",135,89,109,348
"Snx24",486,271,395,1109
"Ppic",0,0,0,1
"Prdm6",0,0,0,0
"Gm19466",0,0,1,2
"Cep120",237,61,175,569
"Csnk1g3",175,116,171,482
"Gm33732",68,29,63,213
"Zfp608",1235,669,1261,2954
"Gm54030",10,5,4,10
"Gm4221",5,4,3,10
"Gramd3",1810,711,1346,4245
"Aldh7a1",33,25,40,76
"Phax",10,9,12,36
"Tex43",0,0,0,0
"Lmnb1",41,24,20,87
"Marchf3",968,459,659,1852
"Gm15345",11,6,9,23
"Gm34632",1,1,0,1
"C330018D20Rik",8,16,15,30
"Megf10",0,0,2,0
"Prrc1",210,146,176,540
"4930511M06Rik",4,3,0,9
"Gm19500",1,0,3,6
"Ccdc192",0,0,0,0
"Gm19519",0,0,0,0
"Slc12a2",28,10,20,37
"Fbn2",1,5,0,2
"Isoc1",16,7,12,59
"Minar2",3,1,1,2
"Chsy3",5,6,1,21
"Gm4951",1,0,0,3
"F830016B08Rik",0,0,0,7
"Iigp1",0,0,0,9
"Smim3",0,1,0,0
"Dctn4",101,58,101,210
"Rbm22",33,26,23,99
"Myoz3",0,0,0,0
"Synpo",8,2,15,26
"Ndst1",143,88,144,361
"Rps14",157,99,105,285
"Cd74",1,3,0,0
"Tcof1",24,15,28,63
"Camk2a",0,1,0,0
"Pdgfrb",0,2,0,1
"Csf1r",2,0,4,6
"Hmgxb3",50,41,34,147
"Slc26a2",21,15,17,59
"Pde6a",0,0,0,1
"Ppargc1b",49,23,33,117
"Arhgef37",34,10,17,70
"Csnk1a1",1009,430,795,2176
"Bvht",1,0,2,2
"Gm56503",0,0,0,0
"Carmn",0,1,0,0
"Pcyox1l",16,5,7,26
"Grpel2",31,24,41,114
"1500015A07Rik",5,6,5,11
"Afap1l1",0,1,1,3
"Ablim3",2,1,8,3
"Sh3tc2",0,0,0,0
"Adrb2",0,0,0,2
"Gm9949",10,3,7,27
"Fbxo38",122,97,113,291
"Spink10",2,6,1,5
"Apcdd1",12,0,2,11
"Napg",67,49,45,146
"Piezo2",2,1,0,0
"Txnl1",91,40,73,214
"Wdr7",405,243,339,993
"Gm50106",0,0,0,0
"St8sia3os",1,1,0,3
"St8sia3",20,16,22,46
"Onecut2",10,11,11,31
"Fech",78,53,65,190
"Nars",100,46,67,185
"Atp8b1",1184,1006,1363,3449
"Gm50353",2,8,0,4
"A330084C13Rik",0,3,3,3
"Nedd4l",1282,731,1377,3417
"Gm50368",3,0,3,10
"Gm56499",3,1,0,2
"Alpk2",1,0,0,0
"Malt1",42,38,45,126
"Gm30018",0,0,0,0
"Gm41760",2,2,8,10
"Zfp532",184,110,174,401
"Gm50115",1,0,2,2
"Gm50462",6,1,1,15
"Oacyl",7,1,5,7
"Sec11c",37,42,33,81
"Gm30094",0,0,0,1
"Lman1",173,240,160,357
"Ccbe1",126,33,175,417
"Gm50143",3,1,8,9
"Gm15958",3,1,0,2
"Pmaip1",0,2,0,0
"Gm9926",0,2,0,0
"Gm19784",0,0,1,1
"Gnal",12,5,19,47
"Chmp1b",5,6,6,29
"Mppe1",25,17,17,47
"Impa2",0,4,1,2
"B430212C06Rik",0,0,0,0
"Cidea",1,1,2,3
"Tubb6",7,4,11,18
"Afg3l2",132,82,149,320
"Prelid3a",6,9,4,11
"Spire1",159,107,125,412
"Cep76",9,13,6,22
"Psmg2",14,8,13,29
"Ptpn2",134,76,117,342
"4930549G23Rik",12,16,7,29
"Gm26910",3,4,5,14
"Seh1l",41,10,40,98
"Cep192",77,37,41,138
"Ldlrad4",789,549,646,2125
"Gm56501",3,7,6,14
"Gm41764",2,2,2,6
"Fam210a",43,22,33,99
"Rnmt",80,38,47,167
"Tcf4",749,449,539,1823
"Ccdc68",8,9,15,21
"1700061H18Rik",0,0,1,2
"Rab27b",3,8,3,7
"4930503L19Rik",27,20,20,48
"Stard6",18,11,16,24
"Poli",13,13,12,42
"Mbd2",343,198,357,988
"Dcc",1,0,1,1
"Mex3c",17,14,45,87
"Smad4",230,132,221,603
"Elac1",9,15,26,49
"Me2",31,26,36,83
"Mapk4",49,43,50,222
"D730045A05Rik",0,0,0,0
"Cxxc1",26,8,18,64
"Mbd1",43,28,44,92
"Cfap53",9,4,15,22
"Myo5b",185,115,217,580
"Acaa2",12,10,20,50
"Rpl17",63,49,71,90
"BC031181",22,18,34,74
"Dym",367,254,304,839
"Gm20544",3,4,4,8
"Smad7",47,24,30,95
"Ctif",252,180,236,645
"Gm10532",2,1,0,5
"Zbtb7c",161,78,168,496
"2900057B20Rik",0,0,0,0
"BC026513",1,1,0,1
"Smad2",79,51,87,263
"Ier3ip1",20,14,10,26
"Hdhd2",28,16,17,49
"Katnal2",39,22,34,95
"Gm56494",7,8,8,10
"Pias2",239,137,206,559
"Gm7276",0,0,0,0
"St8sia5",23,17,14,53
"Rnf165",7,8,8,33
"8030462N17Rik",116,63,131,283
"A330094K24Rik",1,0,3,4
"Haus1",3,2,8,6
"Atp5a1",102,64,87,247
"Pstpip2",9,2,5,37
"Epg5",104,51,88,281
"Slc14a1",0,0,0,0
"Slc14a2",1,1,0,0
"Setbp1",1640,834,1207,3360
"Pard6g",6,7,0,22
"Adnp2",19,27,24,61
"Rbfa",19,4,10,37
"Naa12",31,23,33,65
"Txnl4a",11,7,17,29
"Hsbp1l1",4,4,17,21
"Slc66a2",27,16,31,93
"Ctdp1",98,29,99,256
"Gm50209",0,3,1,6
"Gm9456",3,1,0,4
"Gm41790",3,2,6,14
"Nfatc1",128,78,91,225
"Atp9b",362,165,314,858
"Gm47272",0,2,0,3
"B020010K11Rik",2,0,1,1
"Galr1",107,74,167,333
"Mbp",245,163,208,542
"Zfp236",128,69,108,310
"Gm46620",20,13,26,45
"Gm50350",0,2,2,3
"Gm41793",1,1,0,5
"Gm50351",1,0,0,6
"4930445N18Rik",0,0,0,0
"Zfp516",485,324,341,1283
"4930592I03Rik",0,0,1,2
"Gm52988",11,2,9,42
"Tshz1",389,276,393,1040
"Gm56504",0,2,1,0
"Zadh2",24,22,31,53
"Zfp407",479,283,413,1300
"Gm50311",0,2,1,2
"Gm56492",7,6,21,18
"Cndp2",14,6,13,19
"Cyb5a",25,26,12,47
"Timm21",10,8,9,27
"Gm50401",2,1,1,2
"Socs6",10,26,27,57
"Rttn",49,20,59,148
"Dok6",0,0,1,3
"Gm18280",0,0,1,8
"Tmx3",53,37,61,134
"Gm45871",7,20,21,16
"1700030N03Rik",1,1,2,1
"Ighmbp2",26,16,21,43
"Mrpl21",20,10,27,46
"Cpt1a",68,27,109,304
"Tesmin",0,0,3,5
"Ppp6r3",558,340,459,1463
"Gm48696",3,2,1,5
"Gm48683",0,1,0,1
"Lrp5",66,32,49,200
"Gm36608",5,3,2,4
"1810055G02Rik",25,20,25,73
"Gm36787",0,0,2,0
"Gm50375",1,0,1,4
"Kmt5b",214,141,237,527
"Gm16066",40,39,43,89
"Chka",468,259,349,1291
"Gm50383",0,0,0,0
"Tcirg1",9,6,8,16
"Ndufs8",3,6,5,0
"Aldh3b1",4,11,16,25
"Unc93b1",39,21,48,105
"Nudt8",2,1,0,1
"Doc2g",2,3,4,10
"Ndufv1",13,12,14,52
"Gstp1",3,0,1,6
"Gstp2",0,1,0,1
"Cdk2ap2",18,6,14,47
"Pitpnm1",70,48,66,194
"Aip",13,12,7,47
"Tmem134",9,7,14,36
"Cabp4",0,0,0,1
"Gpr152",0,0,1,1
"Coro1b",7,12,7,25
"Ptprcap",2,0,0,3
"Rps6kb2",31,33,39,93
"Carns1",1,3,0,5
"Gm17552",2,2,4,9
"Tbc1d10c",5,0,3,7
"Ppp1ca",15,14,11,43
"Rad9a",3,5,8,14
"Gm30082",3,0,0,0
"Clcf1",4,2,5,7
"Pold4",4,7,3,24
"1500032F14Rik",0,0,0,1
"Ssh3",18,14,26,51
"Ankrd13d",32,19,15,51
"Grk2",60,31,32,110
"Kdm2a",426,221,368,973
"Rhod",1,3,0,0
"A930001C03Rik",2,0,0,2
"Syt12",1,0,0,3
"Pcx",240,162,171,726
"Lrfn4",10,5,13,33
"Rce1",12,5,7,34
"Gm960",22,15,17,44
"Sptbn2",73,79,77,210
"Rbm4b",39,21,44,91
"Rbm4",103,62,119,319
"Rbm14",80,55,62,226
"Ccs",32,27,21,68
"Ctsf",27,12,28,83
"Actn3",1,1,0,1
"Zdhhc24",15,10,19,39
"Bbs1",26,10,11,66
"Dpp3",49,49,39,103
"Peli3",25,11,26,63
"Mrpl11",6,5,3,15
"Npas4",66,14,41,180
"Gm56640",13,0,6,21
"Gm56654",2,1,1,3
"Slc29a2",1,2,2,2
"B4gat1",0,0,4,7
"Brms1",34,14,41,126
"Rin1",4,1,1,7
"Cd248",0,0,0,0
"Tmem151a",18,2,10,13
"Yif1a",11,10,10,23
"Cnih2",3,0,4,12
"Rab1b",20,10,17,46
"Klc2",26,12,17,54
"Pacs1",223,105,195,555
"Sf3b2",166,123,128,434
"Gm42064",0,0,0,0
"Cst6",0,3,2,0
"Banf1",1,0,0,1
"Eif1ad",7,4,4,11
"Sart1",52,28,30,80
"D330050I16Rik",2,4,1,7
"Tsga10ip",0,0,0,0
"Gm56655",11,11,7,24
"4930481A15Rik",23,22,44,112
"Drap1",10,15,10,59
"AI837181",5,2,8,16
"Fosl1",4,1,7,18
"Ccdc85b",4,4,7,13
"Fibp",20,18,18,46
"Ctsw",1,1,0,1
"Efemp2",12,11,7,21
"Mus81",17,16,18,28
"Cfl1",28,17,27,52
"Snx32",62,47,80,154
"Nscme3l",8,4,7,15
"Ovol1",0,0,0,0
"Ap5b1",0,1,0,0
"Rnaseh2c",2,1,0,3
"Kat5",35,12,34,75
"Gm56632",3,1,1,4
"Rela",57,21,63,154
"Sipa1",14,12,13,33
"Pcnx3",43,23,35,121
"Map3k11",17,7,27,30
"Kcnk7",0,0,0,1
"Ehbp1l1",0,1,5,9
"Fam89b",1,0,2,14
"Znrd2",2,3,4,7
"Ltbp3",54,36,37,96
"Scyl1",61,24,33,97
"Malat1",100901,45961,85753,192615
"Gm56649",0,5,1,5
"Neat1",4231,1859,2925,8260
"Frmd8os",4,5,4,10
"Frmd8",12,3,6,22
"Slc25a45",1,0,0,0
"Tigd3",2,0,0,9
"Dpf2",52,49,43,146
"Gm42067",0,0,1,1
"Cdc42ep2",0,2,0,0
"Pola2",10,6,9,41
"Slc22a20",0,0,0,0
"Capn1",19,15,13,43
"Gm10814",2,2,1,3
"D530017H19Rik",7,13,11,19
"Syvn1",58,25,49,139
"Mrpl49",2,2,3,8
"Fau",9,17,41,50
"Gm56670",0,0,0,0
"Znhit2",0,2,1,10
"Tm7sf2",10,7,15,18
"Vps51",19,21,14,38
"Tmem262",0,0,1,0
"Zfpl1",17,13,14,47
"Cdca5",0,0,0,0
"Sac3d1",2,4,1,11
"Snx15",32,26,49,103
"Arl2",21,9,15,47
"Batf2",1,0,3,4
"Majin",1,1,5,7
"Ppp2r5b",32,19,29,70
"Atg2a",48,20,32,129
"Gm14963",2,3,2,14
"Ehd1",10,5,5,23
"Cdc42bpg",54,34,45,129
"Men1",5,7,10,20
"Map4k2",68,50,55,176
"Gm14966",34,22,45,93
"Sf1",368,140,249,803
"Pygm",11,3,4,33
"Rasgrp2",2,0,0,0
"Nrxn2",6,5,11,13
"Gm14964",19,8,36,38
"Rps6ka4",3,6,4,7
"Ccdc88b",1,2,1,3
"Prdx5",11,12,10,37
"Trmt112",10,7,9,24
"Esrra",13,7,22,41
"Gpr137",7,7,7,22
"Bad",13,8,12,27
"Gm56656",3,0,1,0
"Plcb3",23,20,27,47
"Ppp1r14b",13,8,8,37
"Fkbp2",29,35,33,67
"Vegfb",19,41,13,60
"Dnajc4",9,11,9,43
"Nudt22",0,2,0,4
"Trpt1",7,7,13,18
"Fermt3",8,3,6,8
"Stip1",46,43,28,94
"Macrod1",88,56,77,244
"Gm54798",3,4,4,8
"Flrt1",58,38,48,154
"Otub1",11,12,26,51
"Cox8a",35,19,48,76
"Naa40",69,39,70,131
"Rcor2",5,4,4,22
"Mark2",351,230,275,847
"Gm17227",3,2,1,4
"Spindoc",72,41,110,283
"Gm50232",5,6,8,25
"1700105P06Rik",3,4,2,4
"Zfta",13,7,13,24
"Rtn3",398,254,414,1119
"Atl3",52,48,60,127
"Plaat3",18,18,30,78
"Lgals12",22,42,15,46
"Plaat5",1,2,0,2
"Slc22a28",0,5,7,7
"Slc22a29",3,0,0,1
"Gm41804",217,114,269,635
"ENSMUSG00000121393",20,10,20,59
"Slc3a2",91,42,53,219
"Snhg1",31,18,20,62
"Wdr74",12,9,2,15
"Stx5a",211,157,194,591
"Gm56637",1,2,4,9
"Nxf1",84,50,55,180
"Tmem223",10,6,10,18
"Tmem179b",9,9,17,37
"Taf6l",8,2,6,21
"Gm56660",0,0,1,2
"Polr2g",9,3,3,10
"Ttc9c",11,18,12,34
"Hnrnpul2",98,60,90,236
"Gng3",0,1,2,3
"Bscl2",24,17,8,41
"Lrrn4cl",1,0,1,1
"Ubxn1",8,17,9,28
"Uqcc3",0,2,3,0
"1810009A15Rik",8,2,2,10
"Ints5",1,5,3,11
"Ganab",77,86,97,204
"B3gat3",12,15,12,17
"Rom1",0,1,1,2
"Eml3",24,25,26,71
"Gm10353",2,5,5,7
"Mta2",18,16,16,65
"Tut1",31,15,26,79
"Eef1g",48,61,44,147
"Ahnak",10,0,4,32
"Asrgl1",26,19,30,71
"Gm9750",0,2,3,2
"Gm50321",0,0,1,3
"Incenp",6,3,7,19
"Gm50340",0,1,0,0
"Gm56633",0,0,0,0
"Fth1",44,20,27,50
"Gm56642",0,0,0,1
"Rab3il1",0,0,0,1
"Fads3",0,0,0,0
"Fads2",7,4,4,17
"Fads1",5,8,5,12
"Gm10143",1,0,0,0
"Fen1",0,0,1,2
"Tmem258",5,18,11,27
"Myrf",7,4,8,20
"Dagla",131,95,107,303
"Syt7",1073,465,1005,2827
"Lrrc10b",26,11,23,57
"Sdhaf2",31,23,45,83
"Cpsf7",169,109,144,430
"Tmem216",7,7,6,20
"Tmem138",4,9,14,27
"Cyb561a3",12,12,7,28
"Tkfc",5,5,4,17
"Ddb1",116,68,104,286
"Vwce",1,0,2,2
"Vps37c",28,51,41,102
"Cd5",1,4,0,1
"A430093F15Rik",0,0,1,1
"Slc15a3",1,0,0,1
"Tmem132a",4,7,12,12
"Tmem109",6,7,9,25
"Prpf19",26,21,27,57
"Ccdc86",14,5,15,49
"AW112010",2,0,0,0
"4930526L06Rik",0,1,1,0
"Ms4a12",1,0,1,1
"Ms4a1",1,2,0,0
"Ms4a14",0,0,0,0
"Ms4a7",1,1,0,0
"Ms4a4a",0,0,0,0
"Gm56663",0,0,0,0
"Ms4a4c",1,0,0,0
"Ms4a4b",4,1,0,0
"Ms4a6c",0,0,0,0
"BE692007",0,0,0,0
"Gm8369",1,2,0,0
"Ms4a6b",0,0,0,0
"Ms4a6d",0,0,0,0
"Mrpl16",9,3,2,16
"Stx3",71,44,55,227
"Patl1",63,24,39,121
"Osbp",143,89,125,301
"Mpeg1",1,0,0,0
"Dtx4",4,5,10,17
"A330040F15Rik",14,2,5,56
"Fam111a",0,1,0,5
"4122401K19Rik",0,4,1,2
"Cntf",2,0,1,3
"Zfp91",247,125,202,510
"Lpxn",11,3,4,28
"ENSMUSG00000121418",1,1,0,0
"Tle4",102,55,101,178
"Psat1",2,3,4,3
"Cep78",77,44,59,208
"C130060C02Rik",14,24,25,39
"Gnaq",1184,688,1036,2891
"Gna14",49,29,31,107
"Vps13a",630,309,461,1439
"Prune2",525,229,409,1132
"Gcnt1",1,2,3,8
"Rfk",12,7,12,16
"Pcsk5",0,0,0,1
"Ostf1",23,12,7,59
"Nmrk1",15,11,25,36
"Carnmt1",38,24,29,75
"D030056L22Rik",1,0,1,0
"Trpm6",3,0,2,11
"Rorb",0,1,0,0
"1500015L24Rik",0,0,0,0
"Anxa1",1,0,0,0
"Aldh1a1",0,0,0,0
"Tmc1",0,0,0,2
"Zfand5",221,109,138,477
"Gda",0,0,0,0
"1110059E24Rik",75,52,82,213
"Abhd17b",92,82,83,241
"Gm41818",5,4,6,7
"Cemip2",92,25,51,204
"Trpm3",10634,3541,8524,23559
"Gm27151",21,8,15,40
"C330002G04Rik",11,8,38,61
"Gm50136",1,0,5,5
"2410080I02Rik",3,1,3,6
"Gm56636",0,0,0,2
"Gm56648",1,0,0,0
"Klf9",1332,318,1341,3316
"Smc5",319,124,266,648
"Mamdc2",0,4,0,0
"Ptar1",49,31,54,130
"Apba1",399,199,291,757
"Entrep1",34,6,19,63
"Tjp2",329,168,269,880
"Fxn",33,17,21,50
"Pip5k1b",1965,1008,1542,4310
"Pip5k1bos",9,1,3,4
"Fam122a",83,41,55,190
"Gm50341",1,0,2,8
"Tmem252",0,1,2,0
"Pgm5",0,2,0,4
"Cbwd1",36,34,44,107
"Dock8",19,22,14,42
"Gm34235",1,0,0,0
"Kank1",61,71,104,184
"Smarca2",636,436,603,1666
"Gm20616",0,0,1,2
"4931403E22Rik",8,3,3,11
"Vldlr",69,89,66,197
"Pum3",34,26,48,96
"Rfx3",1049,693,825,2311
"Glis3",4386,2249,3343,10529
"4933413C19Rik",11,5,7,21
"D930032P07Rik",9,13,16,20
"Slc1a1",4,4,3,12
"Spata6l",13,2,18,25
"Plpp6",4,2,6,6
"Cdc37l1",156,123,152,425
"Ak3",17,15,22,25
"1700018L02Rik",0,0,1,2
"Gm9895",4,5,7,9
"Rcl1",44,22,25,71
"Jak2",143,51,112,336
"Insl6",1,0,0,0
"Plgrkt",102,47,87,227
"Cd274",15,5,16,30
"Gm36043",1,1,0,0
"Pdcd1lg2",0,0,2,0
"A930007I19Rik",10,3,12,32
"Ric1",218,96,177,483
"Ermp1",38,5,22,55
"9930021J03Rik",357,170,327,934
"Gm50373",0,0,1,1
"Ranbp6",16,11,22,44
"Il33",0,0,0,1
"Gm56651",0,0,0,0
"Uhrf2",319,121,292,672
"Gldc",50,30,24,65
"Prkg1",419,328,599,1267
"Cstf2t",6,8,6,13
"A1cf",152,124,270,367
"9130016M20Rik",10,1,11,24
"Asah2",179,91,207,486
"Sgms1",443,338,451,1185
"Gm50210",2,0,2,11
"Sgms1os1",3,8,7,13
"Rpl9-ps6",0,0,1,4
"Minpp1",28,22,37,106
"Papss2",581,400,350,987
"Atad1",59,54,75,188
"Gm56641",1,0,0,0
"Pten",313,179,241,714
"Gm29863",0,0,1,0
"Rnls",214,134,228,558
"2810449D17Rik",8,17,15,27
"Lipo3",16,10,17,55
"Lipk",0,0,3,0
"Ankrd22",0,0,0,1
"Stambpl1",53,46,60,143
"Acta2",0,0,0,0
"Fas",2,0,0,1
"Ch25h",0,0,0,0
"Gm26902",0,0,0,0
"Lipa",7,5,7,19
"Ifit2",0,2,0,0
"Ifit3",0,0,0,2
"Ifit3b",1,0,0,2
"Ifit1bl2",2,0,1,11
"Ifit1",1,1,4,2
"Slc16a12",492,264,453,1352
"Pank1",25,15,17,61
"Kif20b",10,2,2,8
"Gm41836",6,9,15,19
"A830019P07Rik",76,55,67,180
"Htr7",1,0,0,0
"Rpp30",9,7,8,16
"Pcgf5",398,191,339,1124
"Hectd2",38,12,17,78
"Hectd2os",38,7,9,25
"Ppp1r3c",0,5,8,4
"Gm56662",0,0,6,0
"Tnks2",491,226,329,995
"Fgfbp3",0,2,1,0
"Btaf1",263,196,255,984
"Cpeb3",470,322,514,1380
"A330032B11Rik",7,5,6,11
"Marchf5",151,54,132,366
"4931408D14Rik",3,3,2,10
"Ide",183,182,165,699
"Gm56673",0,2,1,4
"Kif11",6,3,2,19
"Hhex",1,0,1,6
"Exoc6",120,50,89,258
"Gm32342",0,0,0,0
"Cyp26c1",1,0,1,2
"Myof",0,6,1,17
"Cep55",0,0,1,0
"Ffar4",12,11,12,14
"Rbp4",27,18,40,30
"Pde6c",2,2,6,9
"Fra10ac1",61,61,63,132
"Lgi1",245,189,302,668
"Gm42723",0,1,1,0
"Gm32960",3,2,5,4
"Slc35g1",17,18,32,44
"Plce1",0,11,0,0
"Noc3l",43,17,26,86
"Tbc1d12",130,52,80,317
"Hells",16,9,3,10
"Cyp2c66",0,0,0,1
"Pdlim1",0,1,0,1
"Sorbs1",239,188,338,640
"Aldh18a1",78,56,45,135
"Gm27042",2,0,3,4
"Tctn3",86,48,75,204
"Entpd1",0,6,24,0
"Cc2d2b",163,155,113,268
"Ccnj",6,7,4,18
"Gm56645",0,3,0,1
"Zfp518a",28,21,12,73
"Blnk",5,0,0,0
"Tll2",2,0,0,6
"Tm9sf3",341,177,238,772
"Pik3ap1",1,1,1,0
"Lcor",405,248,393,904
"Slit1",0,0,0,0
"Arhgap19",1,1,0,3
"Frat1",0,0,0,0
"Frat2",0,1,0,0
"Rrp12",31,15,18,68
"Pgam1",17,4,5,42
"Exosc1",19,14,12,47
"Zdhhc16",16,8,9,32
"Mms19",83,58,70,230
"Ubtd1",25,15,19,90
"Ankrd2",2,0,0,1
"Hoga1",5,4,5,6
"4933411K16Rik",0,2,0,1
"Morn4",7,10,8,24
"Pi4k2a",124,48,84,300
"Avpi1",2,3,1,6
"Marveld1",6,4,6,9
"Zfyve27",53,29,45,137
"Sfrp5",4,4,6,1
"Golga7b",6,3,7,11
"Crtac1",0,0,0,0
"R3hcc1l",100,45,93,226
"Gm16541",2,0,3,3
"Loxl4",1,1,1,1
"Pyroxd2",12,3,12,31
"Hps1",32,22,22,71
"Hpse2",0,1,1,3
"Cnnm1",12,8,2,26
"Got1",22,12,45,58
"Nkx2-3",0,1,0,0
"Gm34922",0,0,0,0
"Slc25a28",87,53,71,259
"BC037704",1,1,0,0
"Entpd7",122,87,82,320
"Cox15",14,11,15,31
"Cutc",5,5,10,23
"Abcc2",6,14,15,28
"Dnmbp",92,69,105,209
"Cpn1",43,39,58,114
"Erlin1",19,25,20,72
"Chuk",217,110,116,456
"Cwf19l1",16,15,33,65
"Bloc1s2",12,10,6,26
"Scd3",0,0,0,0
"Gm50323",1,0,2,4
"Scd2",15,28,25,21
"Gm50334",0,2,0,2
"Scd4",0,0,0,0
"Scd1",2,1,0,0
"Sec31b",7,3,8,6
"Ndufb8",4,10,6,10
"Hif1an",20,18,23,65
"Slf2",224,161,227,550
"4930414N06Rik",9,1,5,8
"Sema4g",19,13,18,62
"Mrpl43",10,4,6,14
"Twnk",10,8,5,22
"Lzts2",80,37,62,164
"Pdzd7",5,4,1,3
"Sfxn3",10,10,14,31
"Gm35867",6,2,6,7
"Gm56659",1,0,0,3
"Kazald1",6,2,0,4
"Gm28578",1,0,0,0
"Btrc",689,418,636,1849
"Poll",7,4,4,15
"Dpcd",18,14,19,52
"Fbxw4",153,93,101,413
"Npm3",5,2,2,8
"Oga",364,150,276,828
"Kcnip2",14,9,9,31
"Armh3",281,141,224,708
"Gm50196",0,0,0,3
"4930505N22Rik",1,0,2,2
"Hps6",1,1,0,0
"Ldb1",133,57,153,361
"Pprc1",26,23,25,49
"Nolc1",57,27,59,144
"Gbf1",945,636,711,2204
"Gm16726",1,1,0,4
"4833438C02Rik",6,4,4,10
"Nfkb2",23,4,9,33
"Psd",97,40,63,147
"Fbxl15",5,7,2,12
"Cuedc2",22,21,25,48
"Mfsd13a",15,16,20,39
"2310034G01Rik",0,0,2,2
"Actr1a",29,33,32,96
"Sufu",88,44,100,185
"Gm56635",0,0,0,8
"Trim8",79,26,62,170
"Arl3",138,75,72,278
"Sfxn2",182,123,79,462
"Wbp1l",147,92,123,325
"Gm56658",0,0,0,0
"Borcs7",18,12,20,39
"As3mt",39,24,44,104
"Cnnm2",221,200,238,576
"Gm50431",10,5,6,14
"Nt5c2",736,318,554,1588
"Ina",51,17,36,79
"Pcgf6",25,27,26,81
"Taf5",18,16,15,20
"Atp5md",37,9,40,80
"Pdcd11",99,44,80,171
"Calhm2",4,6,4,11
"Neurl1a",106,52,50,242
"Gm36693",0,0,1,4
"Sh3pxd2a",3336,1312,2897,8211
"Stn1",12,8,13,28
"Gm19557",0,0,0,0
"Slk",266,135,236,683
"Gm50358",1,0,4,7
"Gm16068",2,0,0,1
"Sfr1",21,12,12,32
"Cfap43",20,13,10,52
"Gsto1",9,6,10,20
"Gsto2",23,10,13,35
"Itprip",2,0,0,9
"Cfap58",8,2,5,8
"Sorcs3",1,0,2,4
"Sorcs1",9,27,4,47
"Gm45352",0,0,0,0
"Ins1",2275,1920,1378,2935
"Xpnpep1",87,57,72,179
"1700054A03Rik",2,1,1,2
"Add3",134,73,102,365
"1700001K23Rik",2,1,0,4
"Mxi1",143,97,218,525
"Gm30541",6,0,5,5
"Smndc1",107,34,88,234
"8030456M14Rik",4,0,1,4
"Mirt1",0,1,0,1
"Gm50394",3,2,1,7
"Dusp5",219,122,221,473
"Nutf2-ps1",0,1,0,1
"Smc3",178,121,155,388
"Rbm20",6,9,11,22
"Gm16299",3,6,0,6
"Pdcd4",475,272,339,1071
"Bbip1",65,47,42,135
"Shoc2",196,81,190,480
"4930484I04Rik",1,2,1,9
"Adra2a",34,7,8,27
"Gm50186",3,0,1,1
"Gpam",40,28,43,135
"Gm31356",21,7,19,44
"Gucy2g",1,0,0,0
"Acsl5",52,27,32,107
"Zdhhc6",65,23,52,121
"Vti1a",724,444,756,1865
"Tcf7l2",251,121,217,666
"Ppnr",3,0,1,4
"Nrap",0,0,0,3
"Casp7",30,12,43,63
"Dclre1a",21,20,32,61
"Nhlrc2",154,87,141,392
"Adrb1",0,0,0,0
"Gm32718",1,0,0,2
"Ccdc186",143,66,124,302
"Afap1l2",0,1,0,1
"Ablim1",600,383,574,1429
"4930449E18Rik",0,0,0,1
"B230217O12Rik",21,18,25,62
"Fhip2a",112,65,75,259
"Trub1",48,37,47,133
"6720468P15Rik",3,0,0,2
"Gm32932",0,0,0,2
"Atrnl1",1174,497,894,2581
"Gfra1",35,42,52,70
"Pnlip",1,0,0,0
"Pnliprp1",0,0,0,0
"Hspa12a",70,60,64,225
"Eno4",1,2,3,16
"Shtn1",154,108,153,379
"Slc18a2",0,0,0,4
"Pdzd8",90,50,73,184
"2700089I24Rik",0,2,1,3
"Gm17203",3,2,1,4
"Rab11fip2",99,56,89,229
"Gm4219",1,1,1,0
"E330013P04Rik",0,0,0,3
"Fam204a",37,34,33,102
"Cacul1",135,75,147,329
"Gm46652",0,0,0,0
"Nanos1",1,3,1,9
"Eif3a",348,271,258,782
"Dennd10",39,36,46,123
"Sfxn4",20,10,18,55
"Prdx3",11,4,7,22
"Grk5",523,347,421,1255
"Zfp950",147,178,156,401
"Gm7102",0,1,0,1
"Csf2ra",77,39,64,145
"Gm21060",0,0,0,1
"Gm26618",20,4,9,14
"Nudt11",1,3,0,2
"Ezhip",0,0,0,1
"Nudt10",1,0,0,0
"Shroom4",50,20,35,123
"Clcn5",99,85,101,258
"Usp27x",2,2,1,9
"Gm14379",2,0,1,1
"2010204K13Rik",8,4,5,7
"Ppp1r3f",7,7,12,21
"Flicr",0,0,0,0
"Foxp3",0,0,1,1
"Ccdc22",5,3,6,12
"Cacna1f",0,1,3,6
"Syp",108,77,127,285
"Gm14703",1,1,5,2
"Prickle3",8,2,6,15
"Plp2",1,2,3,6
"Magix",0,0,0,1
"Gpkow",48,21,20,77
"Wdr45",23,6,13,44
"Praf2",1,1,0,3
"Ccdc120",7,3,8,22
"Tfe3",37,36,65,114
"Gripap1",289,181,229,675
"Kcnd1",21,6,8,27
"Otud5",144,69,100,350
"Pim2",72,48,61,154
"Slc35a2",59,28,44,148
"Pqbp1",15,9,17,39
"Timm17b",19,8,13,22
"Pcsk1n",77,86,130,265
"Hdac6",239,125,167,503
"Gm14820",0,0,0,1
"Suv39h1",7,4,3,25
"Was",0,1,0,0
"Gm6787",0,4,5,9
"Wdr13",82,56,87,226
"Rbm3",39,35,52,124
"Rbm3os",1,0,0,1
"Tbc1d25",7,5,9,11
"Ebp",3,10,1,12
"Porcn",10,8,15,34
"Ftsj1",11,18,13,46
"Gm56683",2,1,0,0
"Slc38a5",1,2,1,3
"Gm5751",1,0,0,1
"B630019K06Rik",4,1,2,2
"Lancl3",37,34,44,101
"Gm14862",0,0,2,1
"Xk",38,9,25,54
"H2al1m",1,0,0,1
"Cybb",2,2,0,1
"Dynlt3",16,8,16,48
"H2ap",2,3,1,10
"H2al3",2,0,1,3
"Sytl5",359,273,371,792
"Srpx",0,0,1,1
"Rpgr",135,61,142,317
"Tspan7",494,295,415,1002
"Mid1ip1",5,15,12,26
"Gm14493",2,0,2,4
"Bcor",302,164,233,608
"Gm56689",2,1,1,6
"Atp6ap2",275,100,211,705
"1810030O07Rik",43,26,45,134
"Med14",106,56,105,294
"Gm14634",29,32,36,80
"4930500G05Rik",29,12,55,94
"5730405O15Rik",12,7,9,17
"Usp9x",1168,535,1044,2726
"2010308F09Rik",0,1,2,5
"Ddx3x",362,109,243,845
"Nyx",0,0,0,0
"Cask",213,97,139,430
"Gpr34",0,0,0,0
"Maoa",14,9,15,29
"Maob",85,35,38,219
"Efhc2",180,113,149,440
"Fundc1",14,23,28,27
"Kdm6a",285,134,211,603
"Dipk2b",0,0,0,0
"Gm14636",9,8,11,43
"Gm26652",22,6,12,36
"Chst7",0,1,1,1
"Slc9a7",383,308,432,992
"Rp2",62,42,54,152
"Jade3",336,127,336,997
"Rgn",5,2,2,5
"Ndufb11",8,9,13,23
"Rbm10",175,129,93,388
"Uba1",50,42,29,88
"Cdk16",44,37,47,117
"Usp11",31,15,32,93
"Araf",265,158,261,672
"Syn1",92,61,96,265
"Timp1",0,0,4,3
"Cfp",9,4,9,14
"Elk1",10,5,4,19
"Uxt",16,4,17,22
"A230072C01Rik",9,4,13,22
"Zfp182",106,72,60,270
"Zfp300",3,4,4,10
"Gm6938",4,2,5,5
"Klhl13",8,9,4,21
"Wdr44",88,48,85,206
"Gm14525",2,2,1,2
"Dock11",320,184,239,817
"Il13ra1",41,9,43,93
"Zcchc12",4,1,7,22
"Lonrf3",29,4,29,94
"Pgrmc1",50,31,51,107
"Akap17b",52,44,41,99
"Slc25a43",0,0,1,2
"Slc25a5",4,2,10,19
"Ube2a",14,20,22,66
"Steep1",51,36,71,171
"Nkrf",6,3,16,19
"Septin6",3,3,2,15
"Rpl39",1,5,12,1
"Upf3b",349,184,294,830
"Nkap",35,17,21,68
"Akap14",1,0,0,0
"Ndufa1",4,7,6,8
"Rnf113a1",2,1,1,1
"Zbtb33",15,10,9,25
"Tmem255a",96,37,53,171
"Lamp2",197,112,161,446
"Gm7598",9,1,4,11
"Cul4b",92,45,78,199
"Mcts1",134,121,103,277
"C1galt1c1",10,6,10,15
"6030498E09Rik",0,0,1,1
"Gm14643",0,0,1,3
"Gria3",234,348,665,1016
"Thoc2",456,234,324,809
"Xiap",100,72,90,239
"Stag2",395,192,344,872
"Sh2d1a",0,0,1,0
"Tenm1",43,15,85,80
"Dcaf12l1",2,7,0,6
"Gm29242",1,1,6,0
"Smarca1",98,51,216,277
"Ocrl",383,273,461,1172
"Apln",0,1,0,1
"Sash3",2,0,0,0
"Zdhhc9",15,16,19,53
"Utp14a",41,25,39,88
"Bcorl1",66,50,78,159
"Elf4",14,12,24,45
"Aifm1",37,22,33,89
"Rab33a",2,2,0,7
"Zfp280c",105,85,118,310
"Slc25a14",26,16,25,76
"Gpr119",5,17,4,13
"Rbmx2",4,14,4,22
"Enox2",170,103,162,448
"Arhgap36",1,3,0,5
"Igsf1",11,11,4,35
"Or11n2",19,6,5,33
"Gm35612",17,18,16,40
"Firre",425,239,350,933
"Stk26",46,49,40,112
"Rap2c",12,6,18,21
"Mbnl3",1,0,0,0
"Hs6st2",2,2,2,7
"Gpc4",406,257,406,1234
"Gpc3",0,3,0,1
"Ccdc160",3,3,0,21
"Phf6",30,18,34,79
"Hprt",89,55,73,213
"C430049B03Rik",0,1,0,0
"Fam122b",4,3,10,27
"Mospd1",3,4,0,11
"4933416I08Rik",0,0,0,0
"Rtl8a",5,3,1,2
"Rtl8b",1,1,2,0
"AW822252",3,2,2,10
"Zfp449",7,9,8,20
"Smim10l2a",2,3,4,10
"Ints6l",372,180,321,1079
"Gm648",0,0,0,0
"Mmgt1",4,2,1,12
"Slc9a6",57,26,60,129
"Fhl1",275,131,337,782
"Map7d3",14,5,15,15
"Adgrg4",2,1,0,6
"Htatsf1",37,45,38,128
"Arhgef6",5,4,14,22
"Rbmx",60,36,59,136
"Fgf13",4,1,0,0
"Mcf2",0,3,0,0
"Atp11c",78,33,55,185
"Cdr1os",12,0,3,7
"Fmr1",113,46,56,262
"Styx-ps",0,0,0,1
"Aff2",617,364,551,1380
"1700111N16Rik",1,5,22,9
"Ids",52,34,57,129
"Eola1",1,0,1,1
"Tmem185a",12,11,21,53
"Mamld1",9,20,16,35
"Mtm1",47,32,54,117
"Mtmr1",84,53,106,280
"Cd99l2",48,37,71,134
"Gm16189",0,3,0,4
"Hmgb3",8,4,8,24
"Vma21",19,5,21,53
"Gm1141",0,0,0,2
"Prrg3",0,0,1,0
"Gabre",1,5,9,16
"Cetn2",3,3,4,9
"Nsdhl",7,4,12,21
"Zfp185",6,0,3,6
"Xlr4a",0,1,0,3
"Xlr3a",28,11,24,51
"Xlr5a",2,4,5,7
"Pwwp4a",1,2,1,1
"Pwwp4b",0,2,2,1
"Xlr3b",13,0,7,22
"Xlr4b",19,4,2,6
"F8a",2,2,0,4
"Zfp275",28,16,30,62
"Gm26726",0,0,0,1
"Zfp92",47,33,37,102
"Haus7",11,7,15,32
"Bgn",0,0,0,1
"Pnck",3,3,5,22
"Gm32261",1,1,1,8
"Slc6a8",29,7,18,76
"Bcap31",31,26,40,84
"Abcd1",25,26,28,57
"Plxnb3",1,0,0,0
"Srpk3",0,0,1,0
"Idh3g",29,18,18,53
"Ssr4",46,46,65,131
"Pdzd4",69,58,79,202
"Gm14817",2,2,1,7
"L1cam",5,1,1,6
"Arhgap4",3,1,5,8
"Naa10",12,7,10,23
"Renbp",1,2,2,3
"Hcfc1",62,36,63,148
"Irak1",117,75,104,244
"Mecp2",318,218,349,764
"Flna",4,6,11,42
"Emd",64,31,92,218
"Rpl10",83,53,92,212
"Dnase1l1",4,1,1,9
"Tafazzin",84,58,62,247
"Atp6ap1",36,25,44,83
"Gdi1",92,71,61,195
"Fam50a",34,20,32,69
"Plxna3",13,5,8,22
"Lage3",9,5,5,23
"Ubl4a",7,5,7,9
"Slc10a3",1,1,2,4
"Fam3a",15,10,11,29
"Ikbkg",40,23,39,86
"G6pdx",3,5,10,17
"Gab3",26,15,42,72
"Dkc1",6,8,21,20
"Mpp1",5,5,4,20
"Smim9",3,1,1,4
"F8",107,84,139,284
"Fundc2",8,12,3,20
"Cmc4",22,6,14,40
"Mtcp1",9,10,25,27
"Brcc3",58,35,40,140
"Vbp1",31,18,26,63
"Rab39b",11,5,12,15
"4933407K13Rik",31,8,28,59
"Pls3",34,18,24,42
"Tbl1x",1193,394,888,2389
"Prkx",58,12,45,124
"Prrg1",0,6,0,3
"Cfap47",66,32,48,101
"Mageb16",1,0,0,0
"Tmem47",2,0,0,0
"Dmd",72,48,98,181
"Tab3",45,32,30,89
"Gk",4,5,5,18
"Gm56680",0,0,0,2
"Tasl",0,0,0,0
"Il1rapl1",2,0,2,6
"Gm27000",0,0,0,1
"Mageb18",5,1,0,0
"Arx",1,2,0,3
"Pola1",132,80,103,280
"Pcyt1b",152,125,166,412
"Pdk3",78,24,63,153
"Gm14798",4,4,3,3
"Zfx",120,64,72,213
"Eif2s3x",25,18,14,54
"Klhl15",49,29,50,114
"Apoo",27,19,34,83
"Gm14827",0,1,3,9
"Maged1",182,188,155,523
"Gspt2",8,5,8,24
"Zxdb",7,2,7,12
"Gm39526",4,8,7,8
"Spin4",0,2,0,2
"Arhgef9",71,62,95,160
"Amer1",14,16,29,62
"Zc4h2",2,1,1,5
"Zc3h12b",441,211,430,934
"Las1l",76,43,62,173
"Msn",0,1,0,0
"Heph",1,0,0,0
"Eda2r",2,3,0,8
"Ar",0,0,1,1
"Ophn1",156,97,132,417
"Yipf6",36,22,31,107
"Stard8",30,17,25,70
"Efnb1",4,4,6,14
"Pja1",25,11,29,78
"Nalf2",13,12,7,28
"Eda",334,183,338,741
"Awat2",4,6,6,13
"Igbp1",39,24,27,89
"Pdzd11",12,6,11,21
"Kif4",0,7,0,0
"Dlg3",102,46,76,180
"Tex11",1,0,5,16
"Slc7a3",2,2,1,3
"Snx12",43,42,41,118
"Foxo4",8,5,3,8
"Gm614",0,0,0,0
"Il2rg",0,0,0,1
"Med12",120,51,92,225
"Nlgn3",7,4,18,28
"Zmym3",33,19,44,86
"Nono",69,54,59,162
"Itgb1bp2",4,3,11,11
"Taf1",291,145,265,690
"Ogt",391,207,301,838
"Nhsl2",15,13,4,13
"Rtl5",34,26,33,88
"Pin4",2,5,5,8
"Rps4x",9,23,25,20
"Cited1",0,0,1,0
"Gm14858",5,4,17,34
"Hdac8",439,218,438,1058
"Phka1",166,133,151,389
"Dmrtc1a",1,6,4,7
"Gm39529",0,1,5,3
"Nap1l2",6,2,7,12
"Cdx4",2,1,0,0
"Chic1",1625,788,1318,3458
"Gm26952",3,1,0,6
"Tsx",16,5,16,74
"Tsix",3,0,1,34
"Xist",4,2,2,3
"Jpx",46,36,58,125
"Ftx",235,163,211,640
"Zcchc13",1,0,0,1
"Slc16a2",21,16,36,61
"Rlim",154,82,149,374
"Nexmif",25,11,41,85
"Abcb7",107,63,107,231
"Uprt",10,7,5,10
"Zdhhc15",41,24,65,122
"5530601H04Rik",33,25,32,107
"Pbdc1",29,38,56,114
"Magee1",3,1,0,7
"5330434G04Rik",318,294,267,742
"Atrx",1098,577,1054,2591
"Magt1",62,131,84,197
"Cox7b",12,14,14,27
"Atp7a",236,148,184,559
"Tlr13",1,0,0,0
"Pgk1",14,9,18,54
"Taf9b",10,3,5,18
"Cysltr1",0,0,0,2
"Gm5127",0,0,0,0
"Lpar4",0,0,0,0
"P2ry10",0,0,0,0
"P2ry10b",0,0,0,0
"Gpr174",1,0,0,0
"Itm2a",0,0,0,1
"Chmp1b2",29,16,27,53
"Tent5d",6,15,5,13
"Brwd3",107,57,76,227
"2810403D21Rik",61,53,59,154
"Hmgn5",12,12,9,19
"Sh3bgrl",78,47,57,171
"Gm6377",0,0,0,1
"Gm44593",0,0,0,0
"Rps6ka6",11,2,3,9
"Hdx",36,12,17,79
"Gm45194",9,3,0,13
"Apool",23,19,29,92
"Zfp711",1,0,0,0
"Chm",188,101,174,394
"Dach2",474,299,445,849
"Klhl4",0,0,0,0
"Pabpc5",1,4,0,4
"Pcdh11x",0,1,0,1
"Nap1l3",16,5,12,28
"Cldn34c1",14,8,13,19
"Diaph2",602,348,533,1427
"Pcdh19",0,3,0,1
"Tspan6",3,0,0,1
"Srpx2",0,0,0,0
"Sytl4",82,76,38,322
"Cstf2",28,17,16,55
"Nox1",15,13,38,68
"Xkrx",0,0,1,2
"Arl13a",0,2,2,2
"Trmt2b",31,45,66,124
"Tmem35a",0,0,0,0
"Cenpi",0,2,0,1
"Drp2",0,0,1,0
"Timm8a1",1,2,3,3
"Btk",1,1,0,0
"Rpl36a",0,1,6,0
"Gla",29,6,16,80
"Hnrnph2",93,36,69,222
"B230119M05Rik",1,1,0,0
"Armcx4",97,31,61,148
"Armcx1",35,22,31,92
"Armcx6",11,5,8,19
"Armcx3",69,41,56,156
"Armcx2",23,13,9,37
"Zmat1",109,38,108,231
"Gm56682",0,1,0,0
"3632454L22Rik",1,0,0,0
"Nxf7",0,0,0,4
"Armcx5",45,25,68,157
"Gprasp1",416,221,312,954
"Bhlhb9",56,33,55,124
"Gprasp2",93,50,73,216
"Arxes2",0,3,3,4
"Arxes1",1,0,4,1
"Bex2",67,36,33,145
"Nxf3",0,0,0,2
"Bex4",17,5,7,29
"Tceal8",7,13,16,33
"Tceal5",0,1,0,0
"Bex1",20,7,20,60
"Tceal7",2,0,1,3
"Tceal9",151,49,96,306
"Bex3",71,30,49,189
"Tceal3",15,15,23,60
"Tceal1",4,0,4,6
"Morf4l2",226,174,226,704
"BC065397",59,40,43,129
"Glra4",1,0,0,4
"Plp1",19,11,26,58
"Rab9b",4,2,8,4
"Tmsb15b2",4,5,3,15
"Tmsb15b1",1,1,2,3
"Slc25a53",27,29,30,102
"Zcchc18",80,49,53,219
"Fam199x",18,12,13,38
"Il1rapl2",1,1,1,2
"Nrk",15,1,2,1
"Serpina7",5,13,21,6
"Pwwp3b",227,112,157,586
"Platr21",0,0,0,0
"Radx",4,7,4,11
"Rnf128",63,39,79,199
"Tbc1d8b",120,69,99,308
"Morc4",9,9,11,21
"Rbm41",26,21,32,44
"Nup62cl",0,1,0,5
"Dnaaf6b",0,0,0,1
"Frmpd3",0,0,0,0
"Prps1",22,22,8,36
"Tsc22d3",68,20,27,109
"Mid2",167,88,102,297
"Vsig1",2,2,5,10
"Psmd10",2,3,0,0
"Atg4a",277,115,128,554
"Col4a5",18,4,12,18
"Nxt2",3,2,3,13
"Acsl4",103,60,93,280
"Tmem164",296,264,273,784
"Ammecr1",31,11,25,80
"Pak3",173,281,241,494
"Capn6",1,1,0,3
"Dcx",27,19,29,45
"Alg13",27,17,30,82
"Trpc5",83,45,58,123
"Rtl4",793,325,844,1393
"Amot",0,0,3,4
"Htr2c",0,0,0,1
"Lrch2",61,48,93,174
"Gm15091",1,1,3,0
"Tmem29",24,35,24,59
"Apex2",146,145,187,422
"Alas2",0,3,1,4
"Pfkfb1",5,7,6,19
"Tro",10,9,7,20
"Maged2",17,15,11,38
"Gnl3l",84,51,70,200
"Fgd1",17,22,22,50
"Tsr2",25,8,17,53
"Gm15138",1,0,0,2
"Wnk3",82,54,62,246
"A230072E10Rik",32,37,50,97
"Fam120c",198,132,250,533
"Phf8",130,81,130,332
"Huwe1",1009,550,785,2090
"Hsd17b10",6,0,1,5
"Ribc1",5,0,2,4
"Smc1a",180,80,125,397
"Iqsec2",57,58,80,138
"Kdm5c",251,131,205,643
"Kantr",88,76,103,250
"Tspyl2",118,69,112,313
"Gpr173",16,12,13,43
"3010001F23Rik",25,25,18,58
"Shroom2",165,72,125,385
"Gpr143",0,0,0,0
"Usp51",9,12,21,60
"Mageh1",1,12,7,20
"9530051G07Rik",5,2,12,26
"Foxr2",0,0,2,0
"Rragb",133,119,172,415
"Klf8",59,54,56,174
"Ubqln2",15,28,15,21
"Kctd12b",27,24,53,83
"Gm45022",4,2,1,6
"Nbdy",37,44,33,101
"Spin2c",2,0,0,0
"Sat1",40,21,45,126
"Acot9",14,6,14,19
"Prdx4",3,1,1,1
"Ptchd1",1,0,0,0
"Gm15155",2,0,1,0
"Phex",4,3,5,14
"Sms",56,30,48,126
"Mbtps2",68,49,85,220
"Gm15169",0,0,0,4
"Cnksr2",0,0,0,0
"Rps6ka3",309,171,315,655
"Eif1ax",17,9,14,28
"Map7d2",81,21,59,148
"Bclaf3",49,20,29,111
"Sh3kbp1",265,148,126,474
"Map3k15",712,311,494,1678
"Pdha1",52,26,31,117
"Adgrg2",0,0,0,0
"Phka2",85,47,78,227
"Gm15243",3,0,0,0
"Rs1",0,1,1,1
"Cdkl5",153,93,112,362
"Gja6",0,0,1,2
"Scml2",15,5,5,13
"Rai2",150,190,238,633
"Nhs",8,12,5,10
"Reps2",166,103,173,537
"Gm15201",1,0,0,0
"Rbbp7",108,45,77,243
"Txlng",113,80,106,261
"Syap1",94,40,69,191
"Ctps2",165,100,156,443
"Grpr",5,3,4,19
"Rnf138rt1",4,5,7,11
"Ap1s2",531,295,454,1399
"Zrsr2",24,22,26,60
"Gm56686",10,9,14,23
"Car5b",0,0,0,0
"Siah1b",5,5,2,16
"Cltrn",483,402,622,1079
"Ace2",125,99,212,301
"Bmx",0,0,1,0
"Pir",11,5,31,35
"Vegfd",2,0,2,4
"Piga",23,10,14,79
"Asb11",1,4,1,9
"Mospd2",142,70,110,287
"Fancb",2,0,0,0
"Gemin8",15,15,9,28
"Gpm6b",0,4,7,6
"Ofd1",122,89,96,267
"Trappc2",5,8,14,18
"Rab9",17,6,15,27
"Tceanc",8,5,12,25
"Gm56688",1,1,1,0
"Egfl6",0,0,1,0
"Gm1720",0,0,0,0
"Gm8817",0,0,0,0
"Gm15232",0,0,0,1
"Gm15228",0,0,0,0
"Tmsb4x",4,6,9,10
"Tlr8",0,0,0,0
"Tlr7",0,0,0,0
"Prps2",9,5,7,16
"Frmpd4",817,494,826,2261
"Msl3",21,16,15,48
"Arhgap6",310,156,266,685
"Gm15261",21,5,16,26
"Amelx",0,0,0,1
"Hccs",20,7,18,61
"Gm15246",15,6,15,45
"Mid1",631,367,741,1667
"G530011O06Rik",0,0,0,3
"Gm15726",1,1,0,10
"Gm15247",0,1,0,3
"Gm55594",0,1,1,10
"Asmt",5,0,2,4
"Kdm5d",119,70,88,229
"Eif2s3y",122,106,137,427
"Gm29650",1,1,4,7
"Tspy-ps",0,0,0,0
"Uty",408,243,357,939
"Ddx3y",257,99,262,646
"Gm47283",30,106,80,1235
"mt-Nd1",2115,1491,2604,3681
"mt-Nd2",843,659,1115,1448
"mt-Co1",3569,2979,4330,5503
"mt-Co2",2916,2337,3659,5173
"mt-Atp8",150,140,203,250
"mt-Atp6",3465,2648,3665,5827
"mt-Co3",3955,3726,4656,7326
"mt-Nd3",342,174,496,442
"mt-Nd4l",229,123,237,258
"mt-Nd4",2070,1592,2809,3609
"mt-Nd5",1013,849,1227,1606
"mt-Nd6",37,23,45,45
"mt-Cytb",1751,1374,2308,2849
"ENSMUSG00000079800",0,1,0,0
"ENSMUSG00000079190",0,0,2,1
"ENSMUSG00000079808",0,0,0,0
"Csprs",0,0,0,0
"ENSMUSG00000096808",1,1,0,0
"ENSMUSG00000095742",1,0,3,10
"ENSMUSG00000095041",1362,783,1201,4002
