,AL.oldAL1,AL.oldAL2,CR.oldCR1,CR.oldCR2
Xkr4,4746,6328,4888,8646
Gm1992,23,53,41,54
Gm19938,146,152,126,298
Rp1,4,5,7,12
Sox17,2,2,0,2
Mrpl15,26,59,37,73
Lypla1,214,352,213,451
Tcea1,550,590,572,1062
Rgs20,594,1137,990,1040
Atp6v1h,856,827,986,1896
4732440D04Rik,45,128,101,80
Rb1cc1,1481,1341,1378,2580
St18,4303,4585,4718,11264
Gm57122,4,7,12,16
Pcmtd1,639,762,677,1271
Gm26901,50,85,30,79
Sntg1,1059,1030,285,1304
Rrs1,14,13,8,11
Adhfe1,12,4,12,16
2610203C22Rik,4,12,15,32
Mybl1,37,31,52,70
Vcpip1,275,298,274,556
1700034P13Rik,11,10,10,17
Sgk3,529,810,636,1320
Snhg6,19,41,27,60
Mcmdc2,19,19,6,30
Tcf24,7,34,22,13
Ppp1r42,18,36,23,21
Cops5,222,343,289,534
Cspp1,2479,3223,2528,4985
Arfgef1,2053,2188,1745,3646
Cpa6,25,31,5,30
Prex2,25,25,0,36
A830018L16Rik,5,6,6,21
Sulf1,1,3,0,2
Slco5a1,5,25,5,29
Ncoa2,3271,3677,2925,6595
Gm29570,3,3,3,9
Tram1,840,998,944,1772
Gm57152,1,4,2,3
Lactb2,192,331,201,481
Eya1,595,594,381,1089
Trpa1,2,7,1,1
Kcnb2,3422,3072,1606,5283
Terf1,296,336,297,517
Sbspon,1,4,1,3
4930444P10Rik,6,3,5,11
Rpl7,120,270,182,171
Rdh10,111,130,101,135
Gm28095,2,8,6,10
Stau2,2259,2906,1962,4560
Gm7568,4,6,4,18
Ube2w,673,906,754,1656
Eloc,162,155,147,338
Tmem70,17,40,35,40
Ly96,90,93,115,136
Gm28376,7,6,9,14
Jph1,37,17,42,99
Gdap1,182,329,243,382
Pi15,0,1,0,4
Gm28154,0,0,0,0
Gm16070,0,2,0,1
Crispld1,1,0,0,2
Pkhd1,1115,1035,1329,2141
4930486I03Rik,4,3,8,3
Mcm3,4,4,0,6
6720483E21Rik,2,1,5,8
Paqr8,88,79,149,194
Efhc1,103,77,136,220
Tram2,245,128,207,587
Tmem14a,3,8,8,7
Gsta3,5,3,6,10
Kcnq5,123,88,12,63
Rims1,39,93,33,83
Gm29506,6,5,24,25
Gm27028,0,1,0,0
Gm29107,6,13,7,14
Ogfrl1,34,22,7,53
B3gat2,1,9,4,1
Smap1,530,629,513,1016
Sdhaf4,19,30,21,21
Fam135a,1457,1624,1364,2834
Col19a1,4,8,1,12
Lmbrd1,1074,946,1083,2599
Adgrb3,5568,8138,5504,9644
Phf3,1517,1275,1368,2657
Ptp4a1,62,55,65,103
Ptp4a1.1,6,9,11,8
4931428L18Rik,2,2,1,1
Khdrbs2,358,376,232,495
Gm37724,7,4,3,7
Prim2,296,292,302,547
Gm57180,3,3,0,4
Rab23,81,81,93,157
Bag2,41,41,66,121
Zfp451,462,514,442,879
Bend6,3,0,0,0
Dst,10279,9777,7298,18502
Gm26788,15,14,19,27
Gm37233,19,22,13,24
Ccdc115,12,33,14,23
Imp4,49,62,58,98
Ptpn18,24,59,37,58
Gm28417,1,2,0,4
Amer3,14,10,2,16
Arhgef4,2,11,9,8
Gm38336,3,2,5,3
Fam168b,437,393,482,1126
Plekhb2,153,209,143,304
Hs6st1,572,502,400,792
Uggt1,913,1321,1026,2158
Neurl3,31,12,17,15
Arid5a,105,36,63,267
4930403P22Rik,3,3,3,4
Kansl3,314,339,245,614
Fer1l5,5,4,4,7
Lman2l,176,196,196,351
Cnnm4,83,86,54,168
Cnnm3,175,190,154,278
Gm38033,0,1,1,2
Ankrd23,40,48,28,73
Ankrd39,54,97,63,157
Sema4c,23,37,30,46
D430040D24Rik,10,9,11,8
Fam178b,1,2,3,7
Cox5b,26,26,47,64
Actr1b,244,214,197,501
4933424G06Rik,12,14,8,22
Gm33533,5,12,5,4
Zap70,8,16,2,4
Tmem131,1282,1228,1216,2367
Gm38115,47,47,29,89
Vwa3b,70,45,119,163
Inpp4a,1878,1830,1496,3142
4930439A04Rik,3,1,2,2
Coa5,13,25,27,36
Unc50,81,93,88,184
Mgat4a,197,159,100,233
Cracdl,179,228,150,278
Tsga10,223,148,149,274
Gm26805,2,1,3,2
Lipt1,3,6,4,6
Mitd1,91,133,119,229
Mrpl30,28,47,39,59
Txndc9,100,119,130,271
Eif5b,782,890,689,1335
Rev1,1150,969,1043,2357
Gm37062,3,0,1,3
Aff3,263,238,4,42
Gm16152,4,1,3,0
Lonrf2,576,768,555,1260
Chst10,94,67,78,118
Pdcl3,29,37,36,59
Npas2,85,62,44,48
Rpl31,104,139,128,168
Tbc1d8,431,519,472,830
Cnot11,69,52,47,108
Gm15832,15,25,8,18
Rnf149,137,186,101,219
Creg2,3,9,6,6
Rfx8,61,107,111,143
Map4k4,1521,1722,1267,2941
Il1r2,39,26,15,22
Gm16894,54,90,104,145
Il1r1,3365,2914,2922,8721
Il1rl2,12,9,17,26
Il18r1,31,14,0,4
Slc9a2,0,2,0,1
Mfsd9,2,4,1,9
Mrps9,328,432,408,822
Gpr45,68,60,26,73
Tgfbrap1,264,337,255,492
8430432A02Rik,4,10,3,4
AI597479,86,122,63,127
Fhl2,231,105,310,863
Nck2,318,468,316,618
Gm29155,2,2,4,5
Uxs1,254,287,218,491
Gm57117,1,6,2,1
Tpp2,864,993,841,1933
Mettl21c,3,4,8,14
Gm8251,6,21,10,19
Tex30,56,47,60,93
Poglut2,65,83,72,142
Bivm,73,98,87,129
Ercc5,326,379,265,580
Gulp1,0,4,1,12
Col3a1,2,1,0,0
Col5a2,1,1,0,1
Wdr75,191,295,152,363
Slc40a1,293,220,238,775
Dnah7b,198,74,184,335
Dnah7c,15,13,11,22
Slc39a10,59,138,67,97
Gm28151,8,6,2,5
Tmeff2,2,2,0,2
Cavin2,3,1,0,1
Nabp1,27,44,17,14
Gm17767,0,6,0,3
Gm28055,33,22,44,123
Myo1b,1548,1582,1672,3160
Gm29453,18,22,13,36
Gm28323,18,14,18,21
Stat4,93,156,32,49
Gm31812,5,12,4,18
Stat1,289,252,269,474
Gls,6599,5140,6191,11665
Nab1,195,206,194,423
Gm53065,4,2,8,15
Nemp2,67,63,53,98
Mfsd6,453,497,533,958
Gm29670,6,6,3,2
Inpp1,123,159,131,206
Hibch,207,310,277,413
1700019D03Rik,184,281,393,411
Mstn,5,10,2,2
1700019A02Rik,5,3,9,9
Pms1,191,144,165,324
Ormdl1,9,22,18,22
Osgepl1,97,125,89,157
ENSMUSG00000121346,18,32,27,25
Asnsd1,29,45,18,40
Dnah7a,2,0,0,7
Stk17b,99,104,18,27
Hecw2,29,34,0,27
Ccdc150,26,21,19,48
Gtf3c3,333,338,351,710
Pgap1,1307,1305,1339,2678
Ankrd44,3714,3321,3389,6530
4930444A19Rik,79,91,129,183
Sf3b1,2218,1775,1780,4487
Coq10b,474,329,637,1865
Hspd1,278,401,187,446
Hspe1,72,256,81,127
Mob4,377,442,573,971
Rftn2,5,3,1,6
Gm10561,0,1,0,0
Mars2,14,16,15,38
Boll,18,13,16,26
Plcl1,367,275,252,554
Satb2,13,12,14,36
1700066M21Rik,11,26,20,18
Tyw5,71,84,66,99
Maip1,37,46,43,59
Spats2l,131,63,76,242
Kctd18,73,118,93,212
Sgo2a,3,2,5,4
Aox1,144,121,110,262
Aox2,2,3,3,8
Bzw1,540,324,394,959
Clk1,3021,2234,2776,6168
Ppil3,35,50,40,57
Nif3l1,32,52,33,52
Orc2,224,302,270,511
Gm15834,53,147,124,182
Hycc2,331,376,336,731
Ndufb3,29,47,33,40
Flacc1,2,2,6,5
Gm20257,5,10,11,25
Cflar,303,467,389,668
Casp8,128,137,91,187
Trak2,281,299,275,559
Stradb,73,98,77,140
C2cd6,3,3,9,17
Tmem237,56,74,58,128
G730003C15Rik,3,9,0,6
Mpp4,11,6,16,47
Als2,536,445,586,1170
Gm33667,2,12,2,4
Cdk15,2,2,0,2
Fzd7,2,2,1,1
Gm973,5,7,6,21
Sumo1,926,786,1059,2279
Nop58,431,461,529,1177
B430105G09Rik,4,5,1,7
Bmpr2,1202,1259,1263,2388
Fam117b,1201,712,1107,2700
Ica1l,81,41,30,143
Wdr12,106,180,116,243
Carf,266,350,294,482
Nbeal1,1570,1695,1410,2757
Cyp20a1,185,257,217,422
Abi2,706,807,719,1502
Raph1,69,62,57,109
Cd28,47,75,0,1
Ctla4,39,61,1,0
Gm11588,2,10,3,1
Pard3b,2740,2867,2602,6101
Pard3bos1,12,26,11,31
Pard3bos3,6,4,2,7
Nrp2,23,13,6,23
Ino80d,830,891,727,1456
Ino80dos,305,340,320,532
Gm20342,202,280,166,337
Ndufs1,322,434,325,531
Eef1b2,97,199,161,198
Cmklr2,27,22,40,30
Zdbf2,2247,1913,2313,5347
Adam23,168,230,250,397
Mdh1b,9,23,30,12
Fastkd2,81,88,65,150
Klf7,1133,1113,1396,2745
Gm13748,3,9,3,16
Gm28981,9,18,16,19
Creb1,798,929,724,1566
Mettl21a,46,53,53,60
Gm28982,5,3,2,12
Ccnyl1,125,160,129,301
Fzd5,11,1,3,16
Plekhm3,746,842,752,1485
D630023F18Rik,3,13,4,10
Idh1,74,105,93,130
Pikfyve,565,770,557,1082
Pth2r,2,2,1,4
Map2,6251,6902,6813,13374
Gm10558,9,17,22,41
Unc80,4964,4728,4411,8721
Rpe,119,138,134,291
Kansl1l,807,750,903,1790
Gm57189,45,65,63,122
Acadl,218,206,291,368
Lancl1,244,249,254,470
Erbb4,9,6,3,5
Gm29114,1,3,4,5
Ikzf2,889,938,727,1439
Gm29112,8,5,5,11
Gm28112,9,28,16,23
Spag16,23,5,8,10
Bard1,3,3,0,15
Atic,78,89,76,139
Fn1,1,0,1,0
4933417E11Rik,5,8,10,31
4930556G22Rik,7,3,2,8
Mreg,49,37,9,38
Gm57184,49,86,26,76
Pecr,60,125,72,141
Tmem169,9,10,10,18
Xrcc5,581,668,576,1275
Marchf4,758,701,512,1284
Smarcal1,229,211,202,401
Rpl37a,122,247,238,157
Igfbp5,5,4,18,9
6030407O03Rik,0,0,0,1
Tns1,11,20,0,7
Arpc2,744,822,662,1310
Aamp,106,135,109,202
Pnkd,144,159,130,229
Tmbim1,87,113,113,178
Gm29358,22,19,14,33
Catip,8,1,0,1
Slc11a1,3,1,1,0
Ctdsp1,37,44,33,72
Vil1,70,42,24,56
Usp37,975,696,1012,2446
Cnot9,118,154,147,282
Plcd4,10,17,17,32
Zfp142,136,217,124,264
Bcs1l,30,67,42,60
Rnf25,237,312,306,548
Stk36,69,75,83,121
Ttll4,205,251,177,359
Cyp27a1,7,14,17,9
Wnt10a,1,0,0,1
Gm16582,6,13,3,13
Cdk5r2,14,13,1,13
Fev,18,32,23,18
Cryba2,219,310,263,460
Cfap65,5,4,8,11
Nhej1,117,119,111,216
Slc23a3,6,6,4,19
Cnppd1,65,69,72,105
Retreg2,124,114,102,212
Zfand2b,47,61,30,102
Abcb6,14,11,16,26
Atg9a,100,107,85,203
Ankzf1,122,151,97,213
Glb1l,88,110,119,219
Stk16,132,153,132,268
Tuba4a,156,80,70,214
A630095N17Rik,6,1,0,4
Dnajb2,286,285,387,824
Ptprn,837,1187,823,1885
Gm28294,26,22,16,81
Resp18,973,846,1855,2214
Gm28902,1,2,0,3
Dnpep,99,140,88,192
Des,1,0,0,1
Speg,54,24,32,64
Gmppa,188,283,210,374
Asic4,2,2,3,7
Chpf,42,47,40,77
Obsl1,65,80,46,134
Tmem198,102,87,75,223
Inha,157,223,140,286
Stk11ip,69,58,56,103
Slc4a3,215,339,197,428
Epha4,12,33,15,15
Sgpp2,947,1375,981,1596
Gm28410,18,18,14,20
Farsb,345,440,353,791
5730419F03Rik,0,1,1,0
Acsl3,72,79,54,113
Utp14b,56,46,30,23
Gm29536,5,1,2,8
Kcne4,2,1,0,0
Scg2,1270,1983,2762,2525
Ap1s3,383,501,398,785
Wdfy1,417,441,396,762
Mrpl44,7,13,4,15
Serpine2,32,35,47,107
Cul3,1392,1134,1303,2821
1700016L21Rik,100,114,129,220
Gm45261,2,6,2,6
Dock10,534,398,72,309
Nyap2,28,14,12,57
Irs1,122,133,108,253
Rhbdd1,446,499,521,1132
Gm28940,4,8,11,17
Col4a4,21,8,23,34
Col4a3,9,8,1,2
C430014B12Rik,3,0,0,1
Mff,305,307,370,705
Gm28941,4,7,4,12
Agfg1,1692,1583,1712,3616
A030005L19Rik,1,6,2,4
Slc19a3,1,1,3,5
Daw1,2,5,4,6
Sphkap,7805,7755,5542,13390
4933436I20Rik,5,12,11,13
Pid1,1559,1807,1563,2832
Dner,263,170,231,287
Trip12,2408,2179,2152,4495
Fbxo36,273,360,312,585
Slc16a14,4,2,3,6
C130026I21Rik,15,14,7,11
A530032D15Rik,10,1,0,1
A530040E14Rik,1,1,0,0
Gm7609,0,1,1,2
Gm16028,0,2,0,0
Gm16092,6,2,1,4
Sp110,21,13,0,1
Sp140,18,17,10,18
Gm10552,6,1,2,4
Sp100,86,81,0,4
A630001G21Rik,23,23,0,3
Cab39,561,565,508,1215
Itm2c,326,297,463,707
4933407L21Rik,0,0,0,1
Gpr55,1,3,3,0
2810459M11Rik,7,3,0,6
Psmd1,469,660,519,1036
Htr2b,2,7,5,3
Armc9,654,876,720,1228
Gm16341,6,3,1,4
Ncl,1047,693,885,1694
C130036L24Rik,15,11,12,31
Nmur1,0,0,1,2
Gm57170,7,9,14,12
Gm57144,3,5,4,3
Ptma,1556,745,1116,2906
Pde6d,160,247,252,431
Cops7b,72,106,63,122
Dis3l2,1420,1491,1646,2856
Gm29055,35,38,36,59
Gm28375,57,75,67,113
Eif4e2,291,233,298,641
Efhd1,1,1,0,0
Gigyf2,1470,1599,1315,2677
Kcnj13,11,15,18,31
Ngef,56,76,90,80
Neu2,22,37,26,56
Inpp5d,105,107,0,23
Atg16l1,433,505,461,876
Sag,20,21,16,44
Dgkd,948,1066,849,1603
Gm19582,1,0,1,0
Usp40,667,796,620,1235
Gm20528,10,15,18,26
Ugt1a7c,2,5,4,7
Ugt1a6a,8,8,10,24
Ugt1a5,3,1,4,2
Dnajb3,4,7,5,6
Mroh2a,2,2,2,10
Hjurp,277,274,254,538
Trpm8,3,6,4,5
Arl4c,16,18,3,20
Gm57145,1,2,0,1
Sh3bp4,912,1424,994,1822
Agap1,4625,5231,3639,8606
Gm41914,2,1,0,8
Gm28499,4,2,2,5
4933400F21Rik,13,50,18,53
Asb18,0,0,0,2
Ackr3,3,2,0,0
Cops8,166,136,181,435
Col6a3,1,2,0,2
Mlph,5,27,0,3
Rab17,0,0,0,0
Lrrfip1,66,73,2,26
Ramp1,30,42,20,69
Ube2f,378,420,385,831
Scly,610,641,463,986
Gm17090,20,50,27,47
Espnl,63,42,51,106
Klhl30,0,0,0,7
Erfe,1,0,1,2
Ilkap,349,416,294,686
Hes6,26,25,13,54
Gm57139,1,1,1,1
Per2,1077,612,792,3119
Traf3ip1,141,172,129,213
Asb1,54,65,33,101
Hdac4,1233,1396,835,2053
Gm35992,1,1,0,4
Ndufa10,247,206,224,457
Cops9,16,30,21,48
Gpc1,15,8,5,14
Ankmy1,9,5,7,16
Dusp28,5,6,6,6
5033417F24Rik,2,4,4,0
Rnpepl1,123,190,125,216
9430060I03Rik,6,16,16,19
Capn10,98,117,94,171
Gpr35,16,12,13,38
Kif1a,1320,1124,1000,2322
Crocc2,3,6,3,11
Sned1,611,435,334,806
Mterf4,30,48,34,60
Gm28535,3,4,3,6
Pask,26,24,15,35
Ppp1r7,125,138,122,232
Ano7,15,23,22,27
Hdlbp,1903,2542,1543,3919
Septin2,67,76,87,173
Farp2,365,519,403,740
Stk25,340,346,224,521
Bok,6,2,4,3
Thap4,139,145,117,214
Gm10550,12,25,17,16
Atg4b,304,282,225,601
Dtymk,60,69,45,88
Ing5,117,107,113,279
D2hgdh,72,101,73,124
Gal3st2,2,0,2,1
Fam174a,94,141,113,329
St8sia4,33,54,1,11
Slco4c1,0,2,3,1
Panct2,13,15,16,40
ENSMUSG00000121413,5,3,0,1
Macir,88,114,63,107
Ppip5k2,600,520,471,1137
Gin1,113,135,134,204
Pam,6957,10049,8523,20373
B230216N24Rik,97,149,133,339
1810006J02Rik,5,16,2,8
Gm7967,85,62,147,183
Cntnap5b,1087,1538,1102,2483
Gm28187,3,9,5,13
Cdh20,0,1,1,0
Rnf152,20,6,21,18
Gm28403,112,139,109,205
Pign,826,810,732,1450
Gm28404,12,16,20,31
Relch,1251,1354,1469,2841
Tnfrsf11a,23,28,19,30
Gm7160,79,96,87,174
Zcchc2,707,664,644,1356
Gm20753,5,3,4,7
Phlpp1,1624,1417,1253,2930
Bcl2,1115,1470,837,2220
D630008O14Rik,4,10,4,6
Kdsr,106,97,128,219
Vps4b,530,568,682,1435
Serpinb8,1,0,0,0
D830032E09Rik,12,33,13,102
Cdh7,18,19,7,27
Cdh19,1,0,0,1
Dsel,22,40,26,42
9330185C12Rik,3,1,0,6
Cntnap5a,4,8,4,7
Tsn,161,239,212,427
Nifk,70,73,76,120
Gm57162,2,5,3,3
Clasp1,1002,1054,941,2066
2900060B14Rik,11,18,7,31
Tfcp2l1,31,27,39,70
Gli2,7,7,8,15
Inhbb,3,4,0,6
Ralb,61,95,68,181
Gm27184,3,3,3,7
Tmem185b,8,8,11,9
Epb41l5,791,835,772,1446
Ptpn4,1832,1637,1657,3237
Tmem177,4,6,4,11
Cfap221,0,0,0,1
Sctr,0,0,0,2
Tmem37,2,4,5,5
Dbi,15,23,4,5
3110009E18Rik,21,25,39,49
Steap3,0,3,0,1
2610027F03Rik,1,1,1,2
Insig2,91,167,124,187
Ccdc93,227,263,256,445
Ddx18,217,199,191,271
Dpp10,10665,11320,12988,24384
Actr3,490,689,642,975
Gm57176,1,1,1,0
Slc35f5,276,291,292,510
Gpr39,854,1082,807,1555
Lypd1,1,3,7,6
Nckap5,65,180,236,115
Mgat5,1562,1857,1308,3212
Tmem163,2245,2817,1568,4249
2900009J06Rik,5,4,5,12
Ccnt2,1321,1714,1208,2963
Map3k19,15,24,3,13
Rab3gap1,1018,985,1080,2110
Zranb3,297,325,430,654
Gm28800,1,1,4,9
R3hdm1,1759,2056,1725,3772
Ubxn4,1460,1605,1475,2926
Lct,1,1,2,15
Mcm6,55,38,28,95
Dars,345,504,374,600
Cxcr4,3,3,0,2
Thsd7b,2,6,3,5
Gm15675,8,0,0,0
Cd55,34,16,0,4
Gm16083,10,5,11,5
Pfkfb2,440,560,419,786
Yod1,64,68,69,108
AA986860,13,17,15,30
Gm15848,1,3,2,0
Pigr,3,9,2,3
Fcmr,7,7,0,0
Il10,4,0,2,1
Mapkapk2,520,385,357,1075
Dyrk3,54,47,79,39
Eif2d,155,240,210,391
Rassf5,83,97,131,147
Ikbke,128,152,134,215
Srgap2,1840,1905,1490,3633
Gm29488,31,42,36,83
Fam72a,5,8,6,10
Avpr1b,103,162,68,133
Ctse,14,14,1,1
Rab7b,0,3,0,1
Slc41a1,47,53,42,98
Rab29,12,7,5,11
Nucks1,310,340,339,706
Elk4,255,282,263,604
Mfsd4a,9,23,18,35
Cdk18,44,80,35,50
Nuak2,110,152,111,226
F730311O21Rik,1,1,0,1
Tmcc2,115,101,74,143
Dstyk,426,488,433,829
6030442K20Rik,25,47,42,47
Rbbp5,168,200,123,267
Tmem81,12,0,6,15
Nfasc,2526,2450,2130,4721
Gm10538,4,9,1,12
Lrrn2,22,20,0,17
Mdm4,1197,1513,1226,2552
Pik3c2b,22,21,15,10
Gm28609,0,2,0,0
Ppp1r15b,166,135,137,244
Plekha6,1846,2257,1406,3110
Gm19461,29,37,22,94
Golt1a,6,20,20,30
Gm28040,6,4,7,7
Etnk2,13,32,14,71
Sox13,247,317,267,362
Snrpe,27,48,20,54
Zc3h11a,80,103,97,137
Zbed6,737,795,538,1147
Lax1,15,17,2,25
Atp2b4,984,1066,800,2024
Gm28441,0,2,1,0
Prelp,0,0,0,0
Gm19497,9,9,5,18
Btg2,1699,2378,2129,3748
Adora1,4,10,3,10
Ppfia4,4,2,3,11
Gm57107,4,5,2,8
Tmem183a,177,210,157,394
Cyb5r1,34,46,51,55
Adipor1,379,244,373,875
Platr1,4,3,3,13
Klhl12,541,441,538,1243
Rabif,38,89,52,64
Kdm5b,1179,1137,993,2092
Syt2,115,133,85,210
Ppp1r12b,2049,2423,2074,4373
Gm28892,6,12,12,6
Ube2t,33,23,19,42
Lgr6,0,3,2,2
Ptpn7,1,2,0,2
Arl8a,145,108,132,245
Gm15445,7,15,10,22
Gm26642,0,5,11,13
Elf3,56,20,40,85
Rnpep,146,166,153,257
Timm17a,73,94,108,164
Lmod1,0,2,0,0
Shisa4,6,4,2,9
Ipo9,453,481,433,755
Gm28277,3,8,2,2
Nav1,1413,1473,1161,2065
Gm4793,7,11,4,4
Gm57161,4,4,1,1
Csrp1,205,144,422,597
Phlda3,5,12,16,9
Lad1,2,0,0,0
Tmem9,50,54,63,94
Kif21b,41,39,8,29
Mroh3,2,0,0,0
Inava,1,4,0,1
Gm26781,3,5,3,10
Camsap2,787,611,583,1378
9230116N13Rik,9,12,11,25
Ddx59,23,35,35,67
Kif14,0,0,0,2
Zfp281,94,101,80,194
Gm19705,127,136,81,227
Nr5a2,9,17,10,18
Gm4258,32,27,5,45
Gm26930,3,0,0,4
Ptprc,299,307,0,14
Nek7,1133,1123,1124,2704
Gm28501,24,33,36,80
2310009B15Rik,7,27,20,31
Dennd1b,1431,1731,1458,3054
Crb1,23,30,2,12
Zbtb41,110,136,129,239
Aspm,7,3,7,6
Cfh,3,1,0,6
Kcnt2,5,1,1,7
4930590L20Rik,4,1,5,2
Cdc73,1233,1170,1371,2458
B3galt2,31,27,36,69
Glrx2,65,99,77,102
Ro60,375,422,546,823
Uchl5,77,120,99,224
Gm29170,24,33,29,38
Rgs2,194,226,105,285
Rgs13,5,2,0,8
Rgs1,7,38,1,1
Brinp3,117,10,34,295
A230059L01Rik,6,3,3,7
Pla2g4a,1,3,2,4
Ptgs2,0,7,7,0
Odr4,398,479,404,718
Tpr,1419,1404,1265,2481
Prg4,2,1,4,5
Hmcn1,0,2,0,6
Gm10138,71,112,97,181
Ivns1abp,535,521,424,1148
Swt1,525,559,468,798
Trmt1l,384,521,369,717
Rnf2,160,181,182,312
Niban1,38,69,5,8
2810414N06Rik,4,4,5,5
Edem3,532,714,609,1182
1700025G04Rik,646,671,628,1212
Tsen15,54,79,78,132
Colgalt2,355,310,399,656
Rgl1,1364,1403,1035,2888
Gm15479,4,1,3,3
Gm28792,8,8,12,13
Apobec4,16,31,60,61
Arpc5,301,249,401,697
Ncf2,24,8,1,5
Smg7,1024,890,855,1913
Gm28791,49,50,46,125
Nmnat2,83,109,8,61
Gm28960,0,1,0,2
Lamc2,96,124,106,237
Lamc1,549,565,563,1321
E330020D12Rik,3,0,0,2
Shcbp1l,6,5,5,10
Dhx9,890,719,810,1669
Npl,8,10,12,17
Rgs8,66,41,21,67
C230024C17Rik,3,0,0,5
Rgs16,36,67,39,43
Gm28513,3,0,2,2
Rnasel,41,49,53,57
Rgsl1,8,5,2,18
Teddm2,29,27,41,62
Glul,249,401,313,350
A830008E24Rik,3,0,0,2
Cacna1e,175,92,138,276
Gm29282,1,2,6,0
Gm9530,24,16,17,30
Ier5,10,36,13,27
Mr1,21,35,45,48
Stx6,559,677,679,1194
BC034090,2,2,4,7
Xpr1,1300,1259,1102,3348
Gm5532,1,2,1,0
Acbd6,740,777,706,1339
Qsox1,166,208,280,383
Gm37571,8,9,10,21
Cep350,1946,1729,1698,3196
Tor1aip1,498,369,472,1089
Tor1aip2,644,825,740,1414
Fam163a,88,163,30,131
Tdrd5,0,0,1,3
Axdnd1,2,0,3,10
Gm2000,10,13,22,1
Soat1,71,47,27,98
Abl2,792,893,787,1430
Tor3a,106,102,72,205
Fam20b,241,274,290,469
Ralgps2,593,539,516,922
Angptl1,6,5,7,4
4930439D14Rik,0,0,0,2
Tex35,1,1,0,3
Rasal2,1311,1376,1123,2195
Cryzl2,185,292,258,359
Gm15486,0,5,2,9
Sec16b,222,361,275,533
Brinp2,17,5,5,21
Astn1,36,45,57,38
Gm37679,0,0,7,0
Pappa2,7584,15021,6066,13754
Cop1,1136,1116,1164,2268
Tnr,8349,10471,10071,19364
Gm10530,8,8,8,8
Gm38039,11,11,8,14
4930523C07Rik,82,64,10,10
Tnn,2,0,4,2
Mrps14,17,23,17,60
Cacybp,86,104,117,115
Rabgap1l,4147,4564,4705,8015
Gm36975,118,202,177,290
Gm37529,75,103,70,103
Gpr52,5,13,4,15
Rc3h1,989,1120,1015,1928
Serpinc1,25,28,17,56
Zbtb37,211,234,187,362
Gm37362,1,3,8,6
Gas5,268,409,237,543
Dars2,84,138,84,167
Gm37634,1,2,0,2
Cenpl,12,6,10,15
Klhl20,165,194,149,289
Ankrd45,37,34,28,63
Tex50,2,2,1,3
Prdx6,106,141,115,189
Suco,1192,896,1026,2087
4930558K02Rik,4,4,8,10
Pigc,25,32,17,49
Gm38304,40,29,38,62
Dnm3,1890,2163,1484,3696
Dnm3os,1,2,3,3
Mettl13,40,48,49,57
Vamp4,582,605,647,1497
Prrc2c,3869,3495,3050,6424
Fmo4,11,3,10,12
Fmo1,9,7,10,20
Fmo2,8,7,1,3
Prrx1,2,0,0,0
Gorab,94,138,86,150
Kifap3,715,719,800,1411
Scyl3,183,261,208,385
BC055324,24,19,37,41
Mettl18,13,12,21,26
Gm57120,2,5,4,2
Sell,20,25,0,1
Gm16548,2,1,0,0
F5,8,15,1,7
Slc19a2,127,85,206,232
Ccdc181,71,77,53,131
Blzf1,190,204,289,397
Nme7,382,437,466,825
Atp1b1,609,649,725,1504
Gm32391,55,82,110,121
Gm32569,1,1,0,2
Gm20743,2,2,0,1
4930568G15Rik,5,14,11,19
Sft2d2,78,104,89,165
Tiprl,185,215,152,332
Gm38190,54,62,53,98
Gpr161,105,110,59,169
Dcaf6,1979,2121,1959,3960
Gm37864,15,33,15,30
Mpc2,180,247,278,417
Adcy10,14,4,14,40
Mpzl1,537,819,545,1386
Rcsd1,20,34,0,11
Creg1,41,62,77,122
Gm16565,4,4,1,1
Cd247,95,108,13,12
Pou2f1,842,912,893,1845
Gm26665,3,1,0,5
Gpa33,4,6,2,9
Ildr2,2,1,1,1
Tada1,78,97,63,144
Pogk,117,119,142,252
Fam78b,93,78,71,151
Uck2,932,794,774,1986
Gm37982,32,34,35,72
Gm57182,33,68,64,57
Tmco1,58,88,71,112
Aldh9a1,123,116,151,268
Mgst3,27,30,24,45
Rxrg,1,1,0,0
Pbx1,6338,7427,6320,11676
Nuf2,1,1,2,0
Rgs5,8,24,0,8
Rgs4,244,289,216,314
Ccdc190,1,2,2,4
Hsd17b7,33,26,35,84
3110045C21Rik,2,0,1,3
Ddr2,1,1,1,1
Uap1,157,178,169,356
Uhmk1,162,182,142,329
Gm6345,2,5,5,1
Sh2d1b1,0,0,0,0
Gm7694,14,9,7,20
Nos1ap,547,620,523,988
Olfml2b,66,53,50,186
Atf6,1668,1676,1853,4090
Gm9929,115,75,164,235
Dusp12,92,111,131,161
Gm26620,17,6,6,28
Fcrla,8,5,0,0
Fcgr2b,11,8,0,0
Fcgr4,1,1,0,0
Fcgr3,2,0,0,4
Cfap126,25,26,29,32
Sdhc,124,185,166,227
Mpz,4,11,10,15
Pcp4l1,1211,552,1401,2465
Nr1i3,3,0,2,2
Tomm40l,33,56,32,56
Apoa2,4,10,8,15
Fcer1g,7,11,1,9
Ndufs2,91,152,85,173
Adamts4,3,0,0,0
B4galt3,185,160,147,299
Ppox,107,106,93,175
Gm57119,4,2,4,6
Usp21,81,117,83,184
Ufc1,172,216,187,321
Gm20045,18,42,24,29
Dedd,91,111,77,116
Nit1,92,125,81,152
Pfdn2,194,122,232,416
Klhdc9,1,4,3,4
Nectin4,11,5,4,8
Arhgap30,33,25,1,3
Usf1,97,72,99,149
Tstd1,4,3,5,4
Gm26641,21,37,22,28
F11r,179,164,143,253
B930036N10Rik,13,15,29,26
Alyref2,10,15,10,14
Cd244a,1,0,0,0
Ly9,7,2,0,0
Slamf7,10,23,1,1
Cd48,4,14,0,1
Slamf1,16,10,8,14
Cd84,22,25,2,7
Slamf6,14,33,0,5
Vangl2,19,16,8,25
Ncstn,177,225,252,405
Copa,1610,2226,1877,3776
Gm37756,1,5,9,10
Pex19,80,104,81,160
Dcaf8,821,1128,977,1886
Pea15a,59,131,114,212
Casq1,2,0,3,8
Gm17224,4,0,3,3
Igsf8,16,38,24,40
Atp1a2,1,2,0,3
Kcnj10,0,1,0,3
Gm57172,3,0,2,1
Pigm,73,77,75,135
Slamf9,0,0,0,0
Igsf9,30,39,29,69
Tagln2,97,100,163,239
Cfap45,7,15,17,23
4933439K11Rik,4,17,4,13
Vsig8,0,1,1,1
Slamf8,0,0,0,1
Dusp23,2,21,5,3
Crp,2,4,1,3
Cadm3,0,0,0,2
Aim2,14,28,0,8
Ifi206,13,2,1,1
Ifi213,13,2,0,0
Ifi209,10,8,0,0
Ifi208,0,1,0,0
Ifi207,4,2,0,0
Ifi204,1,1,0,0
Mndal,64,37,0,6
Ifi211,0,0,0,0
Ifi203,15,16,0,5
Ifi205,1,0,0,0
Fmn2,6599,7201,8081,14479
Grem2,52,34,7,152
Rgs7,4263,4568,3958,8630
Fh1,73,159,85,209
Kmo,13,22,8,22
Opn3,7,12,6,4
Chml,23,23,11,36
Exo1,9,1,2,8
Pld5,370,371,418,816
Rbm8a2,4,3,4,9
Cep170,1091,1153,1065,2337
Gm36992,9,25,34,41
Sdccag8,1866,2246,1614,3395
Hmga2-ps1,1,0,1,0
Gm15423,3,1,4,2
Akt3,3669,3370,3677,7940
Gm26801,1,2,1,3
Zbtb18,36,53,7,34
1700016C15Rik,0,0,1,1
Adss,341,329,385,659
Catspere1,0,0,1,3
Catspere2,555,664,550,1125
Desi2,1227,1150,1158,3071
B230369F24Rik,37,38,40,139
Cox20,47,44,76,81
Hnrnpu,2665,1971,2098,4213
Efcab2,145,126,192,292
Kif26b,0,0,10,16
Smyd3,4653,4879,4886,8635
Tfb2m,124,107,168,239
Cnst,472,442,398,717
Sccpdh,71,63,49,133
Kif28,6,2,2,10
Ahctf1,611,531,469,1085
Cdc42bpa,2612,2479,2471,4898
Coq8a,46,32,29,67
Psen2,128,171,117,280
Gm31728,32,32,31,55
Itpkb,433,406,45,276
Stum,1,0,0,0
Parp1,212,223,177,335
Lin9,55,41,49,108
Acbd3,698,890,703,1463
Gm37768,26,64,45,69
Gm38293,3,8,6,3
H3f3a,494,513,639,1147
H3f3aos,6,12,10,12
Sde2,326,180,266,571
Pycr2,106,173,149,260
Lefty1,7,11,11,8
Tmem63a,458,528,336,812
2210411M09Rik,5,13,9,11
Ephx1,48,76,52,136
Nvl,427,500,384,744
Cnih4,85,96,90,136
Wdr26,1119,1148,1019,2378
Gm57146,62,93,59,125
A430110L20Rik,4,9,6,14
Dnah14,1,0,1,4
Lbr,228,182,171,414
Enah,2043,2127,2042,4251
Srp9,101,115,134,201
Gm33887,6,10,16,13
Degs1,61,87,57,86
Fbxo28,281,382,374,680
Trp53bp2,221,250,217,431
Capn2,300,363,299,462
Gm37885,1,3,1,1
Capn8,12,8,7,22
Susd4,63,86,44,124
Tlr5,2,0,1,0
Disp1,259,271,211,451
Brox,158,274,212,401
Aida,120,207,131,253
Mia3,1473,1540,1232,3022
Gm34102,29,39,32,47
Taf1a,143,171,142,252
Gm37986,2,4,2,4
Hhipl2,1,2,1,3
Gm34068,7,18,11,11
Dusp10,2015,1941,2535,4731
1700056E22Rik,9,9,10,6
Hlx,0,0,0,2
Mtarc1,7,1,2,19
Mtarc2,107,147,128,257
C130074G19Rik,0,2,0,1
Mark1,588,664,548,1047
Gm38251,4,21,24,37
Rab3gap2,1139,1375,1097,2383
Gm34882,2,6,2,5
Iars2,401,442,429,857
Bpnt1,131,142,111,266
4930532G15Rik,17,27,22,24
Eprs,2017,1412,2046,5713
Lyplal1,320,394,432,745
Gm35546,1,3,5,19
Tgfb2,161,84,151,581
Rrp15,54,76,70,103
A430105J06Rik,10,16,22,28
Spata17,82,90,70,101
Gpatch2,978,1214,968,1868
Gm38155,1,11,8,26
Gm37896,6,2,1,4
Esrrg,2793,4078,2942,5424
Gm55759,6,18,4,9
Gm38064,0,0,3,5
Ush2a,1077,1695,692,1633
Kctd3,303,335,284,542
Kcnk2,94,55,106,363
Cenpf,4,9,20,10
Ptpn14,235,104,156,396
Gm37422,3,9,3,7
Smyd2,222,314,225,545
Prox1,1582,1564,1512,4318
Gm28172,8,6,10,11
Gm57154,8,13,8,20
Prox1os,232,303,183,519
Rps6kc1,572,604,517,1081
Angel2,229,266,236,444
Vash2,0,5,1,4
Gm31373,4,23,3,8
Flvcr1,222,262,298,515
A230020J21Rik,1,0,3,4
Tatdn3,146,123,132,279
Batf3,1,3,0,0
Garin4,47,12,5,87
Atf3,5339,3105,3691,8556
D730003I15Rik,15,34,27,39
Gm37168,0,1,0,1
Nenf,71,96,82,142
Pacc1,80,87,77,142
Ppp2r5a,1163,1162,1217,2429
Gm32200,14,10,10,11
Gm37432,1,2,2,4
Dtl,11,2,5,26
Ints7,244,296,249,476
Lpgat1,704,881,679,1211
1700034H15Rik,31,17,23,69
Slc30a1,47,34,39,62
Gm26670,3,5,4,10
Traf5,66,84,50,57
Gm26879,3,8,18,13
Rcor3,385,516,344,738
Gm10516,68,76,58,110
Kcnh1,95,120,6,67
Hhat,196,173,192,359
Sertad4,2,4,4,8
Syt14,1309,1424,1510,2902
Utp25,138,182,106,274
Irf6,115,200,115,248
A130010J15Rik,21,25,23,59
Gm57171,0,5,1,4
Traf3ip3,23,26,0,0
Lamb3,7,16,0,3
Hsd11b1,13,15,0,0
G0s2,0,0,0,0
Camk1g,14,15,20,51
Mir205hg,7,12,22,19
Gm31870,21,23,28,36
Gm6403,1,1,1,0
Plxna2,1451,1541,1306,3554
Cd34,6,0,1,7
Gm16897,48,48,34,85
A330023F24Rik,1211,1458,1338,2658
Gm32250,28,37,34,67
Gm37027,9,16,19,14
Cd46,145,113,166,314
Cr1l,272,363,349,555
Cr2,19,15,1,3
Fam171a1,501,495,493,857
Nmt2,1077,997,1032,2153
Rpp38,49,58,59,68
Olah,0,0,1,7
Meig1,60,85,137,167
Dclre1c,678,515,586,1367
Suv39h2,9,12,13,17
Gm13184,28,7,39,53
Hspa14,375,209,327,1056
Gm45902,140,72,98,261
Cdnf,8,20,14,20
Fam107b,614,427,655,2078
Gm13185,0,2,2,9
Frmd4a,923,1260,925,1498
Gm10862,2,10,7,9
Gm38085,1,7,11,9
Gm37814,5,4,1,5
Gm37107,4,6,10,8
Gm38348,2,10,2,5
Gm13187,2,3,1,2
Gm36988,10,12,4,15
Prpf18,312,326,259,549
Bend7,2452,3139,2602,5430
Sephs1,113,159,135,246
Phyh,350,531,580,989
Mcm10,8,11,7,21
Optn,363,224,406,899
4930551O13Rik,2,6,10,20
Ccdc3,251,254,116,334
Camk1d,9937,7479,11729,12976
Cdc123,483,613,565,1102
Nudt5,136,273,203,252
Gm13199,3,4,3,10
Sec61a2,305,349,348,668
Dhtkd1,82,76,69,112
Upf2,1634,1335,1515,2847
Proser2,3,4,2,5
Echdc3,54,50,51,114
A230108P19Rik,1,5,3,2
Usp6nl,392,379,321,626
Celf2,3913,5171,4145,7781
Gm10855,29,29,19,46
Gm10115,49,65,61,117
Taf3,861,828,928,1803
Atp5c1,367,524,397,670
Kin,264,315,204,503
Itih2,15,8,12,26
Itih5,7,8,17,20
Gm13261,11,16,7,16
Sfmbt2,152,110,113,256
Prkcq,67,95,0,0
8030442B05Rik,2,0,4,1
Pfkfb3,46,56,12,134
Gm10851,2,2,0,2
Rbm17,183,204,141,339
Il2ra,21,13,1,1
Il15ra,157,173,187,275
Fbh1,259,341,182,390
Ankrd16,185,223,259,427
Itga8,3,8,0,4
Mindy3,312,394,382,730
Pter,31,55,26,43
Rsu1,472,546,476,958
Gm13270,3,15,20,16
Cubn,2,2,6,4
Trdmt1,64,68,87,129
Vim,6,11,0,2
St8sia6,247,234,116,307
Hacd1,145,134,141,296
Stamos,5,10,6,5
Stam,284,280,258,518
Mrc1,4,7,6,11
Cacnb2,17699,20167,17597,33923
Gm10848,128,264,206,377
Gm13269,105,185,225,321
Nsun6,231,276,286,508
Arl5b,426,366,377,1155
Malrd1,8,14,11,12
Plxdc2,767,457,392,1331
Nebl,90,163,51,162
A930004D18Rik,4,1,2,2
Gm57453,0,0,1,3
Skida1,13,13,7,8
1810059C17Rik,3,6,4,1
Mllt10,2636,2907,2541,5140
Dnajc1,3879,4309,3926,7886
Commd3,124,162,185,236
Bmi1,97,64,60,147
Spag6,0,1,6,7
Gm3363,18,33,45,60
Gm57429,9,26,26,31
Pip4k2a,472,497,280,647
4930426L09Rik,0,0,0,3
Armc3,2,1,0,2
Msrb2,104,108,161,267
Gm33940,1,2,1,2
Otud1,7,18,10,13
Etl4,1636,1594,1685,3416
Arhgap21,2047,1921,1828,3913
Gm13380,3,1,1,4
Gm13375,12,15,14,16
Gm57438,9,8,6,5
Enkur,31,46,82,93
Thnsl1,36,94,52,91
Gm13327,6,5,0,2
Gpr158,1731,1057,195,1781
Myo3a,24,56,37,23
Gad2,1,3,1,3
Apbb1ip,45,40,1,2
Pdss1,140,184,225,301
Abi1,1169,1201,1137,2443
Acbd5,639,711,739,1338
Mastl,23,22,30,55
Yme1l1,1047,1111,1086,2122
Potegl,37,19,21,73
Spopl,491,629,545,1164
Hnmt,39,20,44,52
Psd4,21,18,8,17
Cacna1b,393,311,344,796
Ehmt1,1258,1544,1237,2515
Arrdc1,108,99,110,179
Zmynd19,50,39,25,65
Dph7,71,83,51,81
Mrpl41,16,27,23,47
Pnpla7,243,241,278,515
Nsmf,73,69,67,122
Gm13387,0,0,0,0
Nrarp,2,4,0,2
Tor4a,4,0,2,7
Nelfb,132,157,109,243
Fam166a,4,4,0,7
Tubb4b,212,111,196,435
Cysrt1,2,0,4,2
Rnf208,20,14,20,38
Ndor1,163,210,193,335
Tmem203,5,7,15,8
Tprn,8,13,11,12
Ssna1,9,26,13,37
Anapc2,177,150,133,323
Grin1,43,40,13,35
Grin1os,0,2,0,2
Man1b1,125,125,110,201
Dpp7,29,42,48,57
Gm46732,0,2,1,0
Uap1l1,21,8,20,26
Entpd2,2,0,1,4
Npdc1,110,165,97,223
Abca2,96,125,65,145
Paxx,32,47,50,87
C8g,0,3,4,5
Fbxw5,99,126,83,232
Traf2,62,103,53,83
Edf1,21,63,23,62
Mamdc4,6,6,3,6
Phpt1,4,7,7,3
Ajm1,12,9,3,6
Rabl6,974,1207,885,1960
Fcnaos,1,1,2,13
Gm57475,2,3,3,1
Tmem141,5,13,15,9
Bmyc,7,23,7,19
Kcnt1,4,3,9,18
Camsap1,501,535,361,932
Ubac1,116,163,98,174
Nacc2,64,88,54,144
Tmem250-ps,31,48,38,71
1810012K08Rik,6,8,3,10
Lhx3,0,0,0,1
Qsox2,131,175,138,290
Gpsm1,217,239,186,444
Dnlz,21,30,20,35
Card9,0,2,0,2
Gm13562,12,28,20,19
Snapc4,195,248,144,287
Gm13563,126,137,112,194
Entr1,146,203,160,295
Pmpca,194,151,137,327
Inpp5e,63,56,69,131
Sec16a,1021,1205,858,2182
0610009E02Rik,40,86,71,92
Notch1,208,212,136,242
Egfl7,8,11,0,6
Agpat2,20,24,20,40
Gm57466,1,2,1,4
Dipk1b,10,11,18,22
Snhg7,75,115,92,150
Surf6,71,58,43,94
Med22,25,27,28,65
Rpl7a,94,123,117,126
Surf1,19,20,21,46
Surf2,31,60,32,73
Surf4,145,233,194,353
Stkld1,4,4,4,6
Rexo4,124,151,98,195
Cacfd1,111,188,138,284
Slc2a6,3,6,0,2
Adamtsl2,1,1,0,3
Sardh,1,0,0,0
Vav2,150,208,143,183
Brd3os,9,9,16,8
Brd3,444,403,372,623
Wdr5,132,158,119,270
Gm13421,75,154,57,148
Rxra,380,338,280,905
Col5a1,1,0,1,3
F730016J06Rik,37,26,82,121
Olfm1,94,49,68,199
Gm13373,2,0,1,7
Ppp1r26,22,34,15,41
Pierce1,0,5,4,6
Mrps2,17,14,14,20
Gbgt1,2,3,3,8
Gm10134,4,5,2,3
Ralgds,392,269,408,713
Cel,1,2,1,1
Gm13381,7,17,18,29
Gtf3c5,86,108,116,159
Tsc1,1037,1051,1036,2064
Spaca9,12,10,22,26
Ak8,73,120,102,147
Gtf3c4,100,97,77,168
Ddx31,222,283,146,434
Barhl1,2,8,1,11
Cfap77,93,115,182,272
Ttf1,270,319,276,479
Gm13393,3,1,5,8
Setx,796,742,618,1360
Ntng2,18,18,5,7
6530402F18Rik,1,1,2,0
Med27,737,778,557,1316
Gm13402,12,47,27,44
Rapgef1,1254,1087,844,2346
Gm13420,69,105,105,194
Trub2,128,169,106,240
Coq4,28,43,33,70
Slc27a4,51,34,41,65
Urm1,93,98,92,186
Cercam,5,1,4,8
Odf2,839,803,917,1638
Gle1,147,154,260,347
Sptan1,1880,1698,1386,2877
Dync2i2,145,204,179,232
Set,181,223,151,292
Pkn3,0,2,2,0
Zdhhc12,12,21,23,40
Zer1,341,381,388,672
Tbc1d13,67,86,61,128
Endog,10,10,14,14
Spout1,66,91,61,118
Kyat1,110,132,105,130
1700084E18Rik,1,5,2,4
Lrrc8a,80,68,56,165
Phyhd1,8,10,5,15
Dolk,13,12,12,25
Nup188,226,241,192,339
Gm14471,7,13,14,20
Sh3glb2,133,138,97,197
Miga2,102,143,106,188
Dolpp1,31,41,29,48
Crat,96,80,65,152
Gm16323,0,0,2,4
Ptpa,291,391,283,546
Ier5l,2,2,1,0
Cstad,26,12,38,47
9330198N18Rik,53,50,38,76
Gm14486,0,5,1,0
Gm57432,1,3,1,2
1700001O22Rik,0,2,0,0
Ntmt1,205,192,172,384
Asb6,29,49,32,54
Prrx2,9,4,8,10
Ptges,143,285,112,218
Tor1b,204,253,152,295
Tor1a,75,94,70,119
BC005624,250,216,275,580
Usp20,249,404,252,497
Fnbp1,891,745,619,1206
D330023K18Rik,9,49,34,55
Gpr107,704,898,570,1401
Gm13405,1,6,3,4
Ncs1,173,195,115,258
Hmcn2,2,1,0,1
Ass1,24,6,8,6
Fubp3,255,367,292,523
Exosc2,42,42,35,62
Gm13427,11,9,10,12
Abl1,742,727,614,1189
Nup214,543,532,504,1100
Fam78a,3,8,0,0
Plpp7,23,38,26,49
Prrc2b,1972,2081,1410,2933
Gm13610,3,0,4,6
Pomt1,69,74,51,127
Uck1,55,59,49,108
Swi5,110,170,166,272
Golga2,437,513,380,845
Dnm1,17,28,24,16
Ciz1,210,258,200,365
Bbln,7,23,11,15
Ptges2,13,22,16,32
Slc25a25,315,289,276,678
Naif1,4,7,4,6
Eeig1,331,272,224,433
Dpm2,58,73,83,163
Pip5kl1,1,4,1,1
St6galnac4,36,39,20,54
St6galnac6,42,72,56,92
Ak1,17,20,19,26
Eng,15,27,0,9
Fpgs,30,61,48,71
Cdk9,127,84,78,199
Sh2d3c,9,24,8,18
Ttc16,43,35,31,52
Tor2a,26,31,22,52
Ptrh1,2,6,2,6
Cfap157,14,15,11,23
Stxbp1,1113,1357,1101,2346
Gm13524,8,10,9,13
Gm13523,0,2,1,1
Niban2,784,558,572,1250
Lrsam1,106,160,100,178
Rpl12,88,115,90,120
Gm57435,4,6,3,4
Slc2a8,29,29,38,71
Garnl3,149,73,159,335
Ralgps1,1684,1822,1335,3101
Gm13528,11,20,12,22
Angptl2,21,56,26,56
Zbtb34,43,86,42,78
Zbtb43,86,133,102,191
Lmx1b,112,113,29,94
C130021I20Rik,16,7,2,8
Mvb12b,305,285,269,463
Nron,3,0,1,3
Pbx3,1336,1545,895,2639
C79798,8,16,3,10
Mapkap1,1275,1596,1205,2523
Gapvd1,1120,1123,964,1953
Gm57458,1,1,1,2
Hspa5,8890,3403,4218,11120
Rabepk,68,93,85,153
Gm57450,41,43,54,125
Fbxw2,222,272,288,590
Psmd5,64,109,67,134
Gm57465,3,12,8,7
Cutal,19,20,25,19
Phf19,4,2,0,2
Traf1,14,14,0,0
AI182371,27,19,24,43
Cntrl,596,515,532,911
Rab14,556,661,612,1338
Gm13605,2,1,1,4
Gsn,85,121,64,126
Stom,0,6,2,5
4930402F06Rik,0,0,0,3
Ggta1,22,16,15,35
Dab2ip,460,465,392,757
Ttll11,133,197,124,380
Ndufa8,32,37,19,51
Lhx6,0,1,0,1
Rbm18,143,154,151,376
Mrrf,145,139,172,291
Ptgs1,0,0,0,0
Pdcl,25,34,30,42
Rc3h2,782,841,815,1598
Zbtb6,43,70,33,61
Gm57468,2,5,4,9
Zbtb26,30,86,43,48
Rabgap1,1658,1922,1852,3367
Strbp,2206,2428,2436,4733
Gpr21,46,46,26,74
Crb2,1,0,2,4
Dennd1a,3951,4520,3918,7499
Nek6,12,15,14,32
Psmb7,331,323,306,659
Nr6a1,4024,4198,4198,8459
Nr6a1os,67,95,106,166
Olfml2a,0,3,1,3
Wdr38,1,8,9,16
Rpl35,52,74,56,81
Arpc5l,86,127,70,161
Golga1,804,1104,796,1484
Scai,843,1027,919,1751
Ppp6c,359,435,413,1018
Lrp1b,25,13,8,12
Gm54112,1,1,5,3
Kynu,11,12,1,0
Arhgap15,443,573,1,15
Gtdc1,659,805,842,1725
Gm57460,5,9,11,12
Zeb2,35,97,5,21
Zeb2os,1,1,0,1
Vis1,0,0,1,0
Gm13470,0,0,0,2
Gm13481,5,8,16,23
Acvr2a,1032,911,967,2035
Orc4,539,587,548,1073
Mbd5,5560,5437,5859,11982
Epc2,1103,904,1159,2498
Kif5c,1059,1149,881,2051
Lypd6b,2,12,1,15
Lypd6,1,4,5,10
Mmadhc,102,121,102,203
Gm13483,286,300,311,559
Gm48908,5,1,7,8
Rnd3,172,129,243,295
Rbm43,85,128,81,146
Nmi,118,120,137,263
Tnfaip6,0,0,0,0
Rif1,1259,1100,901,1785
Neb,108,126,117,201
Gm13522,3,7,6,12
Arl5a,392,399,264,639
A430018G15Rik,2,4,3,7
Cacnb4,186,85,213,561
Stam2,576,691,695,1150
Fmnl2,2359,3172,2402,4603
Prpf40a,1022,1106,964,1928
Arl6ip6,136,175,171,242
Galnt13,5134,5004,4150,10639
Gm14033,2,2,4,2
Kcnj3,2967,3528,2663,6694
Nr4a2,1190,513,1323,5449
BB557941,104,161,240,252
A930012O16Rik,5,9,19,20
Gpd2,921,1122,976,1977
Cytip,41,75,1,0
Acvr1c,338,416,648,756
Gm13544,3,0,8,5
Acvr1,935,1144,753,1801
Upp2,624,977,685,1122
Ccdc148,730,753,860,1396
Pkp4,2382,2421,2281,4815
5330411J11Rik,1,2,0,1
Dapl1,23,253,104,120
Gm53240,63,85,95,162
Tanc1,1419,1909,1436,2909
Wdsub1,216,293,221,497
Baz2b,5183,5428,4678,10758
Gm13572,0,3,0,7
Gm57470,13,5,9,19
Gm13620,3,4,4,4
Marchf7,1673,1287,1471,3370
Cd302,2,3,13,12
Ly75,114,97,75,188
Pla2r1,1,1,0,5
Itgb6,11,6,18,30
Rbms1,322,395,318,561
Tank,287,314,253,454
Psmd14,493,706,621,1124
Tbr1,4,1,1,6
Slc4a10,226,372,254,243
Dpp4,320,555,677,675
Gm13561,28,31,23,63
Gm13565,21,5,4,38
Gcg,77561,113470,283467,253733
Fap,24,21,29,55
Ifih1,395,777,534,1005
Gca,273,463,399,626
Kcnh7,47,43,11,83
Fign,5,28,30,73
Grb14,837,955,1069,2144
Cobll1,2081,2257,2331,5073
Gm13594,4,20,21,29
Slc38a11,76,70,66,146
Scn3a,2183,2308,2376,5108
Gm34833,9,20,22,25
Scn2a,165,192,135,310
Csrnp3,5,12,5,7
Galnt3,8,1,1,12
Ttc21b,201,258,244,392
Scn1a,46,21,27,52
Gm13630,5,2,4,1
Gm13629,32,36,18,79
Scn9a,1202,852,684,2265
Scn7a,2,0,1,2
Xirp2,0,1,2,2
B3galt1,301,162,148,342
Stk39,757,933,649,1334
Gm13596,1,2,0,0
4932414N04Rik,4,0,2,3
Cers6,2246,2193,1821,4430
Gm57462,21,33,29,44
Nostrin,602,1182,737,2461
Spc25,327,387,353,1099
G6pc2,347,253,92,492
Abcb11,8,15,7,31
Gm13613,36,68,57,117
Bbs5,73,110,136,168
Klhl41,12,9,11,10
Fastkd1,115,136,101,206
Ppig,1154,1023,1034,2156
Ccdc173,223,276,290,468
Phospho2,98,79,99,167
Klhl23,21,29,15,16
Ssb,736,588,640,1284
Mettl5,64,97,72,141
Gm13625,3,2,2,1
Mettl5os,12,11,21,15
Ubr3,2193,2140,2090,4415
Myo3b,24,32,6,9
Gad1os,7,5,2,11
Erich2,4,0,3,5
Gad1,89,115,9,120
Gm26558,1,2,3,3
Gorasp2,1172,1192,1326,2832
Tlk1,1514,1650,1397,3347
Mettl8,209,300,221,450
Dcaf17,446,578,542,963
Cybrd1,5,1,6,11
Dync1i2,901,1092,984,1788
Slc25a12,855,966,769,1687
Hat1,170,122,202,376
Metap1d,719,917,991,1679
Dlx1as,20,22,32,30
Itga6,162,186,132,262
Pdk1,222,264,238,457
Rapgef4,5922,8844,5535,12870
Rapgef4os1,70,173,97,189
Rapgef4os2,11,18,20,36
Rapgef4os3,3,7,4,14
Map3k20,313,495,740,944
Cdca7,3,0,2,4
6430710C18Rik,4,5,2,1
Sp3,424,491,406,750
Sp3os,77,98,87,119
Ola1,324,579,426,846
Cir1,334,335,330,719
Scrn3,150,204,276,395
Gpr155,34,39,37,92
Gm13703,0,0,0,2
D230022J07Rik,35,58,40,69
Gm13707,7,7,6,9
Wipf1,657,807,565,1277
Gm13708,11,19,19,23
Chrna1os,30,28,24,50
Chn1os3,48,59,43,76
Chn1,567,430,438,914
Atf2,871,1036,1087,2084
Atp5g3,43,42,48,73
Lnpk,287,254,317,577
Hoxd8,0,0,0,0
Hoxd3,0,0,0,0
Hoxd4,0,0,0,0
Mtx2,243,334,271,457
Gm13652,0,0,0,2
2600014E21Rik,8,3,6,18
Gm39859,13,12,10,28
Hnrnpa3,1289,1243,1221,2334
Nfe2l2,265,229,246,448
E030042O20Rik,6,7,14,13
Agps,482,544,580,1114
Ttc30b,2,4,10,5
Ttc30a1,4,3,7,2
Pde11a,27,14,11,26
Rbm45,90,93,88,161
Osbpl6,2528,2324,2284,4457
Prkra,85,181,152,254
Fkbp7,189,214,217,449
Plekha3,138,196,150,308
Ttn,63,34,2,17
Gm13938,10,12,11,25
Ccdc141,47,17,33,140
Sestd1,398,483,402,866
Zfp385b,7,2,8,21
Cwc22,317,309,268,672
Gm14461,2,3,5,9
Ube2e3,517,572,496,1041
Gm57446,14,15,16,23
Itga4,109,162,35,55
Cerkl,1249,2176,1544,2598
Neurod1,797,636,666,1116
Itprid2,283,199,170,455
Pde1a,116,60,94,216
Dnajc10,526,744,524,1179
Frzb,33,35,6,28
Nckap1,1789,2151,1805,3528
Dusp19,23,27,33,46
Nup35,132,159,179,291
Zfp804a,8,27,0,19
Zc3h15,676,652,684,1291
Itgav,1289,1200,1233,3115
Gm13684,52,44,67,159
Fam171b,132,102,153,273
Calcrl,21,15,5,21
Tfpi,32,38,34,68
Gm13710,6,9,5,5
Ctnnd1,928,1148,1186,2520
Selenoh,11,7,6,11
Tmx2,53,100,82,138
Med19,30,51,56,64
Zdhhc5,154,194,160,348
Clp1,25,12,24,34
Ypel4,174,128,159,323
Gm19426,0,1,0,0
Serping1,137,133,218,346
Ube2l6,10,7,9,25
Timm10,6,5,6,10
Slc43a1,1,1,0,0
Slc43a3,8,11,0,8
P2rx3,57,66,39,81
Ssrp1,227,191,156,392
Tnks1bp1,155,89,115,300
4930443O20Rik,1,3,9,12
Aplnr,0,0,1,2
Lrrc55os,2,4,3,4
Lrrc55,2,2,0,1
Or5m3b,16,16,21,36
Or5aq7,1,1,0,0
Or4a39,1,3,5,2
Ptprj,3129,3082,2825,6462
4933423P22Rik,11,25,20,41
Nup160,333,378,272,634
Fnbp4,959,880,772,1729
Agbl2,8,18,2,37
Mtch2,264,346,305,634
C1qtnf4,13,0,12,2
Ndufs3,130,204,123,236
Kbtbd4,18,29,32,38
Ptpmt1,74,71,93,133
Celf1,1568,1898,1543,3047
Rapsn,0,0,1,2
Gm13778,5,13,7,9
Psmc3,84,118,68,183
Slc39a13,122,183,141,236
Gm57424,0,3,2,6
Spi1,4,3,0,0
Mybpc3,0,0,0,2
Madd,479,458,320,763
Nr1h3,0,7,2,1
Acp2,103,108,88,173
Ddb2,128,184,154,280
A330069E16Rik,15,18,30,42
Pacsin3,1,0,0,0
Arfgap2,172,185,188,357
Cstpp1,1251,1296,1296,2409
Lrp4,0,1,1,1
Ckap5,905,857,763,1607
F2,7,5,8,11
Zfp408,106,92,108,187
Arhgap1,229,237,150,419
Atg13,449,572,558,1067
Harbi1,37,67,31,69
Ambra1,2301,2697,2492,4664
Chrm4,2,0,1,3
Mdk,13,1,7,21
Dgkz,617,585,332,1292
Gm9821,6,8,1,14
Creb3l1,35,35,16,24
Phf21a,5242,5922,4680,9755
Large2,30,48,47,66
Pex16,34,60,47,80
Frey1,9,4,5,12
Mapk8ip1,244,298,183,380
Cry2,3549,1895,3509,9324
D930015M05Rik,94,70,120,280
Slc35c1,16,31,26,40
Gm13814,2,4,4,2
Gm13791,159,145,229,371
Syt13,2563,2729,2428,4658
Prdm11,128,151,136,241
4631405J19Rik,1,1,4,2
Trp53i11,65,37,74,61
Tspan18,12,8,9,7
Gm13807,4,4,2,5
Cd82,204,185,198,320
Gm10804,2,3,7,4
Ext2,664,557,643,1178
Accs,43,55,42,105
Accsl,0,1,3,3
Gm13889,4,5,1,4
Alkbh3,262,335,382,634
Hsd17b12,1067,942,1172,3481
Mir670hg,501,1355,548,1723
Ttc17,700,901,706,1465
2810002D19Rik,10,12,5,18
Api5,534,371,454,933
Lrrc4c,83,10,15,146
Iftap,160,204,219,356
Traf6,108,147,137,205
Prr5l,0,1,2,3
Commd9,36,65,43,64
Ldlrad3,261,436,295,480
Gm13919,7,29,13,21
Trim44,1517,1764,1746,3176
Fjx1,2,0,0,3
Pamr1,459,545,510,1083
Slc1a2,2,2,0,0
Cd44,72,103,14,39
Pdhx,107,174,169,302
Apip,53,60,57,95
Ehf,361,323,378,644
Cat,5,14,3,3
Abtb2,48,77,4,13
Nat10,215,225,186,449
Caprin1,964,1026,1091,1833
Lmo2,8,4,0,2
4931422A03Rik,0,1,1,1
Fbxo3,466,531,498,1064
Cd59b,19,19,15,54
Cd59a,12,15,14,25
D430041D05Rik,3,2,0,5
Hipk3,844,1044,941,2147
Cstf3,1019,1364,1343,2911
Tcp11l1,259,396,300,533
Depdc7,1,9,1,10
Qser1,534,536,467,832
2310047K21Rik,7,25,11,13
Prrg4,60,32,52,135
Ccdc73,10,13,22,28
Eif3m,157,250,191,352
Rcn1,128,179,144,206
Pax6os1,523,403,435,861
Paupar,102,60,55,166
Gm57419,38,29,53,64
Pax6,3022,2693,2148,4665
Elp4,1881,2167,2070,3676
Gm13954,7,0,6,8
Immp1l,582,776,723,1218
Dnajc24,266,412,339,533
BB218582,72,95,116,222
Mpped2,1086,1195,1258,2264
Arl14ep,38,58,72,66
Gm13912,1,0,0,2
Mettl15,492,524,448,941
Kif18a,46,54,44,132
Bdnf,3,22,1,25
Lin7c,192,171,229,426
Platr8,0,2,2,2
Lgr4,836,884,1009,1766
Ccdc34,124,80,131,207
Gm13936,12,4,19,25
Ano3,222,143,241,683
Potefam1,1,1,1,4
Lpcat4,31,20,13,16
Nop10,18,33,15,24
Slc12a6,1416,1417,1404,2902
Emc4,54,58,58,94
Gm57464,2,2,1,3
Katnbl1,253,362,273,539
Emc7,96,108,113,217
Aven,204,261,201,369
Ryr3,38,86,33,67
Fmn1,15,22,32,40
Gm13963,0,0,1,1
Grem1,0,1,5,7
Scg5,1731,2169,2249,3867
Arhgap11a,15,6,8,15
Gjd2,60,63,70,68
A530058N18Rik,316,443,415,719
Actc1,0,0,1,0
C130080G10Rik,6,7,11,13
Aqr,403,483,354,740
Zfp770,21,66,35,60
Dph6,619,826,769,1405
Gm13972,0,0,0,1
Gm13974,0,0,0,1
Gm28494,2,5,3,11
Cdin1,1363,1848,1709,2893
Meis2,7850,8852,6623,14708
2700033N17Rik,34,23,23,47
G630016G05Rik,81,74,64,76
D330050G23Rik,0,1,0,0
Gm29340,0,0,1,1
Spred1,189,289,157,508
Fam98b,173,130,167,383
Rasgrp1,34,28,8,7
Gm13986,10,13,4,7
Thbs1,17,12,13,27
Fsip1,15,14,7,21
Gpr176,1,9,3,5
Eif2ak4,617,721,642,1443
Srp14,113,113,105,246
Bmf,28,24,33,63
Bub1b,10,9,6,35
Pak6,251,345,340,585
Plcb2,3,6,2,0
Inafm2,30,21,30,41
Ccdc9b,150,144,130,298
Disp2,396,568,493,904
Knstrn,9,8,13,30
Ivd,594,687,611,1116
Bahd1,106,113,78,145
Chst14,1,5,1,0
Ccdc32,13,24,5,26
Rpusd2,6,12,8,12
Knl1,19,5,6,11
Gm57476,0,2,2,4
Rad51,8,12,11,38
Rmdn3,157,132,141,376
Dnajc17,90,103,69,133
Zfyve19,73,129,102,141
Ppp1r14d,2,6,2,7
Spint1,173,192,206,408
Vps18,180,117,155,279
Gm14207,0,0,1,0
Dll4,12,9,2,7
Chac1,8,3,2,19
Ino80,871,983,820,1763
Exd1,0,4,8,13
Chp1,248,253,317,706
Oip5os1,270,351,396,599
Oip5,0,1,1,0
Nusap1,10,6,3,19
Ndufaf1,20,30,17,42
Rtf1,574,526,504,970
Itpka,14,18,22,18
Ltk,8,1,5,4
Rpap1,139,165,130,287
Tyro3,5,5,4,5
Mga,1283,1129,1104,2201
Mapkbp1,224,254,246,472
Jmjd7,12,12,8,20
Pla2g4b,18,16,13,27
Sptbn5,5,8,4,10
Ehd4,292,250,238,843
Pla2g4f,1,0,0,7
Vps39,223,229,163,323
Tmem87a,620,774,660,1245
Ganc,288,268,322,524
Capn3,0,8,12,11
Zfp106,591,807,533,1109
Snap23,289,525,299,555
Lrrc57,43,46,34,77
Haus2,96,100,99,185
Stard9,83,72,95,184
Cdan1,65,66,54,106
Ttbk2,94,159,116,194
AV039307,25,27,17,34
Ubr1,890,949,925,1915
Tmem62,134,160,137,304
Ccndbp1,66,65,75,128
Tgm5,0,3,0,5
Tgm7,0,2,1,4
Lcmt2,23,38,27,37
Adal,138,141,128,231
Zscan29,50,82,55,121
Tubgcp4,174,267,185,394
Trp53bp1,1318,1494,1113,2549
Map1a,13,6,6,25
Ppip5k1,553,676,551,1012
Ckmt1,4,14,11,12
Strc,1,1,2,4
Catsper2,155,166,125,269
Pdia3,987,1065,1085,2210
Serinc4,4,8,10,16
Serf2,306,439,331,712
Hypk,85,92,126,232
Mfap1b,91,80,202,193
Mfap1a,69,113,131,139
Wdr76,59,78,64,95
Frmd5,271,448,99,254
Golm2,588,821,677,1300
Ctdspl2,523,532,493,1036
Eif3j1,570,446,489,1074
Spg11,372,351,306,576
Patl2,1,1,2,4
B2m,28,24,31,25
Trim69,0,4,0,1
Sord,35,38,62,55
Shf,13,16,6,22
Slc28a2,34,23,1,2
Slc28a2b,6,7,0,0
Gatm,195,499,363,583
Spata5l1,38,30,21,36
Slc30a4,166,145,175,353
4930417H01Rik,6,6,10,18
Bloc1s6os,4,6,11,14
Bloc1s6,37,56,21,54
Sqor,91,129,93,166
Sema6d,696,761,671,1311
Slc24a5,6,34,31,50
Myef2,1336,1542,1550,3253
Gm14004,19,12,30,47
Ctxn2,38,41,74,87
Slc12a1,30,39,36,109
Dut,69,118,81,175
Fbn1,1,0,1,2
Cep152,135,126,81,212
Shc4,29,22,9,64
Eid1,58,125,55,117
Secisbp2l,374,311,316,613
Cops2,447,337,464,1006
Galk2,881,1047,1089,1722
Fam227b,3,8,16,11
Fgf7,10,4,1,4
Dtwd1,40,60,35,56
Atp8b4,24,51,0,2
Slc27a2,250,314,395,700
Hdc,22,29,46,40
Gabpb1,329,403,348,791
Gm27003,25,74,30,76
Usp8,549,605,554,1188
Usp50,63,103,61,156
Trpm7,1777,1380,1475,2999
Sppl2a,313,463,373,611
Ap4e1,297,289,301,600
Blvra,31,54,49,78
Ncaph,3,1,0,3
Itpripl1,1,1,0,1
1810024B03Rik,75,57,61,117
Snrnp200,435,296,302,718
Ciao1,38,65,52,60
Tmem127,146,174,153,246
Stard7,219,322,192,369
Dusp2,11,6,1,0
Gpat2,4,3,0,4
Fahd2a,40,47,39,68
Kcnip3,623,842,1099,1854
Prom2,32,31,25,62
Zfp661,16,15,17,25
Mrps5,106,158,159,209
Mal,3,8,0,0
Mall,0,2,0,2
Nphp1,148,178,214,335
Mtln,6,11,11,1
Acoxl,7,2,2,1
Bcl2l11,387,352,459,893
Gm14009,0,0,0,6
Morrbid,113,193,77,193
Gm39929,11,5,8,20
Anapc1,784,852,752,1501
Mertk,13,12,24,48
Tmem87b,630,606,591,1359
Fbln7,4,1,4,17
Zc3h8,56,68,47,93
Gm10762,17,26,22,39
Zc3h6,534,682,936,1365
Gm14027,14,17,27,26
Vinac1,4,3,4,5
Gm14022,0,12,3,3
Ttl,56,55,40,76
Polr1b,53,73,39,87
Chchd5,14,13,11,12
Slc20a1,136,105,99,311
9830144P21Rik,2,2,1,5
Ckap2l,5,1,1,4
Gm14023,38,46,55,112
Il1a,0,0,0,0
Il1b,9,3,1,1
Il1bos,1,3,7,10
F830045P16Rik,1,5,0,0
Sirpa,139,192,88,183
Pdyn,1,67,1,1
Stk35os1,7,6,9,12
Stk35,351,261,259,752
Tgm3,2,0,1,1
Snrpb,95,117,124,206
2810036E18Rik,9,16,17,18
Nop56,191,263,182,304
Idh3b,145,241,177,314
Ebf4,30,28,25,40
Cpxm1,13,9,10,17
Pced1a,130,156,105,229
Vps16,175,208,148,268
Ptpra,1019,999,827,1871
4930473A02Rik,14,33,13,48
Mrps26,51,67,51,106
Ubox5,54,110,77,128
Fastkd5,6,12,3,5
Lzts3,78,35,56,130
Ddrgk1,229,238,201,427
Itpa,37,94,36,85
Slc4a11,1,1,2,2
Dnaaf9,1567,1669,1430,2842
C030014O09Rik,1,3,3,1
A730017L22Rik,31,53,23,46
Atrn,708,800,701,1361
Siglec1,0,1,2,1
Hspa12b,15,6,4,9
1700037H04Rik,18,15,23,46
Gm14232,5,4,6,9
Spef1,19,22,23,36
Cenpb,33,65,28,63
Cdc25b,41,50,45,52
Ap5s1,14,10,10,21
Mavs,24,58,21,46
Pank2,258,369,267,549
Rnf24,170,175,116,368
Gm57422,4,3,3,2
Smox,96,64,88,185
Gm14280,67,43,127,191
5330413P13Rik,88,113,129,196
Prnp,357,367,385,818
Prnd,5,1,5,12
Rassf2,20,13,1,6
Slc23a2,592,541,478,1232
Gm14051,6,4,5,1
Tmem230,84,96,110,232
Pcna,205,176,180,364
AV099323,15,22,12,32
Cds2,422,503,472,832
Gpcpd1,554,654,615,1650
AU019990,0,5,0,0
Shld1,206,237,209,401
Gm14097,8,13,10,16
Chgb,1122,1281,1799,2597
Trmt6,121,208,115,263
Mcm8,19,11,28,37
Crls1,141,148,111,245
Fermt1,8,6,2,4
Bmp2,78,128,118,131
Hao1,0,1,7,11
Tmx4,1183,1044,1499,2365
Plcb1,5672,5548,6096,11714
4930545L23Rik,12,16,20,36
9630028H03Rik,50,61,77,118
Plcb4,1482,1769,1354,2912
Gm14211,9,11,10,20
Lamp5,1,0,0,1
Pak5,1299,852,1140,2329
Ankef1,67,52,44,99
Snap25,4493,6125,5394,11107
Mkks,6,12,5,11
Slx4ip,949,993,872,1922
Jag1,23,28,21,62
Gm14064,2,1,1,2
Btbd3,312,400,307,519
Gm14061,9,2,16,14
Gm14066,4,5,2,2
Sptlc3,0,0,1,2
Ism1,2,3,4,2
Tasp1,805,1091,904,1584
Esf1,244,268,239,413
Ndufaf5,108,145,114,150
Sel1l2,0,6,5,7
Macrod2,3633,4055,3370,8243
Flrt3,32,28,36,52
Macrod2os1,4,17,15,24
Kif16b,1120,1228,1044,2020
Snrpb2,36,33,31,56
Pcsk2os1,493,435,678,1259
Pcsk2,37541,55424,49057,90197
Pcsk2os2,113,215,154,339
Bfsp1,23,13,9,38
Dstn,1872,1711,4440,6455
Rrbp1,2838,4198,2916,6306
Banf2,32,26,23,43
Gm5535,2,17,6,14
Gm57455,5,12,9,7
Snx5,410,353,234,592
Mgme1,19,29,13,29
Ovol2,8,17,0,2
Kat14,122,161,121,229
Dzank1,232,200,283,455
Polr3f,122,136,131,248
Rbbp9,24,56,39,52
Sec23b,339,515,394,724
Smim26,3,1,9,2
Dtd1,1026,1078,991,1763
Slc24a3,391,921,336,900
Rin2,420,431,715,689
Naa20,284,284,257,501
Crnkl1,222,185,308,491
Cfap61,179,284,235,386
Insm1,19,52,37,15
Ralgapa2,3976,3962,5217,7633
A930019D19Rik,2,13,9,10
Kiz,902,893,959,1764
Xrn2,1066,1030,868,2378
Nkx2-2,1604,1509,1468,2508
Nkx2-2os,89,104,88,187
6430503K07Rik,9,7,8,13
9030622O22Rik,3477,4566,4008,7515
Foxa2,106,134,76,90
Thbd,1,0,3,6
Cd93,4,11,0,3
Nxt1,3,12,2,10
Gzf1,95,107,72,169
Napb,212,326,215,476
Cstdc2,0,0,0,0
Cst3,225,346,630,597
Zfp120,82,159,113,173
Gm14139,3,2,4,5
Zfp937,30,64,44,96
3300002I08Rik,145,167,147,307
Gm10130,71,101,73,134
Zfp442,81,168,99,188
Zfp345,0,0,2,7
Apmap,79,95,90,160
Acss1,1,10,1,1
E130215H24Rik,0,0,0,0
Entpd6,114,194,166,346
Pygb,151,168,138,321
Abhd12,359,341,316,630
Gins1,1,3,7,7
Ninl,47,40,43,100
Nanp,11,13,6,10
Nsfl1c,160,179,157,374
Gm14167,39,60,98,160
Fkbp1a,170,213,156,394
Sdcbp2,22,16,11,42
Snph,298,391,309,544
Rad21l,3,5,11,2
Tmem74b,0,1,3,5
Psmf1,190,184,216,485
Rspo4,21,106,52,66
Angpt4,0,3,7,5
Gm14154,1,3,2,4
Fam110a,37,59,55,72
Slc52a3,1,0,1,1
Scrt2,1,3,2,6
Srxn1,17,11,23,73
Tcf15,2,0,0,0
Gm57421,2,1,2,2
Csnk2a1,614,753,543,1108
Tbc1d20,304,266,274,630
Rbck1,58,111,85,136
Trib3,21,6,0,13
Gm14164,9,10,5,0
Sox12,50,51,38,63
Zcchc3,18,43,33,31
6820408C15Rik,32,48,22,52
Rem1,0,0,0,0
H13,955,1164,958,2214
Mcts2,34,18,19,49
Id1,46,18,20,90
Cox4i2,1,3,1,4
Bcl2l1,503,638,367,1056
Foxs1,0,0,0,0
Dusp15,4,7,7,5
Ttll9,3,2,3,7
Pdrg1,93,142,108,213
Xkr7,118,152,107,224
Ccm2l,7,4,5,5
Hck,6,10,0,0
Tm9sf4,630,866,687,1291
Tspyl3,1,2,0,1
Plagl2,94,120,69,138
Pofut1,162,237,222,372
Kif3b,262,371,275,478
2500004C02Rik,40,41,28,54
Asxl1,1194,1333,1265,2495
Nol4l,191,236,219,313
Commd7,150,191,149,287
Dnmt3bos,0,4,4,5
Dnmt3b,73,62,71,137
Mapre1,814,366,617,1768
Efcab8,6,3,5,19
Cdk5rap1,162,144,181,277
Snta1,37,56,46,91
Cbfa2t2,1441,1488,1314,2759
Necab3,1,1,1,3
1700003F12Rik,12,5,3,7
E2f1,5,4,0,6
Pxmp4,53,117,73,116
Zfp341,86,125,60,113
Chmp4b,453,402,316,838
Raly,73,70,74,148
a,91,61,103,203
Eif2s2,405,347,343,758
Ahcy,4,13,12,20
Gm45609,0,4,4,9
Itch,1415,1689,1460,3209
Dynlrb1,74,92,66,108
Map1lc3a,80,43,86,206
Pigu,453,523,544,933
Trp53inp2,361,362,555,936
Ncoa6,914,964,807,1595
Ggt7,37,30,15,23
Acss2,172,219,167,308
Acss2os,4,2,0,2
Gss,79,114,95,165
Gssos2,1,2,0,2
Gssos1,1,1,1,4
Myh7b,3,1,4,6
Trpc4ap,681,813,679,1288
Edem2,266,434,312,517
Procr,0,0,0,0
Mmp24,91,102,90,167
BC029722,11,17,15,27
Eif6,39,35,21,76
Gm16098,5,2,2,10
Uqcc1,434,496,464,836
Cep250,164,155,106,235
6430550D23Rik,15,22,11,39
Ergic3,89,116,89,187
Spag4,9,2,2,6
Cpne1,278,457,272,501
Nfs1,207,242,244,425
Romo1,12,27,16,13
Rbm39,4790,3985,5713,10100
Phf20,744,874,708,1465
Scand1,7,50,18,9
Cnbd2,64,64,47,92
Norad,150,226,200,303
Epb41l1,240,188,141,359
Aar2,75,86,85,124
Gm14168,21,16,15,23
Dlgap4,234,312,211,371
4930405A21Rik,10,30,24,15
Myl9,1,1,0,10
5730471H19Rik,0,1,0,3
Tgif2,11,1,1,3
5430405H02Rik,143,226,223,311
Rab5if,75,63,91,179
Sla2,3,4,0,3
Ndrg3,483,678,498,906
Dsn1,3,2,10,7
Soga1,376,250,251,533
Tldc2,1,1,2,3
Samhd1,218,208,145,322
Rbl1,72,118,106,131
Mroh8,1,10,2,12
Rpn2,377,635,442,959
Manbal,115,143,71,207
Src,119,132,98,221
Gm14286,19,32,21,49
Blcap,164,230,152,305
Nnat,28,37,26,22
Gm57477,3,0,4,0
Ctnnbl1,666,747,566,1309
Vstm2l,46,43,12,45
Tti1,128,180,182,292
Rprd1b,553,483,424,998
2010009K17Rik,10,3,9,19
Tgm2,2,3,1,6
D630003M21Rik,32,42,17,76
Lbp,2,5,2,3
Snhg17,29,48,20,55
Snhg11,1437,1638,1437,2629
Ralgapb,987,1148,1088,1955
Adig,2,3,2,15
Actr5,117,146,111,247
Ppp1r16b,102,76,3,21
Fam83d,1,3,0,0
Dhx35,162,191,152,347
Gm14223,17,14,14,32
4933416E03Rik,36,86,78,93
Gm826,61,69,112,199
Mafb,605,1129,828,1224
Gm14221,27,25,26,47
Top1,2155,1640,2045,4690
Plcg1,313,452,306,528
Gm27206,10,8,12,10
Zhx3,687,791,699,1276
Gm16751,5,18,11,11
Lpin3,23,37,29,57
Chd6,2606,2471,2349,5014
Gm45447,6,13,2,3
Ptprt,3601,3156,3112,8543
9430021M05Rik,19,25,19,28
Gm14246,1,3,3,4
Srsf6,432,496,372,751
L3mbtl1,6,3,2,16
Sgk2,103,85,142,194
Ift52,137,281,204,332
Mybl2,28,39,37,61
Gm11454,3,8,3,5
Tox2,18,22,4,6
Jph2,0,4,0,6
Oser1,217,168,172,360
2900093K20Rik,40,62,40,51
Gdap1l1,337,340,295,596
Fitm2,36,38,50,49
Hnf4aos,15,20,26,42
Hnf4a,307,298,354,674
Ttpal,59,100,86,136
Serinc3,828,524,890,1678
Pkig,482,684,459,1093
Gm16316,4,7,3,8
Ada,3,4,5,10
Ywhab,192,237,154,332
Pabpc1l,13,5,9,23
Tomm34,220,171,196,369
Stk4,305,353,225,421
Gm11455,1,2,1,1
Matn4,0,1,1,3
Rbpjl,1,1,0,0
Sdc4,231,142,257,321
Sys1,133,170,139,233
Gm14302,0,0,2,2
Dbndd2,19,32,21,26
Pigt,55,62,49,107
Gm57459,12,15,17,55
Wfdc16,17,13,31,27
Dnttip1,251,353,314,619
Gm11457,15,34,19,49
Ube2c,5,1,1,6
Snx21,168,237,269,357
Acot8,116,114,91,185
Zswim3,35,67,54,74
Zswim1,13,21,18,36
Neurl2,2,1,4,6
Ctsa,103,105,115,172
Pltp,3,9,1,2
Pcif1,129,161,153,274
Zfp335,92,102,76,150
Zfp335os,184,141,181,401
Mmp9,0,1,2,2
Slc12a5,174,171,56,186
Ncoa5,321,457,373,653
Gm57463,39,76,99,122
Cd40,3,2,2,3
1700025C18Rik,0,0,0,1
Cdh22,92,94,76,180
Gm14397,0,1,1,3
Slc35c2,68,126,85,141
Elmo2,120,174,97,262
Zfp334,51,81,58,115
Slc13a3,0,0,1,0
Trp53rka,15,23,11,27
Slc2a10,12,26,13,16
Eya2,26,31,4,24
Zmynd8,2467,2495,1816,3650
Gm11465,7,21,14,25
Gm11464,1,6,4,2
Ncoa3,248,392,227,364
Sulf2,13,8,14,13
Gm11468,0,2,2,0
Prex1,285,325,263,434
Trp53rkb,16,21,6,14
Arfgef2,931,967,894,1751
Cse1l,362,361,294,934
Stau1,790,648,592,1417
Ddx27,181,190,204,374
Znfx1,255,230,225,414
Zfas1,40,63,56,58
Kcnb1,1068,955,923,1803
1110018N20Rik,55,45,48,73
Ptgis,9,7,22,22
Gm14291,1,0,0,0
B4galt5,559,399,518,1079
Slc9a8,474,447,466,999
Spata2,91,70,84,222
Rnf114,186,212,184,406
Snai1,1,2,1,0
Gm11476,0,7,0,10
Gm31619,2,1,2,5
Ube2v1,132,183,102,230
Peds1,143,180,191,354
Gm14320,13,19,15,22
Cebpb,43,44,67,84
A530013C23Rik,12,9,2,20
Gm14321,4,6,4,3
9230111E07Rik,0,5,2,0
1200007C13Rik,0,0,0,0
Ptpn1,563,653,505,1329
Ripor3,2,5,0,8
Pard6b,38,36,24,39
Adnp,800,943,761,1779
Dpm1,1426,1302,1660,4087
Mocs3,18,15,18,25
Nfatc2,1139,965,915,2147
Atp9a,571,775,550,1002
Sall4,28,38,16,25
Gm14261,11,10,8,18
Zfp64,351,338,305,764
Gm9873,6,14,6,21
Gm14249,2,0,1,1
Tshz2,6573,7119,6693,11800
Zfp217,89,182,96,137
Bcas1,10,27,26,42
Bcas1os1,12,10,11,22
Pfdn4,32,53,33,70
Gm14264,22,26,48,86
Dok5,65,63,23,72
Fam210b,69,77,70,116
Aurka,5,2,4,9
Cstf1,37,48,28,51
Gm14455,11,20,12,24
Rtf2,182,165,143,313
Gcnt7,20,26,24,36
Fam209,4,4,5,3
Bmp7,0,2,5,1
Spo11,6,9,6,6
Rae1,233,244,235,461
Rbm38,1,4,0,2
Ctcfl,0,2,0,0
Ctcflos,0,5,6,2
Zbp1,6,6,1,4
Pmepa1,62,34,15,53
Pmepa1os,1,0,0,0
Ankrd60,3,1,1,6
Ppp4r1l-ps,892,863,687,1302
Rab22a,302,387,260,580
Vapb,271,436,230,508
Stx16,1031,1527,1040,2216
Npepl1,240,288,215,465
Gm10714,3,4,3,5
Gnasas1,10,21,7,18
Gnas,8685,9900,9901,17014
Nelfcd,74,109,37,115
Ctsz,77,128,94,154
Tubb1,14,30,35,24
Atp5e,44,85,38,89
Prelid3b,34,54,49,82
Zfp831,57,50,5,24
Edn3,146,155,185,181
Gm14618,4,5,3,8
Gm14616,59,75,108,81
Gm14393,4,4,6,19
Gm14399,52,84,84,130
Gm14443,22,20,20,42
Gm14391,16,26,26,27
Gm14440,43,43,19,50
Gm4631,41,59,61,86
Zfp965,4,7,13,12
Gm6710,7,12,11,12
Zfp968-ps,1,1,1,0
Gm14308,2,2,5,11
Zfp973,19,34,56,70
Gm14305,9,13,24,26
Gm14295,9,18,23,38
Gm14408,3,2,6,14
Gm14296,65,126,87,162
Gm14401,8,2,6,17
Gm14410,79,105,85,160
Gm14412,9,8,0,26
Gm14418,38,30,47,64
Zfp970,29,39,34,74
Gm14403,12,21,14,25
Gm14322,12,16,18,26
Gm14325,44,67,60,92
Gm14327,23,41,25,52
Zfp972,10,12,14,24
Gm14326,73,115,128,175
Zfp971,50,81,64,104
Zfp931,18,38,24,34
Phactr3,14,11,6,17
Sycp2,5,3,0,5
Ppp1r3d,0,0,0,2
Fam217b,4,3,1,5
Cdh4,564,690,563,1150
Taf4,423,439,241,643
4921531C22Rik,15,18,20,27
Lsm14b,43,57,30,61
Psma7,286,290,360,668
Ss18l1,130,154,114,255
Mtg2,80,152,102,191
Hrh3,0,0,0,1
Osbpl2,440,537,584,1240
Adrm1,66,56,44,116
Lama5,91,139,73,131
Rps21,326,510,642,506
Cables2,46,38,25,67
Slco4a1,35,39,32,49
Mrgbp,64,84,59,146
Ogfr,81,64,60,130
Col9a3,7,3,4,4
Tcfl5,2,1,0,5
Dido1,803,872,677,1434
Gid8,86,109,89,140
Gm30455,3,13,6,10
Slc17a9,99,311,157,235
Ythdf1,223,216,222,492
Arfgap1,876,1012,829,1734
9230112E08Rik,22,29,10,27
Col20a1,50,76,41,98
Kcnq2,320,486,376,748
Eef1a2,65,81,99,142
Ppdpf,7,18,7,20
Srms,0,1,0,0
Helz2,126,69,99,238
Gmeb2,639,589,673,1491
Stmn3,21,38,35,52
Rtel1,127,109,69,182
Arfrp1,96,110,80,203
Zgpat,158,182,129,222
Zbtb46,8,13,3,24
Tpd52l2,300,285,294,635
Dnajc5,535,591,461,1059
Uckl1,83,118,81,147
Uckl1os,3,3,1,2
Zfp512b,295,392,277,517
Prpf6,630,685,606,1227
Samd10,24,39,29,50
Sox18,0,0,0,0
Tcea2,41,40,27,74
Rgs19,0,6,2,7
Oprl1,14,20,21,37
Myt1,1540,1577,1375,2634
Pcmtd2,444,525,504,915
Gm57457,8,31,4,15
Polr3k,58,105,58,107
Hnf4g,654,809,800,1294
Zfhx4,108,116,118,180
Pex2,84,123,141,229
Gm8797,3,19,10,14
Pkia,816,832,751,1764
Zc2hc1a,374,392,344,664
Il7,0,1,0,0
Gm16685,0,5,1,0
Stmn2,0,0,0,2
Hey1,2,0,0,3
Mrps28,557,824,691,1416
Tpd52,1254,1567,1212,2673
Zbtb10,1302,410,1020,3064
C030034L19Rik,13,13,17,25
Zfp704,4064,3394,3642,7559
Pag1,417,436,214,395
Gm16337,14,9,3,9
Fabp5,7,6,5,4
Myef2l,11,22,18,13
Fabp4,2,4,1,2
Fabp12,4,4,7,19
Impa1,159,202,166,296
Zfand1,100,150,117,195
Chmp4c,114,137,79,205
Snx16,119,129,142,285
Ralyl,40,10,32,42
Lrrcc1,228,224,199,363
E2f5,122,129,111,239
Rbis,109,149,185,309
Car13,1,0,0,2
Car2,1,1,0,3
Sirpb1b,0,2,0,1
Ythdf3,1095,1071,1109,2373
Cyp7b1,593,615,641,1261
Gm30667,3,1,0,1
Armc1,163,170,139,270
Mtfr1,99,130,115,209
Pde7a,736,722,586,1257
Gm16093,82,66,74,180
1700064H15Rik,1,3,2,6
ENSMUSG00000121477,18,47,16,41
Cp,2,6,1,1
Hps3,78,116,89,200
Hltf,491,476,541,1084
Gyg,68,65,94,172
Cpb1,2,10,2,3
Gm43672,1,1,2,1
Tbl1xr1,626,654,603,1289
Naaladl2,710,281,425,1613
Nlgn1,2132,1990,2586,2736
Gm37573,1,3,2,1
Spata16,4,3,1,6
Ect2,17,11,17,18
1700125G22Rik,5,1,8,13
Nceh1,266,321,271,467
Tnfsf10,32,43,36,46
Ghsr,2,2,2,4
Fndc3b,3292,4353,2778,6649
Tmem212,46,83,74,141
Pld1,556,684,558,1185
Gm56802,1,3,2,5
Tnik,1849,1951,1522,3209
Slc2a2,410,380,133,314
1700112D23Rik,53,33,28,50
Eif5a2,23,27,28,61
Gm32950,7,5,2,16
Rpl22l1,255,235,352,466
Egfem1,4,6,1,1
Mecom,305,205,328,824
Mecomos,4,1,8,13
Actrt3,9,11,7,8
Mynn,229,155,269,422
Lrrc34,0,0,0,2
4933429H19Rik,0,4,0,1
Sec62,754,602,779,1617
Gpr160,19,8,9,20
Phc3,843,883,941,1614
Prkci,201,249,209,355
Gm33694,2,2,3,4
Skil,1199,490,919,2741
Cldn11,15,13,26,27
Slc7a14,5219,4357,4744,10913
Gm15496,54,63,52,130
Gm38025,4,5,5,0
Kcnmb2,9755,9342,8744,23606
Zmat3,253,419,418,673
Gm56797,21,31,12,32
Pik3ca,869,992,841,1634
Kcnmb3,1,0,2,2
Zfp639,88,145,111,242
Gm37592,1,0,1,3
Mfn1,281,297,296,692
Gnb4,124,354,154,299
Gm37640,5,16,1,8
Actl6a,97,170,136,243
Mrpl47,25,54,38,63
Ndufb5,62,117,53,98
Usp13,10,14,17,14
Gm37459,582,412,798,2174
Pex5l,2310,2897,2789,6381
4930419G24Rik,37,71,94,149
Gm43666,17,3,4,8
Ttc14,1146,1423,1141,2147
Ccdc39,287,203,279,440
Gm43140,2,3,3,14
4930431L21Rik,0,0,0,0
Gm43077,3,5,2,8
Fxr1,1024,1183,1063,2048
Dnajc19,75,111,83,135
Sox2ot,3,1,9,27
Atp11b,1255,1157,1267,2719
Dcun1d1,290,423,327,542
Gm15952,57,80,68,77
Mccc1,228,222,214,339
Mccc1os,2,2,1,2
Acad9,100,121,77,163
Zfp267,44,87,51,76
Anxa5,312,364,407,798
1810062G17Rik,35,69,55,112
Smim43,8,6,10,3
Exosc9,82,75,92,204
Ccna2,5,6,5,11
Bbs7,213,284,246,523
Trpc3,9,1,1,4
Bltp1,2503,2144,1969,4265
Gm12531,0,1,1,1
Adad1,5,11,5,19
Il2,1,2,1,3
Cetn4,20,30,16,30
Bbs12,25,60,44,46
Fgf2,4,3,0,2
Nudt6,51,98,74,127
Spata5,995,930,860,1995
Spry1,31,31,15,42
Gm5148,20,43,32,45
Gm20755,2,2,1,2
Ankrd50,119,188,145,211
C230034O21Rik,1,2,0,0
Fat4,5,12,4,6
Intu,188,242,262,428
Slc25a31,3,4,2,3
Hspa4l,669,477,600,1528
Plk4,76,46,71,153
Mfsd8,93,98,96,154
Gm2011,24,38,49,60
Abhd18,531,590,724,1133
6430590A07Rik,82,164,122,198
Larp1b,484,618,454,1059
Pgrmc2,191,177,180,335
Platr4,37,40,15,51
Jade1,282,261,224,672
Gm31266,1,0,3,2
Sclt1,712,763,910,1819
D3Ertd751e,399,357,517,796
2610316D01Rik,6,3,4,15
Pcdh10,0,1,3,2
Pabpc4l,1,3,2,4
Pcdh18,0,1,0,1
Slc7a11,0,3,2,14
Gm6209,0,3,0,2
Noct,341,434,294,759
Elf2,1036,1106,936,2020
Gm5103,1,2,3,3
Mgarp,1,3,2,4
Ndufc1,26,49,33,59
Naa15,975,991,966,1909
Rab33b,165,150,177,248
Setd7,1473,1049,1643,3637
5031434O11Rik,71,48,54,120
Mgst2,3,1,0,5
Maml3,15461,21053,12380,30251
Gm37229,23,55,38,70
Gm20089,10,29,16,23
Gm37202,3,11,8,17
Gm30074,1,1,0,2
Gm37170,14,19,46,34
Foxo1,1482,1359,1183,2431
Gm38537,19,25,12,30
Gm30173,19,35,18,24
Gm2447,29,59,29,59
Cog6,332,509,388,753
Lhfp,10,8,0,2
Nhlrc3,72,83,72,144
Proser1,195,202,179,413
Stoml3,3,2,5,9
Frem2,9,13,5,2
C820005J03Rik,20,24,4,26
Ufm1,149,179,140,300
Trpc4,65,106,49,35
Postn,1,0,0,0
Supt20,706,926,623,1259
Exosc8,41,40,32,79
Alg5,75,90,77,129
Smad9,46,46,51,67
Rfxap,31,38,35,43
Sertm1,77,113,112,249
Spg20,113,119,99,167
Ccdc169,6,7,13,24
Dclk1,470,297,123,768
Gm9831,1,1,1,2
Nbea,8784,8948,8402,16729
Gm43376,37,92,79,79
Tm4sf1,13,4,13,43
Gm56807,3,17,22,32
Tm4sf4,1588,1761,4595,6328
Wwtr1,13,12,6,19
Commd2,22,38,24,37
Rnf13,373,351,419,721
Pfn2,65,79,59,118
Tsc22d2,1213,973,1068,2932
Serp1,75,155,80,152
Eif2a,243,369,311,507
Gm56813,2,4,7,6
Selenot,222,243,275,415
Erich6,27,7,34,44
Siah2,704,310,500,976
4930593A02Rik,89,85,75,101
Mindy4b-ps,0,0,0,1
Gm43570,7,4,2,7
Med12l,1765,2198,1603,3083
Gpr171,10,17,3,7
P2ry14,42,122,89,156
Gpr87,1,6,2,11
P2ry13,0,3,0,3
P2ry12,29,51,56,87
Igsf10,6,4,5,10
Sucnr1,0,1,1,0
Mbnl1,1844,2326,1913,3739
Gm37035,0,7,2,4
P2ry1,9,27,7,17
Rap2b,7,9,11,13
Arhgef26,6,9,2,4
Dhx36,934,862,974,1922
Gpr149,0,0,0,1
Plch1,283,290,251,488
E130311K13Rik,32,33,22,43
Slc33a1,290,407,327,596
Gmps,438,572,510,965
Vmn2r1,16,14,29,41
Kcnab1,19,49,19,41
A330015K06Rik,3,8,7,9
A730090N16Rik,16,17,16,24
Ssr3,286,376,319,742
Tiparp,2047,801,2408,4730
Lekr1,355,394,322,704
Ccnl1,1663,909,1355,3351
Gm37305,21,14,26,49
Shox2,1,4,6,8
Rsrc1,1706,1961,1941,3805
Mlf1,205,51,344,610
Gfm1,150,161,118,261
Lxn,5,12,7,4
Mfsd1,78,64,61,116
Schip1,1191,1423,1064,2358
Ift80,453,505,464,896
Smc4,339,235,230,450
Trim59,11,10,4,2
Kpna4,1255,1345,1198,2796
Gm56791,6,8,11,17
Ppm1l,4521,4757,4306,8544
B3galnt1,63,66,58,168
Nmd3,499,271,316,1127
Sptssb,0,4,0,0
Slitrk3,3,7,1,1
Gm20754,198,368,48,377
4930509J09Rik,1,5,0,8
Bche,0,0,0,2
Serpini2,4,2,3,6
Wdr49,1601,1623,1886,3021
Pdcd10,425,479,416,905
Serpini1,247,319,269,512
Golim4,1120,1578,1359,2254
Fstl5,31,51,20,40
Rapgef2,1931,2187,1781,3723
4921511C10Rik,19,27,34,54
6430573P05Rik,2,4,9,9
Gm17359,5,14,14,21
Fnip2,2281,2148,2109,5585
Gm3513,4,6,1,4
4930589L23Rik,0,2,2,4
Gm56799,1,1,2,1
Ppid,117,176,122,217
Etfdh,121,159,139,187
Tmem144,24,20,21,60
Gask1b,4,1,1,5
A330069K06Rik,0,2,2,6
Gria2,6901,7519,6336,13293
Glrb,519,684,600,1150
Pdgfc,51,70,38,114
Gm16000,1,0,1,1
Ctso,295,300,616,962
Tdo2,4,2,2,6
Gucy1b1,49,67,46,70
Gucy1a1,5,13,10,10
Map9,252,270,247,587
Rbm46,3,1,2,4
Plrg1,69,60,47,129
Dchs2,0,3,1,0
Gm26771,6,5,7,2
Tlr2,6,8,14,20
Tmem131l,2433,2564,2139,5732
Mnd1,16,10,6,36
Trim2,1119,1492,1445,2562
Fhdc1,38,43,2,33
Arfip1,773,795,688,1466
Tigd4,1,0,0,3
Tmem154,17,31,5,19
Fbxw7,1062,985,859,2323
Gm42812,17,11,5,39
Gm15535,41,74,54,94
Gatb,267,275,308,503
Fhip1a,588,550,568,1258
Glt28d2,244,166,186,457
Sh3d19,2242,2574,2349,5607
Prss48,6,24,20,52
Rps3a1,219,412,337,322
Lrba,4513,4567,4559,9219
Gm37876,38,48,38,61
Dclk2,916,977,833,1752
Cd1d1,1,2,11,8
Kirrel,43,12,36,84
Fcrl1,15,4,0,2
Fcrl5,4,2,0,5
Etv3,131,98,98,243
Arhgef11,1358,1482,1365,2647
Lrrc71,1,4,4,2
Pear1,38,25,3,37
Ntrk1,0,2,0,1
Insrr,510,363,86,633
Sh2d2a,10,9,0,2
Prcc,117,207,88,207
Hdgf,129,151,108,166
Mrpl24,85,123,121,194
Rrnad1,133,235,150,269
Isg20l2,67,59,64,103
Crabp2,0,0,1,1
Nes,6,3,0,4
Gpatch4,64,70,60,100
Naxe,65,93,102,156
Gm56779,2,9,8,4
Gm56772,3,5,9,8
Mef2d,1026,899,935,2285
1700113A16Rik,10,14,28,30
Tsacc,112,153,108,192
Cct3,198,338,199,367
Glmp,19,31,41,60
Tmem79,6,9,6,11
Smg5,168,195,152,302
Paqr6,2,0,0,1
Pmf1,27,11,34,65
Slc25a44,144,136,85,236
Sema4a,87,132,108,162
Lmna,954,358,1058,1936
Gm37584,0,0,2,0
Mex3a,13,17,6,16
Rab25,22,37,21,32
Lamtor2,28,68,37,52
Ubqln4,115,124,82,162
Ssr2,52,125,104,188
Arhgef2,534,574,427,807
Gm20652,1,15,7,14
Khdc4,969,957,1092,2182
Rit1,60,104,69,127
Gm17146,2,2,3,7
Syt11,332,264,185,632
1500004A13Rik,268,265,235,468
Gon4l,931,1063,756,1638
Gm43713,51,66,69,133
Msto1,50,44,37,86
Gm56793,2,2,2,6
Dap3,543,560,448,952
Ash1l,3382,3212,2852,5903
Rusc1,53,72,41,113
Fdps,23,68,35,50
Pklr,40,47,58,51
Hcn3,47,79,48,83
Clk2,377,364,314,581
Scamp3,48,68,60,98
Entrep3,70,107,46,85
Gba,23,26,33,43
Mtx1,114,127,202,343
Gm56795,12,16,18,35
Thbs3,258,204,175,359
Muc1,6,6,2,10
Trim46,77,172,93,122
Krtcap2,27,85,49,91
Dpm3,36,20,35,53
Slc50a1,68,101,67,151
Efna1,32,33,31,43
Gm15998,0,0,0,0
Efna4,0,0,1,4
4731419I09Rik,1,2,1,3
Adam15,52,36,19,41
Dcst1,0,1,0,1
Dcst2,2,2,2,9
Zbtb7b,31,46,30,40
Gm15417,5,9,10,15
Flad1,54,65,38,94
Cks1b,1,13,4,4
Shc1,153,206,166,381
Pygo2,81,82,56,119
Pbxip1,317,715,281,616
Pmvk,92,82,65,189
Kcnn3,2038,1757,1097,3603
Adar,717,578,560,1269
Chrnb2,36,44,33,90
4632404H12Rik,26,66,41,77
Ube2q1,121,143,56,165
She,4,11,6,12
Il6ra,1834,2356,1877,3970
Gm42809,16,16,33,46
Atp8b2,276,368,247,482
Gm56796,18,30,14,17
Hax1,31,42,30,60
Gm19710,17,72,75,102
Ubap2l,1381,1570,1461,2823
4933434E20Rik,222,301,275,458
Cfap141,37,33,34,56
Tpm3,588,477,519,1286
Nup210l,33,43,25,57
Rps27,133,197,184,243
Rab13,18,25,26,30
Jtb,97,104,97,171
Creb3l4,3,3,3,4
Slc39a1,22,14,15,34
Crtc2,51,34,64,83
Dennd4b,53,56,38,90
4930537H20Rik,2,5,3,7
Gatad2b,1170,1269,1121,2021
Slc27a3,14,22,5,19
Ints3,410,556,319,688
Npr1,13,8,0,16
Ilf2,483,450,525,1071
Snapin,27,43,38,66
Chtop,214,232,218,465
Gm56783,5,7,8,9
S100a1,4,2,6,2
S100a13,4,3,1,12
S100a16,4,1,1,0
S100a4,2,5,1,0
S100a6,3,2,2,7
Lor,0,0,0,0
Adrm1b,6,4,11,8
Gm37245,1,1,2,1
Tchh,0,1,3,4
S100a11,83,101,156,177
S100a10,19,10,27,28
Them4,37,66,59,96
Gm36070,9,8,5,9
C2cd4d,0,3,0,0
Gm38411,1,0,1,4
Rorc,119,89,155,281
Gm43401,1,0,0,7
Lingo4,9,9,9,28
1700040D17Rik,2,4,1,5
Tdrkh,90,125,105,140
Gm42463,21,21,19,21
Oaz3,4,4,8,11
Mrpl9,46,51,40,93
Riiad1,83,101,154,203
Celf3,1028,1226,841,1539
Snx27,578,584,526,1106
Gm43773,12,20,11,31
Gm43774,23,16,26,50
Gm43768,17,20,19,26
Tuft1,383,426,554,874
Gm15234,3,12,11,21
ENSMUSG00000121295,0,1,1,0
Selenbp2,1,2,0,4
Cgn,272,414,246,416
Pogz,593,690,531,1174
Psmb4,65,45,53,98
Selenbp1,2,3,9,14
Rfx5,128,154,81,199
B230398E01Rik,2,4,3,6
Pi4kb,370,496,391,765
A730011C13Rik,36,21,18,52
Gm15265,45,49,58,116
Zfp687,166,173,129,301
4930481B07Rik,12,24,23,30
Psmd4,209,281,198,352
Pip5k1a,541,683,460,1247
Vps72,110,136,118,212
Tmod4,1,5,4,1
Scnm1,47,60,61,101
Lysmd1,5,12,5,12
Tnfaip8l2,0,2,0,0
Sema6c,11,5,11,21
Gabpb2,466,559,578,1184
Gm16740,18,20,33,36
Mllt11,58,75,52,131
Cdc42se1,65,75,49,108
Gm128,0,2,1,8
Bnipl,3,6,2,9
Prune1,103,125,96,216
Mindy1,82,107,57,120
Gm56812,16,44,21,60
Anxa9,8,8,6,13
6330562C20Rik,36,33,20,49
Cers2,63,82,76,166
Setdb1,455,485,433,888
ENSMUSG00000121472,0,4,1,2
Arnt,1348,1468,1368,3449
Ctsk,15,21,8,28
Ctss,18,22,3,2
Golph3l,208,315,299,400
Ensa,236,302,309,589
Mcl1,444,352,380,814
Adamtsl4,2,3,6,12
Ecm1,18,16,4,33
Tars2,177,225,118,280
Rprd2,645,949,632,1233
Prpf3,375,341,382,753
Gm26594,6,4,4,4
Mrps21,83,132,121,216
C920021L13Rik,61,91,85,139
Ciart,95,47,67,316
BC028528,3,0,0,9
Aph1a,28,51,47,69
Anp32e,126,131,131,236
Gm56819,0,3,3,1
Gm9054,1,3,13,4
Plekho1,72,59,72,218
Vps45,260,382,247,634
Otud7b,485,610,502,1067
Mtmr11,52,88,65,138
Gm17690,34,56,26,56
Sf3b4,12,20,19,37
Sv2a,136,219,134,193
Bola1,5,8,9,13
Gm15444,5,6,8,3
H2ac21,6,3,7,2
H2ac20,4,9,7,8
H2bc21,11,18,12,18
H3c15,2,0,2,0
Gm20632,2,1,9,4
Gm20633,3,3,8,10
H2ac18,8,8,13,12
H3c14,8,10,24,28
Gm20627,1,4,0,1
H4c14,16,40,48,37
Gm20628,10,5,2,6
H3c13,0,2,1,2
H2bc18,4,12,7,10
Fcgr1,0,1,0,0
Gm10685,2,1,0,1
Gm15441,11,60,34,45
Txnip,1818,2840,1429,2394
Gm16253,10,26,24,33
Polr3gl,239,339,253,511
Ankrd34a,0,3,2,4
Lix1l,95,144,108,161
Rbm8a,156,183,165,268
Pex11b,32,40,33,76
Itga10,44,45,20,44
Ankrd35,25,39,25,47
Pias3,81,90,88,169
Nudt17,1,1,1,5
Polr3c,107,146,144,198
Rnf115,569,633,728,1172
Cd160,0,1,0,4
Pdzk1,9,5,8,19
Gpr89,258,323,228,478
Gja5,3,3,1,3
Acp6,79,129,96,191
Bcl9,881,1008,862,1549
Chd1l,127,146,100,193
Fmo5,60,101,88,179
Prkab2,276,309,287,701
Pde4dip,2118,2564,2143,4658
Gm31305,3,14,7,9
Sec22b,814,753,797,1805
Gm5544,6,2,3,24
Notch2,142,111,101,179
Adam30,0,0,0,0
Hmgcs2,0,0,21,6
Phgdh,8,5,1,2
Gm56804,5,6,7,3
Zfp697,156,161,122,222
Gm43190,1,0,0,0
Hsd3b8,1,2,1,3
Hsd3b2,2,2,0,0
Wars2,575,687,667,1273
Gm43024,19,24,27,57
Gm42717,6,12,16,40
Tbx15,12,23,28,51
Spag17,2,2,1,2
Wdr3,150,141,123,236
Gdap2,308,296,248,735
4930406D18Rik,1,2,1,2
Tent5c,361,373,234,536
Gm12474,215,440,209,583
Gm42868,21,36,16,34
Man1a2,693,785,841,1814
Gm43466,29,24,27,80
Gm42869,22,21,30,71
Gm43462,99,102,117,302
Gm43463,5,8,3,6
Gm43464,0,1,0,0
Trim45,4,7,10,16
Ttf2,42,42,34,86
Cd101,3,7,1,6
Ptgfrn,86,85,98,141
Gm43465,9,3,2,3
Cd2,39,79,23,15
Igsf3,28,8,17,25
Atp1a1,2981,2077,3028,7811
Gm42937,130,65,131,402
Gm42941,477,244,491,1242
Mab21l3,2,2,0,0
Slc22a15,190,285,204,388
Casq2,1,2,0,5
4632404M16Rik,0,0,0,1
Vangl1,38,34,33,72
A230001M10Rik,0,1,0,4
Ngf,52,132,84,307
Gm42679,2,6,6,18
Tspan2os,11,10,14,18
Tspan2,408,442,467,952
Tshb,3,1,3,7
Sycp1,16,20,2,47
Sike1,121,167,151,275
Csde1,1394,986,1459,3327
Nras,199,198,223,473
Gm43062,2,3,4,7
Ampd1,8,0,3,31
Dennd2c,38,30,44,113
Bcas2,189,131,172,376
Trim33,961,1038,949,1896
Gm43061,14,13,20,24
Syt6,2,12,2,19
Olfml3,5,6,5,9
Hipk1,579,534,560,1044
Gm43149,8,15,17,36
Gm15886,11,18,28,34
Gm43387,16,11,23,40
Dclre1b,16,20,10,35
Ap4b1,43,57,39,86
Bcl2l15,9,6,1,10
Ptpn22,82,93,0,13
Gm15472,3,9,0,0
Rsbn1,481,600,508,921
Phtf1os,6,3,4,7
Phtf1,474,492,436,969
Magi3,807,641,955,1528
Gm42696,9,4,10,13
9530097N15Rik,2,12,10,20
Gm42700,4,1,8,9
Gm42699,7,9,23,20
Gm42702,12,17,34,46
Gm42701,7,4,10,20
Gm43258,14,14,14,27
C030032O16Rik,6,7,4,14
Gm43259,23,16,29,27
Gm43260,21,17,7,27
Gm43256,7,9,15,25
2010002M09Rik,1,2,4,3
Lrig2,554,590,517,1058
Gm43696,60,91,91,186
A530041M06Rik,26,27,25,68
4930509H03Rik,18,22,30,47
Slc16a1,11,12,7,7
Gm43581,3,1,2,3
Tafa3,0,0,0,1
Ppm1j,3,2,2,2
Rhoc,7,9,11,18
Mov10,148,153,132,264
Capza1,592,721,595,1279
Gm42658,8,26,21,32
Gm42659,37,47,45,73
St7l,612,915,684,1231
Wnt2b,7,7,6,17
Gm40117,1,0,3,2
Cttnbp2nl,100,128,95,135
Kcnd3os,4,6,1,10
Kcnd3,722,917,439,1564
Gm43847,19,15,10,59
Ddx20,49,29,36,71
Inka2,41,55,112,126
Gm43848,29,14,14,50
Rap1a,607,752,560,1264
Gm43328,34,45,20,75
Gm43329,20,29,13,39
Gm43330,12,22,10,21
Gm43331,22,33,19,30
Gm5547,0,2,0,1
Adora3,2,5,1,6
Tmigd3,7,20,3,14
I830077J02Rik,2,2,2,3
Atp5pb,110,201,172,255
Wdr77,60,118,71,108
Ovgp1,43,36,28,83
Pifo,5,5,19,19
Gm42722,84,70,115,109
Chil5,7,11,12,9
Chia1,6,3,4,6
Chil6,0,1,2,2
2010016I18Rik,8,18,6,3
Dennd2d,133,193,115,214
Cept1,295,441,340,673
Dram2,177,235,275,403
Gm56790,1,0,4,10
Lrif1,293,335,373,714
Cd53,67,54,0,2
Gm27008,10,14,8,11
AI504432,6,3,1,1
Kcna2,20,40,24,21
Lamtor5,39,67,73,104
Slc16a4,16,28,28,37
Rbm15,164,202,118,245
Kcnc4,55,105,69,155
Slc6a17,747,1122,789,1740
Strip1,157,176,129,302
Ahcyl1,824,964,813,1637
Csf1,8,10,29,26
4933431E20Rik,13,26,22,46
Gstm5,3,12,11,14
Gstm7,5,5,7,10
Gstm2,1,4,5,3
Gstm1,15,5,14,5
Gstm4,1,4,6,5
Ampd2,138,198,105,184
Gm12500,2,11,2,5
Gnat2,13,51,18,42
Gnai3,465,524,474,932
Gm56785,6,9,7,9
Gm12524,24,59,26,60
Amigo1,41,73,32,69
Cyb561d1,23,26,12,29
Gm56801,1,2,0,4
Atxn7l2,30,44,32,65
1700010K24Rik,4,13,14,15
Psma5,118,130,102,307
Sort1,1080,1137,1032,1792
Mybphl,4,2,0,6
Gm12522,1,1,2,2
Psrc1,4,5,12,18
Celsr2,112,120,85,168
Sars,360,298,209,586
Gm56809,6,5,2,7
Elapor1,3657,4680,3708,6006
Cfap276,28,25,29,50
Tmem167b,78,94,72,172
Taf13,150,101,159,319
Wdr47,273,290,209,467
Clcc1,97,120,125,164
Gpsm2,96,104,65,94
Aknad1,0,1,1,1
Stxbp3,320,476,321,680
Fndc7,0,3,0,5
Prpf38b,841,690,603,1218
Gm56806,4,6,4,3
Henmt1,3,3,3,4
Eeig2,19,30,26,25
Slc25a24,17,26,14,35
Vav3,48,59,11,32
Ntng1,202,43,159,352
Prmt6,10,23,18,34
C130013H08Rik,5,17,9,17
Gm6602,5,6,10,5
Amy1,140,107,172,276
Rnpc3,463,538,533,953
C530020B09Rik,15,22,27,29
Col11a1,9,6,1,3
Olfm3,1032,2657,1894,1860
S1pr1,26,34,0,2
Gm9889,0,1,0,0
A930005H10Rik,47,56,70,107
Dph5,87,84,106,147
Slc30a7,682,904,731,1535
Extl2,54,76,56,108
Vcam1,1,0,0,0
Gm31651,4,7,9,10
Cdc14a,365,449,448,783
Rtca,97,114,99,183
Dbt,73,115,78,136
Lrrc39,14,33,40,40
Trmt13,418,478,425,911
Sass6,124,140,113,266
Gm42893,6,5,9,17
Mfsd14a,436,411,405,851
Slc35a3,218,267,229,395
Agl,293,417,378,652
Frrs1,50,74,57,81
Palmd,18,16,14,12
4930455H04Rik,0,0,1,1
Plppr4,16,11,5,18
Plppr5,0,2,0,2
Snx7,60,103,77,134
Gm26871,248,364,190,629
Gm9916,1,2,2,2
Dpyd,2010,1870,2297,4596
Ptbp2,1196,1128,1356,2736
Gm42664,30,39,40,59
6530403H02Rik,3,2,4,5
Rwdd3,75,53,65,91
Tlcd4,506,611,507,1036
Alg14,35,105,105,97
Cnn3,712,508,484,1518
Slc44a3,857,1220,834,1706
A530020G20Rik,55,87,60,70
Gm43608,0,1,0,2
F3,58,55,119,173
Abcd3,765,879,891,1595
Arhgap29,607,525,570,925
Abca4,10,14,9,35
Gclm,248,404,260,513
Gm17494,23,39,38,65
Dnttip2,139,134,121,260
Gm40190,3,1,2,5
Bcar3,97,103,29,127
Gm42836,8,1,2,5
Fnbp1l,425,447,405,882
Gm43569,4,3,4,7
Pde5a,906,765,337,1020
4930447N08Rik,17,18,16,38
4933405D12Rik,13,14,7,28
1810037I17Rik,7,23,26,10
Usp53,539,510,465,1048
Gm56816,15,22,24,23
Synpo2,11,24,13,15
Gm56815,8,12,9,17
Sec24d,2172,2370,2286,5256
Mettl14,52,81,52,133
Prss12,2,4,0,6
Snhg8,29,44,32,34
Ndst3,0,0,0,0
Tram1l1,1,3,11,7
Ndst4,12130,10158,15949,30652
Ugt8a,178,174,267,392
Camk2d,1774,1761,1878,3225
Ank2,3200,3169,2834,6012
Gm16958,2,6,2,1
Larp7,228,180,174,462
Zgrf1,133,75,108,288
Alpk1,20,13,31,68
Gm56817,0,1,0,3
Tifa,5,7,18,6
Ap1ar,157,189,139,313
Fam241a,42,49,38,62
9830132P13Rik,6,4,5,8
Gm43824,10,3,16,19
Enpep,50,20,23,37
Elovl6,377,578,287,687
Egf,183,331,320,490
6330410L21Rik,4,5,9,6
Rrh,6,2,22,41
Gar1,57,80,65,137
Cfi,11,15,21,21
Pla2g12a,266,174,208,449
Casp6,37,43,43,102
Mcub,190,197,215,396
Sec24b,808,1041,872,1795
Col25a1,12,6,6,2
Ostc,146,270,241,306
Rpl34,170,226,132,217
Gm42997,12,31,23,31
Lef1,101,77,0,0
Hadh,149,169,19,183
Cyp2u1,5,21,13,18
4930534D22Rik,0,2,4,5
Sgms2,895,1296,1005,2716
Papss1,386,428,320,801
Gm29865,5,19,7,8
Dkk2,1,5,3,1
Aimp1,162,239,204,334
Tbck,1509,1865,1779,3068
Gm29811,2,1,1,0
Npnt,85,98,18,43
Gstcd,167,190,234,386
Ints12,45,47,58,128
Arhgef38,15,33,47,51
Gm43254,15,22,17,29
Ppa2,155,178,181,313
Tet2,1110,1126,1026,2319
Gm42567,4,20,27,32
Gm26691,290,413,454,637
Gm43192,30,43,35,55
Gm30648,174,356,175,337
Cxxc4,317,566,396,612
Gm26820,3,3,7,5
Tacr3,0,1,2,0
Cenpe,7,4,7,7
Slc9b2,1,0,0,0
Slc9b1,0,3,2,13
Cisd2,255,359,273,525
4930539J05Rik,14,14,26,30
Ube2d3,1140,1107,1241,2550
Manba,133,161,105,210
Nfkb1,1459,1517,1200,2652
Slc39a8,1,5,1,3
Gm31243,23,12,0,0
Bank1,191,90,3,8
Gm56786,4,2,4,4
Ppp3ca,2067,2232,2135,3790
Gm567,0,0,0,1
Emcn,24,35,0,13
Ddit4l,7,10,30,24
Gm43403,5,7,7,9
H2az1,92,94,88,182
Dnajb14,230,349,275,460
Gm43689,1,4,0,1
Lamtor3,119,182,126,248
Dapp1,125,200,92,208
Gm5105,18,22,19,80
1110002E22Rik,14,9,10,37
Mttp,158,153,165,316
Gm43691,0,3,4,8
Trmt10a,58,87,91,167
Adh1,28,63,94,11
Gm16559,3,4,7,6
Adh5,50,51,44,50
Metap1,156,201,183,363
Eif4e,339,443,331,954
Tspan5,3404,4307,3022,6142
Rap1gds1,1094,1155,1024,2137
Gm56773,0,1,1,1
Stpg2,304,296,327,521
Gm15688,0,1,2,2
Unc5c,3131,4314,3326,6283
Gm15689,2,2,9,5
Bmpr1b,181,82,18,199
Pdlim5,641,613,681,1437
Gbp5,14,4,1,2
Gbp7,80,80,78,158
Gbp3,2,1,0,7
Gbp2,1,3,1,1
Kyat3,79,82,76,83
Gtf2b,415,206,1085,925
Pkn2,1441,1364,1409,2801
Gm43614,7,6,0,19
Lmo4,21,18,16,7
Gm43445,4,1,1,1
Hs2st1,828,853,778,1549
Gm43707,19,38,24,49
Gm43560,12,21,12,35
Selenof,147,365,272,435
Sh3glb1,1132,962,1447,2688
Clca3a1,3,1,0,0
Odf2l,378,433,459,758
Col24a1,4,3,0,2
Znhit6,185,220,169,318
Ccn1,8,11,13,5
Gm17501,0,0,1,4
Ddah1,6,9,6,19
Bcl10,77,81,78,154
2410004B18Rik,18,42,23,58
Syde2,42,50,60,53
Dnai3,0,2,3,1
Mcoln3,0,0,0,1
Mcoln2,3,3,0,0
Ssx2ip,165,146,131,333
Ctbs,43,57,44,65
Spata1,193,262,240,399
Gng5,35,64,36,59
Rpf1,173,139,203,395
Uox,64,111,158,204
Dnase2b,7,9,26,20
Gm16325,2,3,4,1
4930503B20Rik,7,1,4,7
Samd13,68,111,93,198
Prkacb,1297,1431,1555,3389
Ttll7,1229,1312,1178,2313
Adgrl2,36,87,34,98
Gm43573,1,2,0,0
Gm30382,1,2,0,1
Adgrl4,18,36,0,13
Ifi44,5,0,0,3
Gipc2,83,165,164,102
Dnajb4,520,482,494,629
Fubp1,981,1252,1152,2206
Nexn,3,3,5,12
Miga1,504,597,463,943
Usp33,1161,1230,957,2069
Zzz3,1012,1201,963,2034
Ak5,38,39,29,64
AI115009,0,0,0,2
Pigk,418,551,519,848
St6galnac5,2447,2331,2741,3818
1700094M23Rik,0,0,0,0
St6galnac3,88,109,2,23
Msh4,6,3,3,14
Rabggtb,54,103,71,122
Acadm,150,162,149,244
Slc44a5,0,1,2,3
Tyw3,16,15,14,24
Cryz,16,44,49,61
Gm38139,2,1,5,4
Erich3,499,543,440,797
Tnni3k,12,53,18,25
Fpgt,81,99,114,158
Lrriq3,189,291,226,450
4930570G19Rik,147,91,85,276
Negr1,6689,5250,4546,13066
Gm15577,4,12,6,14
4930592C13Rik,4,5,6,12
Zranb2,1135,1294,1325,2170
Ptger3,81,38,86,101
Cth,17,9,6,11
Ankrd13c,888,820,687,1589
Srsf11,2709,2681,2865,6010
Lrrc40,94,142,146,201
Lrrc7,5,0,0,0
Gm20752,2,1,1,0
Wls,1023,1385,1195,2057
AI838599,0,0,0,0
Tmem68,102,120,126,238
Tgs1,321,373,304,571
Lyn,70,88,29,80
Rps20,112,331,184,299
Gm57085,0,1,1,2
Plag1,587,672,804,1453
Chchd7,132,105,105,289
Gm11808,2,6,10,0
Penk,2,1,0,0
Bpnt2,147,180,179,310
Fam110b,651,953,761,1741
Ubxn2b,238,343,335,607
Sdcbp,1038,609,1260,2249
Nsmaf,893,894,902,1773
Tox,5845,6712,6703,14582
Gm11802,8,7,23,35
8430436N08Rik,1,1,1,3
Car8,560,703,466,1063
Rab2a,2566,2745,2861,5856
Chd7,1044,1216,882,2156
Clvs1,71,63,58,69
Gm11817,3,2,3,10
Asph,800,1240,825,1777
4930412C18Rik,28,44,34,83
1700123O12Rik,1,2,1,1
Cfap418,336,440,509,851
Plekhf2,154,77,112,231
Ndufaf6,83,143,104,177
Trp53inp1,1380,1137,2852,4610
Ccne2,31,43,43,102
Ints8,577,607,611,1142
Dpy19l4,380,398,433,768
Esrp1,913,1181,1011,2239
Virma,633,633,714,1301
Gm11831,4,1,3,4
Rad54b,4,5,1,18
Gem,562,238,560,1505
Cdh17,2,0,0,0
Pdp1,55,35,52,87
1700123M08Rik,42,59,87,108
Tmem67,211,221,276,515
Rbm12b2,71,65,59,145
Rbm12b1,40,58,38,69
Cibar1,183,238,233,387
Triqk,360,322,351,659
Runx1t1,2911,3336,2197,6150
Lrrc69,4,4,6,16
Otud6b,144,140,115,242
Pip4p2,290,316,376,549
Gm11837,33,30,55,78
Necab1,2,0,1,4
Tmem64,58,72,73,98
Calb1,310,213,278,842
Decr1,54,91,89,103
Nbn,114,102,87,167
Osgin2,45,47,50,59
Ripk2,206,160,206,352
A530072M11Rik,249,312,326,493
Gm11861,3,6,3,8
Gm30092,1,4,0,4
Mmp16,118,20,24,140
Gm11867,16,21,20,34
Cnbd1,0,0,1,0
Cngb3,21,27,7,33
Cpne3,238,280,264,535
Rmdn1,531,726,721,1041
Gm12353,136,223,96,193
Wwp1,509,504,440,928
Atp6v0d2,5,11,0,3
Ttpa,0,0,0,1
Ggh,29,37,46,72
Nkain3,19,11,19,69
Ccnc,224,293,287,474
Tstd3,14,10,13,24
Usp45,578,727,620,1087
Pnisr,2423,2501,2153,3925
Coq3,89,120,151,220
Faxc,252,314,291,537
Fbxl4,268,262,330,569
Mms22l,93,52,66,160
Klhl32,1520,1892,1224,2680
Gm11899,5,6,9,2
Ndufaf4,92,120,70,176
C230012O17Rik,0,5,4,2
Gpr63,5,2,2,5
Gm11906,18,35,36,53
Fhl5,3,0,2,8
Ufl1,604,983,652,1227
Manea,48,67,35,52
Epha7,309,94,116,499
Map3k7,526,627,497,1008
Bach2,1459,1918,546,2516
Bach2os,0,2,1,3
Casp8ap2,247,252,181,371
Mdn1,810,871,531,1235
Lyrm2,24,28,28,30
Ankrd6,619,811,624,1224
Rragd,370,171,288,548
4933421O10Rik,92,147,139,198
Ube2j1,349,341,402,980
Gabrr2,3,2,2,0
Pm20d2,9,14,14,12
Srsf12,32,29,23,47
Pnrc1,374,556,490,680
Gm11934,4,2,1,2
Rngtt,749,960,786,1722
Cnr1,2,6,0,2
Spaca1,7,12,2,17
Akirin2,190,276,224,295
Orc3,541,691,564,1106
Rars2,501,662,624,1114
Slc35a1,87,112,106,191
Cfap206,7,6,11,19
Smim8,35,56,39,63
Zfp292,2035,1965,1852,3663
Mob3b,130,299,386,225
C9orf72,158,237,188,331
Gm12367,12,23,9,26
Lingo2,5,4,1,12
Gm12381,0,0,1,1
Aco1,175,217,181,340
Rigi,124,100,157,224
Topors,168,162,200,243
Smim27,4,5,6,0
Ndufb6,15,26,37,50
Tmem215,13,13,1,5
4933428C19Rik,2,5,0,3
Aptx,94,91,73,175
Gm6297,13,25,29,20
Gm57075,0,0,5,0
Dnaja1,690,1093,537,1132
Smu1,243,160,213,485
B4galt1,237,199,237,583
Bag1,106,138,117,235
Chmp5,83,139,111,126
Nfx1,1074,1130,1124,2390
Aqp7,5,6,5,11
Nol6,21,41,25,63
Ube2r2,666,802,594,995
Ubap2,557,633,506,1192
Dcaf12,134,200,152,245
Gm57103,3,5,3,3
Ubap1,432,322,394,907
Kif24,59,87,80,132
Nudt2,8,16,3,10
Gm57125,0,2,0,0
1110017D15Rik,30,33,27,69
Fam219a,2078,2022,1698,4261
Gm12404,11,11,11,19
Dnai1,127,147,103,192
Enho,1,12,0,2
Gm12406,0,0,0,0
Gm12405,3,0,0,1
Cntfr,27,29,6,29
Il11ra1,63,59,80,119
Rpp25l,2,4,6,9
Dctn3,84,89,161,241
Sigmar1,10,29,16,14
Galt,12,12,16,20
Ccl27a,26,18,21,51
Gm17167,0,1,0,0
4930578G10Rik,0,0,0,0
Dnajb5,50,23,37,87
1700022I11Rik,3,7,8,8
Vcp,530,693,418,867
Fancg,20,8,15,24
Pigo,55,56,45,109
Stoml2,55,32,27,68
Atosb,74,81,77,145
Gm26881,34,44,44,74
Unc13b,1546,2140,1758,3262
Atp8b5,353,364,488,679
Rusc2,261,213,270,501
Gm52698,1,1,7,4
Tesk1,44,63,53,82
Cd72,39,16,17,45
Ccdc107,61,88,70,114
Arhgef39,4,0,1,0
Gm12454,2,3,3,2
Car9,2,1,2,2
Tpm2,11,7,11,20
Tln1,309,472,261,472
Creb3,111,107,115,208
Gba2,32,68,42,77
Rgp1,49,69,53,79
Gm12472,14,4,7,18
Gm12473,9,22,13,30
Npr2,231,202,151,300
Spag8,22,6,10,17
Hint2,36,34,38,66
Fam221b,7,10,10,11
Tmem8b,116,108,108,200
Hrct1,1,0,0,1
Spaar,0,5,9,6
Reck,168,177,154,351
Glipr2,3,6,0,2
Clta,238,322,270,467
Gne,139,227,159,224
Rnf38,898,777,954,1937
Pax5,111,29,0,8
Gm12462,0,2,0,0
Zcchc7,3748,4436,4092,8378
Gm12678,2,2,2,4
Grhpr,19,36,26,47
Zbtb5,103,141,101,168
1700055D18Rik,4,7,5,14
Polr1e,22,28,9,26
Fbxo10,176,225,196,406
Tomm5,5,8,7,14
Frmpd1,0,0,0,0
Trmt10b,58,94,84,127
Exosc3,45,43,49,76
Dcaf10,571,562,638,1225
Slc25a51,238,304,240,511
Shb,1307,1465,1079,3311
Gm829,0,0,0,2
Gm12409,0,4,5,4
Aldh1b1,3,5,3,4
Stra6l,0,0,1,0
Tdrd7,368,374,342,754
Tmod1,99,174,65,192
Tstd2,206,222,158,368
Ncbp1,288,257,191,449
Xpa,317,328,341,550
Trmo,10,27,20,38
Anp32b,237,296,190,361
Nans,60,58,48,106
Trim14,324,399,302,495
Gm16731,0,4,7,5
Coro2a,122,79,78,138
Tbc1d2,32,42,29,56
Gabbr2,166,275,91,121
Gm568,6,3,0,5
Anks6,209,144,184,345
Galnt12,179,185,172,313
Gm12426,0,0,0,0
Col15a1,7,0,0,4
Tgfbr1,560,576,573,974
Alg2,37,77,45,87
Sec61b,68,144,68,85
Gm57084,54,97,86,246
Nr4a3,193,56,86,881
Stx17,421,489,477,940
Erp44,467,667,490,910
Invs,771,1025,826,1520
Tex10,382,348,317,672
Msantd3,71,115,57,117
Tmeff1,209,274,164,312
Cavin4,16,49,28,36
Plppr1,68,82,15,30
Acnat1,1,2,1,1
Baat,0,1,4,2
Mrpl50,14,31,14,28
Zfp189,10,20,6,11
Aldob,2,0,1,1
Pgap4,56,48,63,91
Rnf20,672,643,548,1102
Grin3a,0,3,6,11
C630028M04Rik,1,0,0,2
Smc2os,0,3,1,1
Smc2,83,67,71,106
Nipsnap3b,53,56,62,147
Abca1,1681,1297,1510,3290
Lexis1,13,4,12,27
Slc44a1,1184,1521,1206,2531
Fsd1l,221,223,193,441
Fktn,208,254,246,438
Tmem38b,67,113,102,174
Zfp462,1685,2327,1570,3278
Rad23b,627,748,605,1380
Klf4,708,409,717,945
Gm34343,124,113,152,251
Gm12511,16,22,18,33
Gm12506,1,2,0,3
Gm57093,11,15,9,17
2310081O03Rik,1,2,12,21
Elp1,417,534,419,995
Abitram,48,90,59,116
Ctnnal1,482,497,490,924
Tmem245,851,926,890,1872
Frrs1l,80,90,89,137
Epb41l4b,765,721,557,1350
Ptpn3,498,769,586,1005
Gm12536,12,39,28,28
Pakap,12,3,3,29
Pakap.1,11,37,1,31
D630039A03Rik,5,29,9,17
Txn1,38,53,48,87
Svep1,0,3,0,2
Lpar1,72,77,89,107
Or2k2,7,7,0,10
Ecpas,2145,2137,2005,4026
Zkscan16,197,223,253,396
Ptgr1,1,3,0,0
Dnajc25,308,264,258,451
Gng10,11,26,17,28
Ugcg,227,255,203,431
Gm57072,0,0,1,2
Susd1,52,97,100,91
Ptbp3,1329,1443,1365,2592
Hsdl2,135,117,146,240
E130308A19Rik,563,749,652,1174
Inip,38,65,34,72
Snx30,663,782,638,1200
Gm12542,2,3,2,5
Slc46a2,4,3,10,15
Mup6,2,0,0,0
Zfp37,88,118,84,144
Slc31a2,32,82,54,68
Fkbp15,585,734,535,1042
Slc31a1,222,195,261,498
Cdc26,164,275,231,415
Prpf4,186,226,127,357
Wdr31,68,78,51,81
Bspry,22,53,29,74
Hdhd3,2,3,6,0
Alad,19,22,16,32
Pole3,25,42,33,44
4933430I17Rik,4,9,12,15
Rgs3,325,483,289,536
Gm11209,1,2,2,3
Gm11210,20,32,20,45
Zfp618,1473,1481,1253,2728
Ambp,85,66,96,181
Kif12,656,626,577,1006
Col27a1,849,1038,526,1023
Akna,20,23,0,2
Gm57078,2,1,0,0
Whrn,152,206,119,261
Atp6v1g1,40,81,30,101
Tmem268,19,32,16,43
Tnfsf8,26,26,0,0
Tnc,0,5,6,5
8030451A03Rik,5,5,6,9
Pappa,1,2,2,8
Astn2,1601,1010,1388,3612
Trim32,14,15,16,30
Tlr4,0,2,1,10
Brinp1,46,8,31,24
Gm57077,15,23,23,20
Cdk5rap2,387,399,382,783
Megf9,1019,1413,1184,2793
Tle1,835,976,638,1958
Gm11250,4,7,2,10
C630043F03Rik,8,23,15,30
Frmd3,5,0,3,3
Kdm4c,1563,1564,1667,3260
A230083N12Rik,0,3,3,6
Dmac1,0,1,2,3
Ptprd,11580,15570,10447,22497
Gm42303,4,25,15,19
B230208B08Rik,1,1,1,2
Lurap1l,164,284,360,325
Mpdz,450,449,396,804
Gm5860,29,36,18,67
Nfib,28,36,2,18
Gm11266,0,1,0,0
Zdhhc21,293,422,368,716
Cer1,1,0,0,0
Frem1,2,3,13,14
Ttc39b,1584,1812,1761,3475
Snapc3,498,674,561,908
Psip1,534,561,471,950
Ccdc171,350,319,350,597
Bnc2,130,49,46,234
Cntln,800,698,894,1634
Sh3gl2,949,788,810,1688
Adamtsl1,8,10,3,18
Rraga,27,49,31,46
Haus6,100,90,72,152
Plin2,27,28,21,27
Dennd4c,1941,1845,1771,3381
Rps6,141,228,204,239
Acer2,17,26,24,29
Slc24a2,5771,6637,5039,10544
Mllt3,3018,3198,2785,5660
Gm12631,0,1,1,1
Focad,702,1008,786,1486
Hacd4,5,7,8,17
Klhl9,99,208,130,175
Gm13274,6,5,0,4
Gm49890,59,58,57,113
Mtap,72,113,88,113
Cdkn2a,0,2,0,3
Gm12610,199,266,299,498
Cdkn2b,12,32,30,37
Elavl2,315,250,186,572
Tusc1,0,6,2,4
Gm12648,2,1,0,6
Gm12655,38,45,41,72
Caap1,270,407,289,630
Plaa,302,378,308,605
Gm57080,1,3,0,0
Ift74,427,432,476,884
Lrrc19,8,15,17,34
Tek,13,10,6,15
Eqtn,11,18,8,24
Mysm1,875,1051,993,1914
Gm12694,2,2,5,5
Gm12703,45,50,43,87
Jun,1720,4000,2453,2861
Junos,146,178,157,321
Fggy,1246,1039,1154,2404
9530080O11Rik,11,16,18,25
Hook1,1104,1249,1202,2440
Cyp2j11,5,1,4,2
Cyp2j8,7,6,19,29
Cyp2j6,30,61,52,76
Cyp2j9,2,0,0,0
E130114P18Rik,8,19,9,19
Nfia,2696,2895,2903,6124
Tm2d1,124,226,156,294
Patj,2103,2406,1941,3957
Kank4,5,6,7,20
Usp1,89,82,65,118
Dock7,1462,1587,1618,2873
Angptl3,4,7,7,7
Gm12705,3,7,4,4
Atg4c,228,288,212,426
Gm12689,16,9,17,11
Gm12688,0,0,2,2
Foxd3,0,0,0,1
Alg6,85,120,133,176
Itgb3bp,260,387,411,628
Efcab7,190,269,217,358
Pgm1,217,269,245,453
Ror1,2475,3418,2410,5504
Gm12701,1,1,3,4
Ube2u,30,51,35,61
Cachd1,4,7,0,4
Raver2,2,6,2,4
Jak1,1232,1280,913,2437
Gm12796,6,12,7,7
E130102H24Rik,272,243,330,642
0610043K17Rik,123,111,105,205
Gm12798,1,1,1,1
Ak4,11,8,2,8
Dnajc6,1273,1655,1577,2539
Gm36012,2,18,9,14
Leprot,52,58,48,79
Lepr,1,3,2,7
Pde4b,219,399,226,277
Sgip1,31,43,9,27
Dnai4,128,144,85,259
Mier1,893,979,890,2025
Slc35d1,198,242,250,370
Gm44037,3,7,4,5
4921539E11Rik,2,2,2,2
Oma1,246,292,319,500
Gm12718,2,4,1,4
Dab1,194,36,66,398
C8b,337,398,572,1008
Fyb2,36,31,56,163
Prkaa2,265,265,195,420
Plpp3,114,105,69,133
Gm57071,1,5,1,0
Usp24,1021,1035,973,1869
Pcsk9,4,5,9,1
Gm30487,3,0,0,0
Dhcr24,12,26,36,22
Lexm,4,5,9,10
Ttc22,32,67,50,54
Pars2,8,9,3,8
Ttc4,202,276,184,363
Mroh7,26,32,33,43
Fam151a,19,37,37,8
Acot11,31,54,19,52
Gm31125,4,2,0,3
Ssbp3,1422,1214,931,2097
Gm12786,3,4,5,8
Mrpl37,86,115,100,145
Cyb5rl,74,96,65,147
Gm12802,2,2,4,5
Tceanc2,96,176,108,141
Tmem59,371,478,462,711
Ldlrad1,3,2,5,9
Lrrc42,85,93,78,136
Hspb11,54,96,62,97
Dio1,22,26,39,33
Yipf1,182,269,197,369
Ndc1,23,31,46,91
Glis1,393,317,153,840
Lrp8os3,25,41,47,29
Lrp8,382,597,373,814
Lrp8os2,23,17,33,77
Magoh,213,181,234,402
Czib,92,88,110,189
Cpt2,54,103,83,92
Podn,5,7,11,20
Scp2,54,120,48,109
Echdc2,88,145,123,176
Zyg11a,2,0,0,3
Zyg11b,548,535,462,866
Coa7,50,50,45,91
Shisal2a,2,0,0,0
Gpx7,3,3,2,1
Tut4,2534,2197,2696,5263
Gm12737,2,4,6,9
Prpf38a,220,149,215,577
Orc1,6,7,4,29
Gm12743,21,21,24,47
Cc2d1b,242,330,217,397
Gm17354,22,21,19,46
Zfyve9,790,862,724,1447
Btf3l4,216,244,308,496
Txndc12,187,314,242,458
Kti12,7,13,6,18
Rab3b,151,158,184,416
8030443G20Rik,0,1,0,1
Nrd1,1084,1626,991,2343
Osbpl9,1053,1130,1061,2282
Eps15,502,532,479,871
Ttc39aos1,125,230,190,369
Ttc39a,362,527,411,619
Rnf11,1071,730,1042,1994
Gm12811,1,10,9,4
9630013D21Rik,17,33,19,31
Cdkn2c,7,14,17,18
Gm57073,1,7,2,3
Faf1,2402,2781,2403,5109
Dmrta2,5,1,2,3
Elavl4,981,1144,1019,1915
Agbl4,7510,7719,8686,14448
Bend5,46,40,28,74
Spata6,270,321,307,627
Slc5a9,5,9,10,15
Skint2,0,3,0,1
Skint6,3,5,1,6
Gm12823,1,2,0,2
Skint5,4,4,0,2
Trabd2b,18,29,1,12
9130410C08Rik,6,11,7,9
Gm12830,2,11,8,4
Foxd2os,2,5,1,1
Cmpk1,77,113,75,158
Stil,16,13,13,15
Tal1,0,1,0,0
Pdzk1ip1,38,26,40,74
Cyp4x1,26,9,6,63
Cyp4a32,0,1,0,2
Cyp4b1,3,5,3,12
Efcab14,373,402,397,801
Tex38,4,5,0,4
Atpaf1,238,285,308,565
Mob3c,70,88,73,142
Mknk1,388,513,426,886
Kncn,2,0,0,4
Faah,318,365,247,442
Nsun4,112,132,105,236
Gm57150,3,5,2,8
Uqcrh,91,147,140,237
Lrrc41,284,303,319,552
Rad54l,34,24,22,37
Pomgnt1,78,143,108,160
Lurap1,49,38,53,85
Tspan1,1,2,1,2
Pik3r3,644,716,501,954
Mast2,3394,3531,2528,7432
Ipp,163,264,188,301
Tmem69,8,12,15,10
Gm12953,6,4,7,16
Gpbp1l1,682,695,650,1192
C530005A16Rik,6,14,5,9
Ccdc17,19,35,23,42
Nasp,157,178,129,255
Akr1a1,183,231,195,401
Prdx1,154,218,227,365
Mmachc,1,8,3,6
Ccdc163,44,48,40,49
Tesk2,123,171,134,223
Toe1,48,38,34,58
Mutyh,11,12,11,20
Gm12996,0,2,4,1
Zswim5,779,849,740,1288
Urod,19,16,22,24
Hectd3,48,53,47,102
Eif2b3,313,289,239,529
Ptch2,5,0,4,8
Btbd19,4,6,1,5
Gm57157,1,0,0,1
Dynlt4,2,2,1,0
Plk3,129,87,53,271
Rps8,304,518,431,434
Armh1,3,6,1,5
Tmem53,16,34,31,38
Rnf220,149,195,136,266
Gm12843,2,5,3,14
Eri3,2109,2886,2261,4354
Dmap1,39,33,43,65
Gm12840,6,15,5,14
Slc6a9,6,8,2,13
Gm17114,3,4,1,3
Ccdc24,13,3,7,29
B4galt2,30,32,30,42
Gm12841,1,3,0,3
Atp6v0b,561,907,636,1393
Dph2,12,10,7,12
Ipo13,42,42,47,59
Artn,0,0,2,1
St3gal3,1021,1206,775,1587
9530034E10Rik,7,8,7,13
Kdm4a,309,299,211,465
Ptprf,1562,1620,1191,2401
Hyi,47,105,69,107
Szt2,182,237,149,320
Med8,101,102,87,182
Elovl1,10,22,9,22
Mpl,1,1,2,4
Tie1,7,1,0,1
Cfap57,13,4,4,11
Ebna1bp2,83,93,90,149
Slc2a1,27,44,28,45
Gm12868,0,2,0,1
Zfp691,10,7,3,12
Ermap,3,0,2,5
Svbp,12,21,12,12
AU022252,46,71,62,97
P3h1,48,122,57,113
Ybx1,405,504,379,770
Ppih,64,66,63,103
Ccdc30,327,457,343,669
Ppcs,15,23,9,10
Zmynd12,34,52,80,120
Rimkla,180,199,100,261
Frg2f1,40,29,40,69
Foxj3,689,690,683,1283
Hivep3,2865,3285,2701,5045
Gm38632,5,5,5,10
Foxo6,48,60,38,81
Foxo6os,5,2,1,9
Scmh1,1516,1630,1658,3057
Slfnl1,2,0,3,6
Ctps,99,123,48,127
Gm8439,1,4,0,5
Gm12860,1,2,2,3
Gm45579,0,2,0,1
Cited4,1,8,4,4
Kcnq4,31,38,7,40
Nfyc,678,814,699,1742
Rims3,50,84,10,84
Exo5,8,5,3,8
Zfp69,24,10,6,23
Smap2,1225,1369,1129,2660
Col9a2,15,22,20,24
Zmpste24,227,265,187,408
Rlf,1556,1391,1430,3449
Ppt1,295,357,437,620
Cap1,264,297,292,635
Gm57091,2,0,6,0
Mfsd2a,2,3,1,3
Trit1,343,372,342,584
Bmp8b,2,4,4,8
Ppie,52,53,44,122
Heyl,1,1,0,4
Pabpc4,359,359,313,639
Bmp8a,6,2,1,9
Macf1,3865,4175,2806,5552
Gm12925,7,8,9,11
Ndufs5,104,116,91,184
Akirin1,483,344,465,966
Rhbdl2,89,245,172,176
1700121C08Rik,9,1,10,6
4933427I04Rik,2,3,1,3
Gm57115,3,2,0,0
Mycbp,81,110,120,206
Gm12905,84,116,111,179
Rragc,246,210,234,429
Gm2164,0,2,1,4
Utp11,55,91,77,103
Fhl3,0,0,1,0
Sf3a3,75,122,63,164
Gm12915,4,8,7,5
Inpp5b,256,296,212,470
Mtf1,245,300,244,449
1110065P20Rik,17,39,21,28
Yrdc,104,72,112,300
Maneal,38,33,36,60
Epha10,7,0,0,4
Cdca8,3,4,0,6
9930104L06Rik,32,54,50,86
Gm12930,1,1,0,1
Gnl2,522,380,454,1178
Snip1,59,42,56,111
Gm12932,3,4,4,6
Meaf6,197,208,189,362
Zc3h12a,64,16,46,99
Gm32611,2,1,0,3
Grik3,12,5,6,17
Gm57079,2,3,0,1
Csf3r,2,1,1,1
Mrps15,90,159,123,223
Oscp1,103,108,111,215
Lsm10,3,12,7,9
Stk40,422,351,324,907
Gm12946,0,1,0,1
Eva1b,81,119,127,204
Sh3d21,96,73,83,243
Thrap3,1628,1525,1402,3350
Map7d1,220,219,134,317
Gm57069,3,4,5,0
Trappc3,128,165,140,252
Col8a2,30,26,20,62
Adprs,87,102,91,150
Tekt2,18,12,19,40
Ago3,1258,1646,1491,2993
Ago1,284,286,247,479
Ago4,231,237,251,438
Clspn,11,5,2,2
5730409E04Rik,7,21,8,1
Psmb2,386,437,427,972
Tfap2e,0,0,0,2
Ncdn,116,60,59,174
AU040320,754,860,845,1622
Zmym4,1636,1668,1564,3214
Sfpq,2231,2292,2033,4892
Gm12940,243,258,120,352
Zmym1,71,72,41,81
Zmym6,374,467,401,659
Tmem35b,11,10,15,18
Dlgap3,11,23,12,9
Smim12,4,15,7,15
Gja4,0,0,0,0
Csmd2,3097,3910,2023,5699
Csmd2os,14,22,16,30
Zscan20,39,53,43,55
Tlr12,0,1,0,1
Phc2,546,901,640,971
A3galt2,26,25,17,56
Zfp362,164,187,126,213
Trim62,102,142,76,143
Azin2,69,51,60,114
Ak2,104,130,97,161
1700086P04Rik,29,29,36,39
Rnf19b,225,161,140,285
Hpca,0,0,1,1
Fndc5,6,15,15,17
S100pbp,479,577,527,947
Yars,559,348,361,902
C77080,74,105,74,117
Gm12976,2,2,5,15
Sync,14,17,16,25
Rbbp4,649,542,517,1310
Zbtb8os,62,84,68,91
Zbtb8a,61,82,52,114
Zbtb8b,2,3,2,12
Bsdc1,505,342,544,1392
Tssk3,7,6,6,7
Gm12979,0,1,1,8
Marcksl1,1,4,0,5
Hdac1,315,307,276,545
Lck,24,45,10,21
Fam167b,0,0,0,0
Eif3i,42,78,41,84
Tmem234,305,365,291,473
Dcdc2b,24,30,24,56
Iqcc,57,64,43,90
Ccdc28b,199,248,221,430
Txlna,492,693,385,870
Kpna6,204,262,189,410
Tmem39b,61,65,46,76
Khdrbs1,611,750,610,1288
Ptp4a2,477,547,480,894
1700003M07Rik,5,6,5,5
Gm12963,1,0,1,0
Col16a1,3,1,0,0
Pef1,134,131,151,298
Tinagl1,1,0,0,4
Serinc2,5,2,3,2
Gm10570,2,1,3,5
Fabp3,14,10,7,29
Zcchc17,156,241,138,350
Snrnp40,211,211,211,430
Pum1,1691,1934,1596,3433
Gm12971,5,1,1,6
Sdc3,3,15,1,5
Laptm5,53,50,3,9
Gm12962,12,29,7,11
Ptpru,80,54,52,115
Mecr,206,309,267,484
Gm57095,0,3,0,5
Srsf4,501,669,453,1019
Gm12992,14,17,13,21
Epb41,1348,1589,1186,2491
Ythdf2,148,217,124,329
Gmeb1,228,187,174,408
Gm28874,6,4,1,3
Taf12,107,126,67,162
Rab42,2,4,2,1
Snhg12,70,133,101,198
Trnau1ap,63,125,71,145
Rcc1,20,18,9,22
Snhg3,15,31,30,44
Phactr4,603,766,570,942
Med18,8,10,3,6
Sesn2,102,171,96,163
Gm12981,1,4,3,1
Atpif1,119,259,226,271
Gm12999,1,5,1,0
Dnajc8,271,306,240,511
Ptafr,0,1,1,2
Eya3,739,796,774,1445
Xkr8,3,8,6,6
Smpdl3b,1,0,0,1
Rpa2,24,33,29,46
Themis2,6,2,0,0
Ppp1r8,51,105,42,99
Stx12,268,301,206,454
Fam76a,284,283,319,875
Fgr,3,11,2,0
Ahdc1,734,723,497,810
Wasf2,550,820,543,1071
Cd164l2,3,9,4,13
Map3k6,2,1,4,10
Sytl1,5,36,28,23
Tmem222,67,69,67,175
Wdtc1,163,136,118,255
Slc9a1,348,326,199,432
Tent5b,1,0,0,2
Trnp1,5,7,2,5
Kdf1,31,50,37,61
Nudc,352,252,335,547
Gpatch3,34,40,33,74
Gpn2,30,39,18,51
Sfn,2,1,0,5
Zdhhc18,117,133,93,138
Pigv,65,122,74,139
Arid1a,1590,1627,1242,2683
Rps6ka1,26,29,28,38
Hmgn2,141,106,172,226
Dhdds,516,738,639,1153
Lin28a,2,3,2,2
Crybg2,0,4,3,6
Cd52,22,17,1,2
Ubxn11,69,75,103,144
Sh3bgrl3,4,17,3,2
Cep85,243,298,248,437
Catsper4,10,26,9,14
Cnksr1,49,56,27,60
Zfp593,7,6,5,19
Fam110d,0,0,0,0
Pdik1l,47,67,54,72
Extl1,1,0,2,0
Pafah2,51,68,40,71
Stmn1,7,6,1,3
Paqr7,5,5,2,8
Mtfr1l,62,85,63,128
Selenon,56,88,47,137
Man1c1,3011,2621,2530,6043
Ldlrap1,89,137,65,131
Maco1,1251,1339,1428,2505
Rhd,8,13,10,14
Tmem50a,123,121,107,160
Rsrp1,1482,1743,1813,3195
Syf2,176,104,158,315
Runx3,20,16,0,1
Clic4,1018,850,1190,2563
Srrm1,1274,1227,1096,2422
Ncmap,81,130,145,248
Rcan3,460,744,426,995
Gm15979,5,14,4,10
Nipal3,445,524,434,874
Stpg1,47,77,71,91
Grhl3,9,7,3,16
Ifnlr1,36,48,63,63
Myom3,1,1,0,1
Srsf10,754,856,861,1627
Pnrc2,49,65,43,92
Gm57092,0,0,1,2
Cnr2,15,5,0,2
Fuca1,139,162,125,219
Hmgcl,124,131,111,205
Gale,31,96,39,102
Lypla2,46,54,35,86
Pithd1,60,82,61,101
Eloa,183,217,181,225
Gm13008,8,10,10,5
Gm24362,4,6,2,8
Rpl11,178,276,208,273
Id3,39,34,63,86
E2f2,6,18,7,17
Asap3,150,170,137,287
Tcea3,23,27,17,35
Zfp46,15,17,12,28
Hnrnpr,894,1157,891,1753
Luzp1,542,562,598,962
Kdm1a,1079,1258,1125,2205
Tex46,1,3,3,1
Ephb2,559,520,426,822
C1qb,1,0,4,1
C1qc,5,1,2,5
C1qa,18,11,44,61
Epha8,4,0,3,10
Zbtb40,189,262,137,322
Gm13003,51,56,58,125
Wnt4,957,1117,1082,2300
Cdc42,1198,1077,1181,2827
2810405F17Rik,4,24,22,11
Cela3b,6,6,2,1
Hspg2,18,26,0,12
Ldlrad2,0,0,0,2
Usp48,1392,1433,1024,2521
Rap1gap,395,294,253,491
Rap1gapos,6,10,15,19
Alpl,19,25,7,55
Ece1,1505,1511,1040,2074
Eif4g3,2802,2781,2000,4600
Hp1bp3,686,810,636,1294
Sh2d5,15,17,9,30
Kif17,41,50,54,75
Ddost,115,169,181,292
Pink1,76,96,122,164
Cda,65,105,86,107
Mul1,154,61,151,274
Camk2n1,184,353,227,275
Vwa5b1,22,27,8,17
Ubxn10,43,68,59,61
Pla2g2c,28,33,46,51
Pla2g2f,19,46,44,22
Pla2g2d,0,1,3,0
Otud3,119,133,55,162
Rnf186,4,6,0,2
Tmco4,189,192,177,334
Nbl1,8,9,11,8
Micos10,612,568,405,1130
Gm57158,3,0,4,6
Gm16287,2,3,1,8
9530077C14Rik,5,7,5,17
Capzb,731,723,615,1591
Slc66a1,34,54,37,57
Akr7a5,21,22,21,25
Mrto4,25,22,28,47
Emc1,99,91,75,140
Ubr4,4450,8143,3442,12754
Iffo2,393,183,187,597
Aldh4a1,207,228,182,338
Igsf21,1942,2140,1503,3200
Gm13027,0,2,3,11
Arhgef10l,151,202,111,237
Rcc2,547,359,358,1148
Padi2,0,1,0,2
Gm13031,7,14,6,4
Sdhb,133,185,131,291
Atp13a2,118,133,125,231
Mfap2,42,26,53,66
Crocc,293,306,196,361
Necap2,77,126,81,181
Spata21,6,8,3,12
Szrd1,259,319,261,526
4921514A10Rik,1,3,4,12
Gm57138,2,8,13,6
Fbxo42,846,855,730,1888
Cplane2,21,29,24,59
Arhgef19,38,64,35,55
Epha2,10,4,4,12
Fam131c,2,2,3,2
Zbtb17,88,113,72,206
Spen,1037,857,838,1621
Fblim1,12,6,4,9
Tmem82,0,0,1,0
Slc25a34,3,4,1,3
Plekhm2,559,467,464,997
Gm54266,1,3,3,0
Ddi2,462,645,487,960
Dnajc16,107,137,67,156
Casp9,72,77,76,143
Cela2a,4,11,11,12
Efhd2,64,49,34,80
Fhad1os2,1,2,4,4
Fhad1,352,433,497,698
4930455G09Rik,3,7,16,15
Tmem51,327,503,339,511
Tmem51os1,37,24,38,59
Kazn,1935,2147,1517,2876
Gm13062,0,0,0,2
Gm13052,1,2,0,6
6330411D24Rik,10,1,2,13
Prdm2,1051,1200,841,1885
Pdpn,0,0,0,1
Pramel12,76,52,103,116
Pramel13,2,4,11,5
Gm57096,1,1,0,3
Dhrs3,8,7,1,5
Vps13d,1407,1445,1166,2769
Tnfrsf1b,16,26,0,3
Zfp268,1,3,1,0
Zfp980,7,7,8,8
Zfp600,7,11,8,11
Gm13166,5,8,6,11
Zfp992,13,32,6,5
Zfp981,0,3,3,0
1700095A21Rik,0,3,1,0
Zfp993,2,8,0,5
Rex2,9,13,10,13
4933438K21Rik,3,14,6,8
Zfp991,20,40,34,33
Zfp988,0,5,0,5
Zfp982,57,52,82,100
Zfp979,21,38,20,76
Zfp984,31,44,36,62
Gm20707,1,4,0,3
Zfp933,148,237,159,227
Miip,35,35,33,60
Fv1,1,4,2,8
Mfn2,142,209,151,281
Plod1,23,53,23,46
2510039O18Rik,62,71,63,109
Nppa,2,1,2,5
Gm13054,17,5,11,18
Clcn6,195,168,154,292
Mthfr,166,153,137,252
Gm13201,19,25,50,26
Agtrap,50,68,82,89
Draxin,2,0,3,0
Mad2l2,14,8,10,23
Fbxo6,24,20,25,51
Fbxo44,139,134,181,264
Fbxo2,9,2,13,10
Disp3,3,3,21,6
Ubiad1,16,43,27,60
Mtor,434,563,396,798
Angptl7,1,4,0,0
Exosc10,326,353,268,594
Srm,24,38,44,52
Masp2,4,7,9,6
Tardbp,618,871,687,1360
Gm572,100,143,77,140
Casz1,749,833,553,1039
Gm13205,1,6,7,1
Gm17029,2,13,7,10
Pex14,828,885,705,1489
Dffa,76,100,66,90
Cort,2,3,0,3
Cenps,14,9,19,31
Pgd,55,65,36,87
Kif1b,3049,3042,3210,5619
Ube4b,2145,2226,1893,3993
Ube4bos1,35,68,61,91
Rbp7,5,1,0,0
Nmnat1,27,53,24,47
Lzic,67,94,81,120
Ctnnbip1,129,120,131,217
Clstn1,236,177,185,351
Pik3cd,92,77,41,63
Tmem201,72,92,54,105
Slc25a33,330,228,404,881
Gm16188,9,14,22,11
Spsb1,377,434,387,879
H6pd,12,37,25,28
Gm13067,20,31,58,59
Gpr157,10,20,17,22
Gm13093,5,2,8,9
Slc2a5,213,215,212,447
Slc2a7,2,2,6,15
Eno1,51,61,49,73
Rere,9029,10343,8085,18665
Gm13091,10,11,5,16
Slc45a1,2,1,2,10
1700045H11Rik,1,1,0,1
Errfi1,1812,2022,3314,5282
Park7,71,108,54,152
Tnfrsf9,10,7,5,1
Camta1,1185,1307,1174,2776
Per3,274,251,294,969
Vamp3,112,72,101,269
Gm57065,4,6,9,5
Dnajc11,233,261,224,438
Thap3,163,274,271,341
Phf13,79,38,37,116
Klhl21,21,25,23,47
Zbtb48,49,48,46,63
Tas1r1,4,2,0,8
Nol9,95,104,94,170
Plekhg5,148,110,119,266
Tnfrsf25,3,1,1,2
Espn,3,0,0,0
Acot7,13,8,2,1
Gpr153,1,2,0,1
Icmt,23,28,20,40
Rpl22,131,214,117,195
Chd5,191,173,83,192
Kcnab2,43,43,33,62
Nphp4,119,234,104,210
Ajap1,0,0,0,1
Gm13115,3,0,0,0
A430005L14Rik,94,59,76,171
Dffb,64,39,48,115
Cep104,248,247,216,404
Lrrc47,54,51,33,83
Smim1,16,45,12,26
Gm57064,11,12,2,3
Trp73,2,0,1,1
Wrap73,19,29,26,41
Tprgl,23,39,17,32
Megf6,2,3,4,16
Arhgef16,209,257,192,386
Prdm16,41,68,26,81
Prdm16os,0,1,0,0
Gm13110,1,5,0,5
Ttc34,5,5,4,5
Mmel1,3,1,0,2
Prxl2b,9,12,15,2
Tnfrsf14,6,2,6,8
Pank4,91,89,60,152
Plch2,7,1,1,6
Pex10,22,36,22,46
Rer1,85,86,82,164
Morn1,236,277,338,563
Ski,964,1061,712,1692
Gm52713,0,6,5,2
Faap20,43,93,57,94
Prkcz,341,364,310,599
Gm27200,3,4,3,7
Gabrd,2,1,2,4
5830444B04Rik,30,46,58,63
Cfap74,333,350,281,535
Gnb1,1106,1161,913,2078
Nadk,183,183,143,310
B930046K06Rik,10,10,15,32
Slc35e2,142,194,118,259
Gm16023,163,247,235,389
Cdk11b,1353,1131,997,3040
Mmp23,0,2,2,1
Mib2,89,95,72,138
Fndc10,4,3,5,5
Ssu72,268,329,289,606
1500002C15Rik,6,9,9,17
Tmem240,8,8,5,8
Atad3a,168,214,135,257
Atad3aos,4,5,1,5
Vwa1,4,14,4,5
Tmem88b,2,8,3,5
Mrpl20,26,48,26,66
Ccnl2,1274,1137,1081,2395
Aurkaip1,7,11,19,4
Mxra8,4,8,3,10
Dvl1,189,205,107,268
Tas1r3,8,6,2,14
Cptp,10,11,9,7
Ints11,68,94,79,150
Pusl1,20,26,17,35
Acap3,79,70,50,126
Ube2j2,577,385,395,1090
C1qtnf12,6,9,7,11
B3galt6,5,4,5,1
Sdf4,218,278,347,575
Tnfrsf4,14,9,9,15
Gm16008,89,93,93,125
Tnfrsf18,3,10,6,7
Ttll10,37,57,37,71
Gm13648,3,11,10,8
9430015G10Rik,62,70,34,96
Agrn,22,15,11,25
Isg15,2,1,1,2
AW011738,4,5,2,8
Perm1,3,6,5,9
Plekhn1,93,102,106,204
Klhl17,16,16,17,25
Noc2l,211,229,130,333
Cdk6,74,84,24,115
Fam133b,350,403,443,722
Gm43017,4,5,5,4
1700109H08Rik,211,179,198,352
Rbm48,75,66,78,108
2510017J16Rik,13,11,29,37
Pex1,228,290,203,370
4833413G10Rik,2,10,6,13
Gatad1,87,148,94,155
Ankib1,1011,1053,881,1845
Krit1,606,681,599,1042
Lrrd1,4,6,2,11
Mterf1a,17,23,21,29
Akap9,3079,3190,2867,5433
Gm43031,6,13,8,19
Cyp51,197,208,227,565
Mterf1b,13,33,32,32
Fzd1,2,1,2,4
Cdk14,696,811,851,1006
Gm43112,0,0,2,1
Gm43113,4,2,5,3
Gm43111,15,11,14,10
Gm43623,2,5,7,4
Gm43577,1,5,4,2
Gm10484,3,5,4,8
Gm43727,2,2,6,4
Gm43728,6,5,8,13
Pttg1ip2,4,1,0,0
Cldn12,70,64,64,151
Gtpbp10,57,74,74,148
Cfap69,317,259,351,690
Steap2,89,189,147,227
Steap1,9,17,15,14
Zfp804b,6863,4644,5991,14225
Tex47,2,2,2,7
Gm30835,9,7,0,3
Steap4,4,0,0,8
Gm15731,6,2,6,6
Sri,117,136,124,236
Adam22,1340,1398,1110,2310
Dbf4,39,15,14,31
Slc25a40,72,117,89,127
Rundc3b,954,932,817,1754
Abcb1a,20,38,0,16
Abcb1b,4,5,0,3
Abcb4,27,28,26,27
Crot,67,106,108,167
Tmem243,183,249,170,335
Dmtf1,466,587,469,912
Gm57257,44,58,30,72
Gm15734,1,2,1,0
Elapor2,2519,3160,1947,5393
Grm3,17,24,26,40
Sema3d,3,4,3,4
Sema3a,11,4,1,7
Sema3e,1191,1246,1332,2843
Gm4128,9,23,15,22
Pclo,2622,2768,1559,3971
Gm26918,3,4,2,9
Gm26954,4,2,2,9
Gm3510,17,11,12,17
Cacna2d1,6911,6797,6364,13871
Gm43000,0,2,3,2
Hgf,42,41,54,38
Sema3c,14,26,4,20
Cd36,111,279,202,371
Gnat3,22,34,5,42
Gnai1,1111,1128,1131,2292
4921504A21Rik,55,81,81,169
Magi2,8905,10812,10538,16889
Gm29254,1,4,1,4
Phtf2,202,241,173,357
Tmem60,50,61,94,125
Rsbn1l,703,663,712,1194
A630072M18Rik,16,27,25,34
Ptpn12,475,550,454,941
Gsap,453,529,446,859
Ccdc146,10,19,12,31
Fgl2,20,42,37,48
Fam185a,432,503,401,641
Fbxl13,14,4,23,19
Lrrc17,2,0,0,1
Armc10,208,240,232,677
Napepld,208,266,209,524
Pmpcb,117,103,113,227
Dnajc2,125,124,108,189
Psmc2,214,161,214,403
Reln,60,37,12,48
Orc5,239,258,277,531
6030443J06Rik,435,512,479,875
Lhfpl3,40,29,54,113
5031425E22Rik,358,552,402,718
Gm57286,26,60,29,60
Gm57294,1,7,4,9
Kmt2e,3065,2804,2504,5243
Srpk2,2632,2985,2288,4614
Gm43566,1,3,5,8
AI506816,35,45,51,69
Pus7,225,286,180,376
Rint1,373,538,403,711
4933427G23Rik,7,17,10,12
Tomm7,16,27,36,43
2700038G22Rik,5,22,8,10
Hycc1,526,652,604,893
Klhl7,2941,2769,3173,6708
Nupl2,95,145,111,218
Kcnh2,164,180,121,218
Nos3,3,15,9,6
Gm15587,0,3,2,7
Abcb8,93,115,108,183
Asic3,8,2,9,9
Cdk5,73,93,62,106
Slc4a2,132,164,126,254
Fastk,130,188,131,250
Tmub1,6,18,14,21
Agap3,685,667,454,1041
Gbx1,1,1,1,2
Iqca1l,22,22,40,42
Abcf2,91,98,63,151
Chpf2,85,122,70,163
Smarcd3,43,36,36,63
Nub1,414,368,500,834
Gm26648,0,2,3,9
Wdr86,0,0,0,3
Rheb,581,568,1001,2185
Prkag2,1549,2083,1377,3036
Prkag2os1,3,4,3,5
1500035N22Rik,19,36,17,40
2900005J15Rik,112,148,146,237
Galnt11,375,553,435,857
Kmt2c,4013,3951,3364,6802
1700096K18Rik,3,24,17,26
Xrcc2,28,15,35,51
Actr3b,44,71,18,46
Dpp6,641,1098,427,729
Speer4b,1,0,0,0
Paxip1,349,363,345,651
Gm57306,1,4,2,2
Gm26608,9,5,8,17
Insig1,153,166,192,352
Rbm33,1605,1846,1535,2947
9530036O11Rik,272,463,261,516
Gm57284,7,14,15,9
Rnf32,452,646,514,788
Lmbr1,652,786,799,1451
4632411P08Rik,4,13,6,12
Nom1,197,235,209,381
Mnx1,15,10,0,6
Ube3c,1034,1145,923,2089
Gm5129,0,2,1,0
Dnajb6,1004,795,924,2212
Il6,1,0,0,0
Tyms,27,39,23,42
Hadha,450,593,595,1085
Hadhb,349,361,413,754
Adgrf3,1,1,1,0
Gm57315,48,143,88,111
Selenoi,570,858,629,1355
Drc1,434,415,414,686
Otof,151,41,181,265
Fam166c,37,34,68,100
Cib4,10,8,25,56
Gm42765,11,10,5,17
Gm9899,22,30,24,43
Kcnk3,526,841,698,1184
Slc35f6,26,50,45,58
Cenpa,10,12,5,6
Dpysl5,70,48,69,70
Mapre3,723,1034,679,1413
Gm19409,73,91,71,102
Gm15461,1,3,6,4
Tmem214,376,434,335,708
Agbl5,191,241,186,311
Ost4,26,71,55,78
Emilin1,7,21,6,10
Khk,16,32,28,37
Cgref1,4,8,5,9
Abhd1,5,4,2,4
Preb,301,587,353,756
Slc5a6,16,8,14,30
Atraid,98,108,110,196
Cad,50,68,22,52
Mpv17,130,154,157,239
Gtf3c2,615,611,544,1154
Eif2b4,99,129,97,138
Snx17,52,84,43,114
Zfp513,47,71,47,104
Ppm1g,154,168,188,359
Gm57317,0,5,1,6
Gm9970,1,3,6,11
Nrbp1,316,265,243,517
Krtcap3,29,39,47,67
Ift172,278,272,272,498
Fndc4,3,4,7,22
Gckr,5,3,4,26
Zfp512,377,443,426,745
Ccdc121,5,4,3,17
Gpn1,74,85,61,130
Supt7l,28,39,49,53
Slc4a1ap,237,325,286,461
AI839979,3,12,10,19
Gm43660,6,7,6,9
Mrpl33,198,240,143,305
Rbks,239,346,273,519
Babam2,2182,2844,2181,4351
Gm17130,5,11,10,19
Fosl2,240,87,236,670
Plb1,5,8,2,9
Gm36840,1,4,1,1
Ppp1cb,1696,1700,2006,3537
Gm15614,26,69,80,92
Yes1,447,611,577,919
Pisd,231,336,209,409
Prr14l,801,1034,782,1383
Depdc5,486,558,553,950
Ywhah,96,124,144,223
Slc5a1,1,1,0,2
Spon2,55,85,49,61
Ctbp1,236,190,163,403
Maea,369,358,345,657
Uvssa,476,472,561,1105
Fam53a,139,135,113,250
Gm9903,8,16,7,28
Slbp,130,118,117,196
Tmem129,6,17,13,17
Tacc3,34,24,22,77
Fgfr3,16,13,12,23
Letm1,149,164,91,205
Nsd2,1134,1138,978,2175
Nelfa,119,160,102,258
Gm42849,0,0,1,0
Gm42851,1,0,5,5
Gm1673,2,1,7,5
Poln,14,11,11,56
Haus3,35,41,32,72
Mxd4,459,585,475,917
Zfyve28,2,1,0,0
Gm57273,12,11,7,23
Rnf4,334,256,356,745
Fam193a,1907,1982,1565,3330
Tnip2,236,159,233,439
Sh3bp2,15,16,12,16
Add1,560,680,537,1056
Mfsd10,37,46,36,83
Nop14,207,202,186,374
Grk4,115,119,89,193
Gm42560,1,7,4,5
Htt,1047,1166,887,2144
Msantd1,24,38,29,49
Rgs12,43,56,54,99
Hgfac,58,90,74,152
Dok7,5,2,0,3
Lrpap1,113,104,141,272
Trmt44,42,68,43,82
Acox3,99,87,101,144
Htra3,0,0,0,1
Sh3tc1,4,5,0,2
Ablim2,72,110,75,90
Afap1,31,23,37,49
Sorcs2,1840,2128,1770,2767
Psapl1,3,11,3,6
2210406O10Rik,10,10,5,16
Grpel1,130,104,127,283
Tada2b,84,58,50,94
Ccdc96,20,26,40,14
Tbc1d14,313,371,282,581
D5Ertd579e,885,942,900,1804
Gm57280,6,7,8,16
Bloc1s4,6,12,10,8
Mrfap1,152,182,134,135
Man2b2,26,36,38,78
Ppp2r2c,4,15,5,13
Wfs1,31,97,37,56
Jakmip1,52,71,12,36
Gm1043,32,62,9,25
Crmp1,186,178,124,293
Evc,3,8,5,4
Evc2,10,11,16,9
Stk32b,104,32,93,231
Msx1,2,1,1,4
Stx18,848,1206,958,1969
Nsg1,4,7,7,17
Zbtb49,54,77,55,83
Lyar,31,43,25,49
Tmem128,52,55,65,113
Slc2a9,298,319,360,630
Wdr1,350,174,347,1029
Gm57313,0,1,2,4
Zfp518b,13,17,21,24
Clnk,1,10,2,7
4930513D17Rik,4,3,9,11
Hs3st1,32,38,32,36
Rab28,768,847,1024,1875
Bod1l,1222,1235,1201,1964
Gm16223,1,0,2,0
Gm7854,37,48,41,86
Cpeb2,332,292,271,497
C1qtnf7,0,8,0,0
Gm15866,0,2,0,0
Cc2d2a,519,547,604,1305
Fbxl5,433,472,413,844
Bst1,4,1,0,0
Cd38,11,14,0,7
Gm16014,0,0,0,0
Prom1,1061,1500,961,2145
Gm42716,39,50,40,81
Gm16401,1,5,3,3
Tapt1,532,545,520,1028
Gm42982,6,6,9,16
Gm42984,30,97,53,59
Ldb2,13,40,0,5
Gm43507,0,1,0,0
Gm3364,0,0,0,0
D5Ertd615e,9,4,7,23
Qdpr,57,84,89,123
Gm42413,12,22,30,47
Lap3,75,113,71,122
Med28,51,72,53,83
Fam184b,423,608,313,573
9630001P10Rik,19,17,13,21
Ncapg,6,3,4,6
Lcorl,1943,1919,1654,4255
Slit2,2,9,2,10
5730480H06Rik,243,313,265,528
Kcnip4,7199,9504,11078,19333
Gm20700,1,0,1,0
Adgra3,128,103,126,250
Gm43016,3,1,1,2
Ppargc1a,1736,1404,3847,9366
Dhx15,496,507,473,1001
9230114K14Rik,100,186,164,354
C130083M11Rik,0,2,2,4
Sod3,0,0,0,0
Ccdc149,305,380,274,587
Lgi2,178,370,134,486
8030423F21Rik,1,1,3,1
Sepsecs,755,831,775,1621
Pi4k2b,292,309,289,526
Zcchc4,230,245,185,516
Anapc4,492,513,407,858
Sel1l3,748,1022,868,1427
Smim20,41,93,48,82
Gm45495,3,5,2,3
Rbpj,372,472,340,741
Tbc1d19,611,811,629,1288
Stim2,731,919,724,1525
4932441J04Rik,0,5,1,2
Pcdh7,2,5,0,1
Gm43042,1,2,0,0
Arap2,80,91,40,80
Dthd1,2,3,0,2
Nwd2,4,8,4,2
0610040J01Rik,2518,2972,2464,4378
Rell1,227,307,146,429
Gm15819,1,0,1,0
Pgm2,89,92,93,230
Tbc1d1,1927,1792,1631,3855
Gm43838,0,0,1,4
Gm31363,0,2,0,0
Gm57289,0,1,0,2
Gm20033,14,8,20,35
Klf3,135,291,144,234
Tlr1,5,2,2,0
Fam114a1,879,1343,1283,2192
Tmem156,7,5,0,2
Klhl5,68,79,79,166
Wdr19,192,200,186,334
Rfc1,592,638,523,1048
Klb,601,321,738,1103
Rpl9,298,363,314,464
Lias,432,332,601,861
Ugdh,286,232,298,530
Smim14,1068,1463,1379,2663
Ube2k,1448,1577,1300,2688
Gm42726,8,14,11,19
Pds5a,1128,1192,1010,2059
N4bp2os,23,21,26,20
N4bp2,559,513,509,1064
Rhoh,52,49,4,2
Chrna9,8,13,7,9
9130230L23Rik,28,25,21,62
Rbm47,440,748,647,846
Gm26725,5,11,14,13
Nsun7,25,17,19,36
Apbb2,2283,2429,1716,3926
Uchl1os,29,17,32,58
Uchl1,32,16,41,55
Limch1,208,187,21,167
Gm42670,4,7,3,3
Tmem33,105,173,123,249
Slc30a9,421,699,438,916
Gm43698,0,1,1,4
Bend4,65,83,83,122
Gm26756,12,8,16,9
Atp8a1,615,596,502,1052
Gm15478,7,3,4,12
Gm15477,1,2,0,8
Kctd8,536,541,305,574
Guf1,303,374,278,505
Gnpda2,35,65,36,76
Gabrg1,86,41,85,154
Gabra2,2,1,1,4
Cox7b2,24,6,3,51
Gabra4,190,98,81,484
Gabrb1,227,176,75,535
Commd8,21,33,33,58
Atp10d,67,76,15,68
Corin,1063,662,1110,4072
Gm20647,23,24,30,98
Nfxl1,745,840,635,1321
Slc10a4-ps,3,5,4,5
Nipal1,580,673,729,1472
Txk,28,35,6,12
Tec,322,225,241,467
Slain2,635,606,649,1395
Gm10135,19,42,39,72
Fryl,2916,3415,3062,5998
Gm57260,0,0,3,0
Gm34411,0,0,3,0
Ociad1,507,535,517,1145
Ociad2,150,164,337,472
Dcun1d4,321,263,288,667
Lrrc66,0,0,2,3
Sgcb,68,84,106,184
Usp46,279,431,255,399
Usp46os1,6,7,9,17
Usp46os2,1,2,3,4
Dancr,7,25,14,17
Scfd2,2138,2555,2426,4996
Fip1l1,1265,1344,1127,2410
Lnx1,810,1145,1088,2676
Gm32304,1,4,11,13
Gm15984,0,9,23,12
Chic2,394,499,492,834
Pdgfra,1,0,1,1
Kit,291,159,315,963
Gm19590,5,16,13,20
Kdr,65,49,0,23
Srd5a3,64,56,79,129
Tmem165,235,407,387,709
Clock,1528,1587,1361,2773
Gm7467,6,14,9,9
Exoc1,316,314,403,678
Cep135,280,199,225,442
Cracd,8,6,4,11
Aasdh,197,221,234,404
Ppat,745,724,634,1957
ENSMUSG00000121495,85,93,134,184
Paics,132,148,177,316
Srp72,782,874,888,1897
Arl9,14,15,9,36
Thegl,4,2,1,17
Hopx,49,83,103,120
Hopxos,1,0,1,0
Rest,37,23,53,59
Noa1,25,43,22,18
Polr2b,180,196,133,286
Igfbp7,610,527,555,940
Gm34648,4,0,1,4
Adgrl3,1792,2535,2602,3493
Epha5,11,3,11,15
Cenpc1,570,613,573,1008
Stap1,34,27,3,13
Uba6,631,581,589,1521
Tmprss11d,1,2,0,3
Ythdc1,1790,1484,1880,3968
Ugt2b34,65,85,122,135
Sult1b1,1,0,0,2
Sult1d1,20,16,18,18
Jchain,38,10,2,2
Utp3,32,85,43,50
Gm57272,0,4,2,9
Rufy3,1416,1585,1351,2695
Grsf1,214,197,153,344
Gm57324,6,20,18,12
Mob1b,308,345,321,534
Dck,17,17,19,43
Gm42912,3,5,2,5
Slc4a4,840,927,941,1397
Gc,253,463,302,842
Adamts3,8,5,2,6
Cox18,77,130,75,155
Ankrd17,3232,3065,3219,6700
Gm9958,6,6,9,9
Alb,1,4,15,20
Afm,25,29,15,51
Albfm1,2,0,0,2
Rassf6,95,109,90,140
Cxcl1,1,0,0,2
Cxcl2,0,0,0,0
Mthfd2l,81,98,116,194
Areg,2,3,3,0
Gm19619,0,0,0,2
Btc,2,4,5,5
Parm1,45,80,45,86
Rchy1,193,236,260,411
Cdkl2,188,220,197,363
G3bp2,698,581,619,1543
D430040L24Rik,3,15,3,16
Uso1,937,1429,914,1978
Ppef2,3,6,5,10
Naaa,20,23,18,23
Sdad1,182,245,154,318
Gm43599,1,6,4,11
Art3,1,2,1,3
Cxcl10,14,12,13,26
Nup54,136,136,134,257
Scarb2,587,491,572,1181
Ccdc158,4,3,3,6
Shroom3,2457,2965,2405,5974
Sowahb,1,3,2,2
Septin11,242,230,182,354
Ccni,198,287,246,466
2010109A12Rik,9,16,5,9
Ccng2,29,27,27,46
Cxcl13,21,3,1,1
Cnot6l,2869,3343,3152,6689
Mrpl1,620,755,594,1247
Fras1,212,220,104,157
Gm42604,1,1,3,9
Anxa3,5,6,0,11
1700016F12Rik,0,0,0,0
Gm33370,0,0,1,1
Gm8013,6,1,0,0
Gm9484,5,5,6,5
Bmp2k,120,114,57,178
Paqr3,266,107,201,568
Gm2861,0,2,0,0
Antxr2,25,17,4,7
Cfap299,3,7,22,15
Bmp3,10,9,4,3
Prkg2,3,6,0,11
Gm43251,2,3,1,0
Rasgef1b,1579,1018,2369,3536
Gm35172,1,0,4,3
Gm16226,6,5,18,24
Gm38413,12,4,5,22
Vamp9,22,19,41,45
Hnrnpd,873,823,745,1580
Gm17092,23,37,23,40
Hnrnpdl,790,1174,806,1474
Enoph1,59,81,38,100
Tmem150c,249,366,191,417
Tmem150cos,3,6,2,4
Sec31a,1697,2578,1607,3298
5430416N02Rik,32,47,20,47
Lin54,169,197,185,322
Cops4,370,414,300,660
Plac8,9,9,3,0
Coq2,190,373,252,526
Hpse,7,10,11,38
Helq,219,210,193,325
Mrps18c,31,48,47,61
Abraxas1,63,94,62,113
Gm43514,0,0,1,0
4930458D05Rik,0,2,1,0
Gpat3,15,24,13,34
Nkx6-1,102,127,22,152
9430085M18Rik,3,1,3,5
Cds1,304,242,207,824
Wdfy3,2054,1960,1755,3827
Gm20548,9,8,3,20
Gm29707,1,1,2,1
Arhgap24,706,864,590,1026
Mapk10,3264,4495,5112,8102
Ptpn13,1495,1781,1426,3184
Gm42620,6,19,12,18
Slc10a6,0,0,6,3
Aff1,1534,1054,1068,2837
Klhl8,56,60,70,87
Hsd17b13,5,0,2,10
Hsd17b11,121,142,199,357
Nudt9,26,49,33,46
Gm17660,0,0,0,0
Sparcl1,4,4,1,10
Gm26703,1,1,1,0
Spp1,36,147,118,77
Pkd2,620,737,708,1191
Thoc2l,1144,1246,1127,2586
Zfp33b,64,147,125,179
Zfp951,213,274,227,402
Abcg3,2,4,1,0
Gbp8,7,17,7,1
Gbp9,6,17,1,7
Gbp4,8,11,0,2
Gbp6,5,5,5,26
Gbp11,0,0,0,2
Lrrc8b,190,185,239,504
Lrrc8c,55,107,31,39
C230066G23Rik,1,0,0,0
Gm57323,14,12,13,29
Lrrc8d,1086,1354,1068,2181
Lrrc8dos,2,5,6,14
Zfp326,484,480,479,949
Gm28050,4,5,5,13
Zfp644,1162,1162,1251,2737
Hfm1,41,25,23,53
Cdc7,33,64,28,70
Gm33474,1,0,0,0
Tgfbr3,368,171,336,603
Brdt,208,222,253,477
Gm42902,85,101,107,215
Ephx4,102,98,83,206
Gm17202,13,10,10,21
Btbd8,689,540,685,1510
1700028K03Rik,18,20,19,31
Glmn,314,327,345,739
Rpap2,264,357,307,521
A930041C12Rik,6,7,11,15
Gm26692,57,53,50,126
Evi5,848,875,815,1499
Rpl5,274,447,323,366
Dipk1a,163,124,125,197
Mtf2,764,671,663,1468
Tmed5,141,137,145,275
Ccdc18,20,5,46,41
Dr1,46,63,43,69
Pigg,93,140,133,227
9330198I05Rik,3,0,1,2
Gm10419,2,1,0,4
Atp5k,5,4,8,4
Mfsd7a,1,1,2,1
Pcgf3,180,254,242,370
Gak,813,751,735,1631
Tmem175,223,317,291,498
Dgkq,103,114,77,179
Idua,54,58,44,72
Slc26a1,4,6,8,7
Fgfrl1,4,3,3,4
Gm20629,44,33,43,109
Crlf2,30,17,41,79
5430403G16Rik,66,66,85,117
A430073D23Rik,133,186,158,237
4930522L14Rik,18,20,27,43
Gm57295,24,36,31,42
ENSMUSG00000121596,76,102,76,133
Gm26779,18,24,16,48
Gm15446,67,116,79,138
Zfp932,95,132,93,223
Gm17655,20,44,17,21
Gm35315,14,30,21,24
Plcxd1,9,9,4,13
Gtpbp6,52,40,47,97
Zfp605,64,73,48,74
Chfr,381,527,464,851
Gm15787,24,39,30,44
Golga3,627,842,644,1233
Gm43138,43,54,37,83
Ankle2,345,310,328,672
Pgam5,66,99,73,112
Gm15788,23,24,18,41
Pxmp2,2,2,4,6
Pole,10,5,4,18
Fbrsl1,1087,879,849,2104
A630023P12Rik,13,11,2,4
Galnt9,10,13,0,18
Noc4l,24,13,15,49
Ddx51,69,61,42,109
Gm42595,17,8,20,48
Ep400,1146,1143,1002,2165
Gm15559,31,34,27,47
Pus1,13,26,19,35
Ulk1,347,389,383,865
Hscb,13,42,22,33
Chek2,12,6,10,12
Ttc28,1513,1656,1586,2849
Pitpnb,471,581,434,999
Gm43118,0,0,1,3
Mn1,1,4,1,2
Miat,3,2,6,10
Crybb1,1,4,1,5
Tpst2,299,412,293,731
Tfip11,105,58,68,143
Srrd,60,42,67,182
Hps4,212,287,217,470
Asphd2,0,2,0,2
Sez6l,578,602,103,677
Ccdc121rt2,2,3,0,4
Myo18b,5,1,1,1
Grk3,1538,1490,1146,2398
Crybb3,48,26,20,108
2900026A02Rik,2273,1706,1437,3954
Gm42161,15,18,12,23
Sgsm1,1505,1706,1081,2633
4930405N21Rik,39,82,47,82
Wscd2,37,21,27,78
Gm57314,2,0,0,0
Cmklr1,1,2,0,1
Ficd,29,27,24,48
Sart3,233,232,173,459
Iscu,45,57,54,88
Tmem119,1,0,0,0
Selplg,5,11,1,4
Coro1c,1158,663,1593,3729
Gm42797,1,2,7,5
Ssh1,285,298,231,426
Svop,424,609,424,876
Usp30,135,121,105,229
Alkbh2,13,51,28,52
Ung,41,45,46,79
Acacb,36,32,175,153
Myo1h,5,11,1,8
Kctd10,16,18,12,36
Ube3b,190,233,153,336
Mmab,29,54,46,66
Mvk,29,34,34,53
Fam222a,491,301,368,954
Trpv4,6,3,2,10
Gltp,16,25,9,19
Tchp,132,147,79,198
Git2,523,569,543,985
4930515G01Rik,0,3,1,1
Ankrd13a,223,216,148,323
1500011B03Rik,32,68,58,86
Oasl2,6,2,4,23
Oasl1,0,11,3,11
2210016L21Rik,101,130,92,150
Hnf1a,34,86,55,79
Hnf1aos1,618,1014,582,972
Sppl3,1230,1293,1323,2180
Acads,35,30,30,44
Unc119b,80,104,103,178
Mlec,275,567,266,526
Cabp1,30,73,10,36
Gm57268,0,0,0,2
Pop5,35,54,18,34
Rnf10,559,648,448,917
Coq5,138,151,204,296
Dynll1,48,77,51,78
Gm13830,29,39,45,53
Gm57320,2,9,3,3
Srsf9,50,60,28,72
Gatc,13,24,19,29
Triap1,26,33,33,62
Cox6a1,45,81,61,118
A430102K17Rik,1,3,4,4
Gm13832,4,2,1,1
Msi1,90,110,53,100
Pla2g1b,0,1,1,2
Sirt4,43,83,51,69
Gm57305,10,9,14,14
Pxn,125,128,105,226
Rplp0,130,198,141,191
Gcn1,473,562,411,901
1110006O24Rik,2,0,0,2
Rab35,59,66,63,137
Bicdl1,843,878,603,1418
Cit,468,640,364,635
Gm14508,10,28,13,26
Prkab1,40,47,37,82
Ccdc60,3,12,12,19
Gm14507,0,0,0,0
Hspb8,40,26,20,45
Srrm4os,3,8,10,19
Srrm4,51,75,40,70
Suds3,236,282,222,450
9530046B11Rik,8,10,5,14
Gm57263,9,11,14,10
Taok3,1451,1490,1182,2399
Pebp1,63,141,108,168
BC051077,0,0,2,3
Gm10399,10,20,7,15
Vsig10,260,303,382,540
Wsb2,212,249,224,510
Rfc5,37,41,27,100
Gm15728,13,6,7,27
Ksr2,3376,6624,2774,6431
Nos1,10,2,11,17
Fbxo21,417,409,374,785
Tesc,106,166,177,228
Fbxw8,566,733,523,1014
Gm9754,4,6,4,6
Rnft2,109,218,85,205
Spring1,59,30,25,104
Med13l,1620,1548,1400,3085
Tbx3os1,14,5,1,8
Tbx3,0,2,0,5
Rbm19,100,114,74,172
Gm10390,1,1,2,3
Sdsl,8,11,2,24
Gm15690,0,0,2,1
Plbd2,56,59,50,112
Slc8b1,34,32,30,41
Tpcn1,451,468,394,777
Iqcd,18,23,24,30
Rita1,13,28,9,22
Ddx54,138,145,122,254
Gm43579,4,2,2,3
Cfap73,20,16,45,74
Rasal1,8,6,5,16
Dtx1,19,48,12,41
Oas2,4,0,2,1
Oas1c,19,23,23,47
Oas1b,11,19,17,25
Oas1g,10,14,7,10
Oas1a,4,7,2,14
Ptpn11,410,476,394,867
Rpl6,242,486,274,364
Hectd4,1176,1283,1070,2129
Gm57321,7,4,2,16
Trafd1,230,223,249,529
Gm42917,21,37,30,54
Gm42918,1,1,2,3
Naa25,261,249,173,375
Erp29,121,165,100,213
Tmem116,34,34,37,90
Adam1a,19,23,12,36
Mapkapk5,245,228,207,462
Aldh2,26,42,41,64
Acad12,106,108,93,153
Acad10,134,129,135,207
Brap,206,216,161,392
1700064N11Rik,5,8,4,11
Atxn2,1172,1284,948,1961
Gm16552,12,26,17,24
Sh2b3,51,64,50,98
Pheta1,16,25,18,19
Cux2,1241,1067,896,1709
Gm3970,1,4,6,10
Gm15637,0,2,0,2
Ppp1cc,188,222,170,314
Hvcn1,17,4,1,5
Tctn1,127,109,128,244
Pptc7,200,250,156,382
Rad9b,162,205,161,310
Vps29,70,92,101,157
Fam216a,101,131,128,216
Gpn3,76,63,87,138
Arpc3,141,137,119,241
Gm57265,1,1,0,0
Gm42829,7,9,3,12
Anapc7,170,177,145,247
Atp2a2,2404,2441,2128,5242
Gm57291,11,11,14,11
Ift81,941,1008,723,1800
P2rx7,6,15,2,6
P2rx4,517,662,731,1057
Camkk2,233,301,187,379
Anapc5,942,1106,873,1867
Gm33044,0,3,1,1
Rnf34,141,132,190,315
Kdm2b,542,439,432,852
A930024E05Rik,33,42,37,35
Gm2479,4,2,4,2
Orai1,108,45,48,95
Morn3,3,1,3,3
Tmem120b,98,167,86,240
Rhof,18,40,17,37
AI480526,499,573,598,909
Gm38102,8,17,9,11
4932422M17Rik,29,41,61,64
Setd1b,256,296,239,418
Psmd9,198,199,227,421
Wdr66,13,16,16,26
Gm15860,25,47,44,33
Bcl7a,262,249,336,430
5830487J09Rik,15,9,28,41
Gm15747,15,20,6,26
Mlxip,695,730,585,1397
Gm43813,112,100,114,182
Lrrc43,0,0,1,2
Gm15751,0,0,2,5
Diablo,129,113,112,270
Gm49027,16,15,13,39
Vps33a,350,382,359,711
Clip1,1343,1291,1150,2557
Zcchc8,364,467,354,670
Rsrc2,1842,1627,1943,3850
Kntc1,13,16,11,20
Hcar2,8,7,9,17
Hcar1,15,45,19,30
Denr,113,198,112,207
Ccdc62,512,601,640,1014
Hip1r,524,685,394,680
Vps37b,533,429,284,574
Gm34086,13,18,22,33
Gm43661,0,3,0,4
Abcb9,404,551,360,573
Gm16001,8,24,18,21
Ogfod2,69,66,50,95
Arl6ip4,83,115,68,163
Pitpnm2,3140,3206,2527,5764
Pitpnm2os2,8,13,4,24
Pitpnm2os1,12,22,15,33
Mphosph9,628,692,535,1183
Mtrfr,5,27,15,36
Cdk2ap1,94,102,84,187
Sbno1,1561,1326,1171,2404
Kmt5a,391,405,361,587
Rilpl2,144,136,163,312
Snrnp35,36,44,40,82
Rilpl1,94,79,87,143
Tmed2,319,358,362,638
Ddx55,324,325,300,602
Eif2b1,48,37,63,109
Gtf2h3,60,53,40,81
Tctn2,84,113,111,165
Atp6v0a2,221,307,171,359
Dnah10,4,5,3,16
Ccdc92,240,181,183,482
Zfp664,403,468,364,807
Rflna,157,187,71,220
Ncor2,1206,1455,816,1831
Gm42839,0,2,2,5
Gm32585,0,1,1,4
Scarb1,120,102,129,186
Ubc,445,1513,460,396
Gm10382,4,17,6,12
Gm57271,6,29,23,14
Gm57275,1,9,1,8
Dhx37,49,61,46,73
Bri3bp,26,49,27,42
Aacs,224,265,186,378
Tmem132b,204,283,73,253
Tmem132c,3,4,0,1
Tmem132cos,1,0,0,0
Slc15a4,100,123,112,173
Glt1d1,380,476,275,590
Tmem132d,0,10,8,13
Rimbp2,8297,10300,7516,14477
Gm42875,18,20,11,28
Stx2,55,58,72,67
Ran,51,46,40,83
Adgrd1,3,0,0,3
Sfswap,1050,1050,854,1982
Mmp17,1,0,0,2
Zfp11,17,30,18,22
Mrps17,44,89,71,135
Nipsnap2,628,673,700,1213
Gm15903,24,34,39,51
Psph,29,42,26,51
Cct6a,254,297,217,559
Sumf2,55,46,47,97
Phkg1,11,14,9,25
Chchd2,43,121,94,83
Zbed5,49,32,66,98
Nupr1l,8,18,14,19
Vkorc1l1,410,525,369,720
Gusb,47,69,80,100
Asl,17,27,34,66
Crcp,143,186,134,292
Tpst1,424,435,385,876
Kctd7,16,9,12,29
Gm57269,9,15,8,7
Rabgef1,341,272,253,695
Tmem248,513,402,566,1188
Gm6598,14,33,21,25
Sbds,327,205,383,750
Tyw1,216,282,204,388
Caln1,2,2,3,3
Galnt17,7,5,4,22
Gm29681,4,1,2,0
Auts2,26700,33966,26810,53730
2810432F15Rik,25,75,31,71
4930563F08Rik,11,22,30,39
Gm42439,75,189,202,294
Gm15627,2,1,3,1
Castor2,3098,3986,2945,6660
Rcc1l,145,206,121,264
Gtf2ird2,203,264,261,381
Ncf1,4,10,5,10
Gtf2i,1690,1784,1310,2846
Gm43480,1,3,2,2
Gtf2ird1,480,642,431,1036
Clip2,220,293,171,383
Gm42884,4,8,3,10
Rfc2,110,132,96,229
Lat2,16,15,8,28
Eif4h,366,369,378,816
Limk1,37,61,35,64
Eln,0,1,4,1
Gm30003,0,2,0,3
Mettl27,102,93,163,191
Cldn4,13,14,53,61
Cldn3,18,25,35,26
Wbscr25,7,10,11,14
Abhd11,37,25,20,55
Stx1a,111,119,68,147
Bud23,72,56,46,100
Dnajc30,4,18,11,23
Vps37d,87,123,145,180
Mlxipl,402,422,151,458
Gm43500,1,2,0,3
Tbl2,63,92,58,127
Bcl7b,131,134,167,345
Baz1b,1304,1149,922,1818
Nsun5,37,40,37,71
Pom121,220,185,184,421
Hip1,348,392,370,651
Rhbdd2,191,244,248,521
Por,645,707,790,2082
Tmem120a,57,43,38,95
Styxl1,17,26,35,45
Mdh2,146,212,162,293
Srrm3,764,980,709,1422
Srrm3os,2,2,0,3
Hspb1,11,29,3,2
Ywhag,360,482,425,855
Ssc4d,7,4,2,1
Dtx2,100,93,55,118
Rasa4,2,10,2,3
Polr2j,33,44,27,51
Gm43604,0,1,4,2
Lrwd1,37,49,14,62
Alkbh4,15,12,15,19
Orai2,53,70,49,78
Prkrip1,114,112,125,292
Sh2b2,1,3,1,5
Cux1,1200,1384,1024,2190
Gm16599,45,102,101,161
Col26a1,501,534,374,766
Ift22,58,71,74,123
4933404O12Rik,53,42,48,108
Fis1,93,130,90,185
Cldn15,4,8,1,17
Znhit1,81,114,88,155
Plod3,57,99,68,138
Vgf,40,53,82,95
Ap1s1,64,99,57,114
Serpine1,363,257,770,881
Trim56,147,170,159,254
Gm31160,11,7,3,18
Muc3a,10,10,13,19
Gm57304,11,11,11,13
Gm42456,17,21,14,15
Ache,89,207,99,123
Ufsp1,40,85,36,83
Srrt,514,480,379,651
Trip6,17,26,19,18
Slc12a9,103,111,98,186
Ephb4,1,2,0,3
Zan,75,64,71,130
Epo,15,14,10,42
Pop7,6,9,5,15
9130604C24Rik,0,3,0,2
Gm8066,29,36,27,34
Gigyf1,458,381,356,576
Gnb2,253,275,179,421
Gm17112,3,2,0,3
Actl6b,92,122,115,184
Tfr2,3,2,3,10
Mospd3,15,17,18,20
Pcolce,5,10,3,14
Fbxo24,7,7,5,8
Gm36266,9,17,12,22
Lrch4,69,80,41,103
Sap25,80,102,60,149
Agfg2,101,138,116,180
Nyap1,97,74,76,137
Spacdr,114,188,142,202
Ppp1r35,4,8,9,15
Mepce,71,56,42,153
Zcwpw1,46,38,34,79
Pilra,0,0,0,0
Cyp3a13,14,13,21,16
Zkscan1,248,238,302,513
Gm57302,5,3,4,2
Zscan21,147,154,176,326
Zfp113,71,106,81,137
Cops6,15,39,16,34
Mcm7,32,35,42,52
Ap4m1,113,152,144,230
Taf6,82,136,79,156
Cnpy4,14,12,10,13
Mblac1,1,4,3,0
Lamtor4,43,92,36,87
Trappc14,26,52,27,50
6330418K02Rik,7,16,11,28
Gpc2,3,1,6,5
Stag3,4,2,3,15
Gm10874,1,2,1,0
Zfp157,235,259,237,458
Zfp68,115,164,198,299
A430033K04Rik,73,174,111,156
Fam20c,717,913,426,854
Pdgfa,225,157,194,349
6330403L08Rik,19,27,21,50
Prkar1b,684,666,520,1103
Gm15672,12,11,10,14
Dnaaf5,134,149,131,232
Sun1,436,505,425,861
Get4,154,141,151,364
Adap1,5,3,0,1
Cox19,60,68,56,131
3110082I17Rik,403,768,474,807
Gpr146,64,54,71,115
C130050O18Rik,7,8,7,10
Gper1,3,5,3,3
Zfand2a,133,80,69,210
Gm57325,9,14,13,14
Micall2,4,5,4,6
Ints1,64,82,49,103
Mafk,230,88,123,315
Tmem184a,79,116,108,162
Psmg3,11,20,8,14
Mad1l1,352,490,256,634
Gm16122,3,4,4,11
Gm16120,1,1,0,1
Nudt1,11,17,10,20
Mrm2,4,11,1,10
Snx8,93,117,81,192
Eif3b,118,190,110,223
Kif19b,3,9,3,12
Chst12,14,27,31,30
Lfng,6,1,0,1
Ttyh3,44,46,34,62
Iqce,286,345,255,453
Brat1,54,54,54,87
Amz1,3,1,4,8
Gna12,382,389,359,726
Card11,64,49,0,2
Sdk1,7606,8049,7741,17463
Gm16035,58,132,105,126
Gm16036,5,8,11,29
Foxk1,286,364,219,415
Ap5z1,117,102,84,176
Radil,142,119,208,317
Papolb,17,12,9,18
Mmd2,1,0,0,0
Wipi2,498,414,381,747
Slc29a4,203,197,154,302
Tnrc18,760,856,677,1396
Gm57301,8,9,6,15
Gm57270,0,5,6,5
Fbxl18,82,125,69,161
D430018E03Rik,9,15,8,20
Actb,739,894,1090,1229
Fscn1,8,4,3,7
Rnf216,1458,1604,1193,2413
Gm43378,11,17,19,35
Rbak,47,65,82,136
Spdye4b,2,0,4,0
Zfp12,69,72,53,116
Zfp316,50,61,58,88
BC030343,1,5,4,1
Ints15,16,16,12,32
Zdhhc4,49,64,59,89
0610040B10Rik,30,32,41,56
Grid2ip,4,7,1,6
Gm20635,19,24,14,40
9530056K15Rik,4,10,9,21
Kdelr2,313,374,356,765
Daglb,96,110,81,126
Rac1,304,336,248,664
Fam220a,1,4,1,5
Fam220a.1,89,68,61,140
Cyth3,332,416,314,635
Usp42,216,152,136,367
D130017N08Rik,21,40,35,39
Eif2ak1,259,242,217,516
Ankrd61,7,12,10,14
Aimp2,16,31,12,11
Pms2,129,145,132,273
Gm17135,6,9,6,16
Rsph10b,33,38,30,71
Ccz1,366,394,356,719
Lmtk2,833,819,705,1491
Bhlha15,7,13,7,11
Tecpr1,228,245,181,324
2900089D17Rik,21,9,11,36
Bri3,237,270,329,546
Baiap2l1,1629,1899,1680,3463
Gm15708,10,7,17,14
Nptx2,0,2,2,5
Tmem130,143,205,177,338
Trrap,1082,937,758,1585
Smurf1,491,401,290,734
Kpna7,3,6,3,8
Arpc1a,320,356,371,604
Arpc1b,81,57,65,137
Pdap1,210,254,131,296
Bud31,183,128,175,413
Ptcd1,41,53,38,60
Cpsf4,49,65,47,92
Atp5j2,42,108,82,103
Zkscan14,18,19,24,20
Zkscan5,30,52,46,79
Zfp655,229,215,280,615
Zscan25,91,97,104,169
1700001J03Rik,2,1,0,5
B230303O12Rik,48,26,50,132
Gm43625,33,29,27,72
Rnf6,109,196,166,262
Cdk8,4535,4398,4453,7637
Wasf3,347,347,313,673
Gm57278,1,3,1,1
Gm57259,3,15,4,6
Usp12,431,459,292,721
Rpl21,137,281,255,263
Rasl11a,0,2,0,1
Gtf3a,22,42,24,17
Mtif3,35,55,37,72
Lnx2,154,236,102,258
Polr1d,126,191,109,221
Plut,52,68,17,44
Pdx1,37,83,9,23
Gm27033,7,13,0,4
Flt3,1,5,0,1
Pan3,2386,2606,2356,4849
Flt1,140,233,3,82
Pomp,83,97,64,177
Slc46a3,66,79,84,156
Mtus2,44,39,35,76
Slc7a1,677,374,574,1574
Gm57292,8,6,9,9
Ubl3,3724,2877,3548,7951
2210417A02Rik,2,6,6,2
Katnal1,183,252,187,333
Gm15406,2,0,1,2
1810059H22Rik,5,10,5,8
Gm15409,1,6,0,2
5930430L01Rik,57,91,84,122
Gm15411,5,15,10,26
Gm15408,2,7,6,6
Hmgb1,719,524,561,1021
Mm2pr,6,8,6,11
Gm42788,0,0,1,3
Uspl1,348,324,265,663
Gm57255,1,0,3,2
2310047D07Rik,17,20,4,31
Gm29264,13,9,3,13
Alox5ap,3,4,3,11
Gm19719,1,3,1,1
Medag,1,7,0,4
Gm43150,1,0,3,2
Tex26,41,46,69,139
4933425D22Rik,3,0,2,5
Wdr95,1,4,1,4
Hsph1,1105,2701,852,871
B3glct,38,19,34,61
Fry,2234,2527,2270,4894
Gm42556,11,8,10,8
Gm57319,0,2,6,1
Brca2,125,92,123,293
Gm42529,2,5,3,2
Gm42531,7,2,8,14
N4bp2l1,165,269,187,470
Gm43598,2,3,2,7
Gm43597,18,9,11,32
N4bp2l2,908,891,1045,2368
Pds5b,1591,1423,1279,2965
Gm43807,8,2,6,19
Gm36447,2,28,4,29
Kl,339,434,252,705
Stard13,1453,2644,1694,3614
D730045B01Rik,11,15,21,25
1700028E10Rik,125,97,281,419
Vmn2r18,4,2,4,3
Rfc3,91,53,70,149
Gm20559,49,59,37,78
Samd9l,57,103,55,74
Hepacam2,782,875,703,1576
Vps50,451,565,516,1139
Tfpi2,2,0,0,1
Gng11,4,1,2,1
Bet1,74,174,169,219
Col1a2,97,128,188,327
Casd1,479,526,423,916
Sgce,712,1087,1115,2067
Peg10,26,150,71,97
Ppp1r9a,2595,2966,2404,5124
Pon3,76,105,97,134
Pon2,89,75,61,111
Asb4,31,57,31,63
Pdk4,530,1159,1717,1240
Gm34470,9,13,20,23
Dync1i1,1748,1933,1356,2982
Slc25a13,214,266,208,393
Gm20619,0,1,1,2
Sem1,161,211,253,416
Sdhaf3,119,152,118,194
Asns,175,94,138,323
C1galt1,535,848,574,892
Col28a1,15,24,14,25
Mios,191,202,244,441
Rpa3,24,42,35,57
Umad1,1792,2390,2148,3831
Gm16055,0,9,4,14
Gm16043,14,34,22,39
A430035B10Rik,16,38,14,31
Glcci1,1424,1609,1399,2550
Ica1,4250,4828,3569,8673
Nxph1,11104,9741,9238,20528
Ndufa4,72,75,86,121
Phf14,1335,1420,1342,2711
Thsd7a,822,1101,877,1647
Gm44129,4,3,5,2
Tmem106b,170,202,215,314
Vwde,1125,909,1046,1956
Tmem168,87,119,113,213
Bmt2,1016,1313,1307,2581
Gpr85,26,66,31,68
Smim30,19,45,29,56
1110019D14Rik,298,598,380,716
Foxp2,1851,2666,2236,3109
Mdfic,19,19,3,5
Gm15473,0,1,1,1
Gm4876,16,53,69,73
Tes,386,433,363,674
D830026I12Rik,8,3,9,13
Gm15581,26,55,11,64
Cav2,19,13,19,41
Cav1,27,113,46,148
Met,57,138,87,164
Capza2,305,295,355,672
St7,228,390,286,447
Cftr,0,0,0,0
Cttnbp2,241,129,61,136
Gm15594,7,6,3,10
Gm20186,63,79,56,75
Lsm8,7,15,16,25
Kcnd2,428,372,327,388
Tspan12,702,568,490,1260
Gm3289,1,6,1,8
Ing3,321,230,374,814
Cped1,102,67,21,179
Fam3c,304,523,256,584
Ptprz1,51,91,27,46
Aass,0,0,0,0
Cadps2,711,671,657,1426
Rnf133,3,0,0,1
Iqub,4,6,4,4
Ndufa5,25,29,32,41
Asb15,7,8,8,16
Wasl,673,674,606,1212
Pot1a,190,179,182,356
Grm8,66,195,9,159
6530409C15Rik,22,42,32,61
Zfp800,387,352,321,656
Gcc1,99,52,67,176
Arf5,136,164,160,300
Fscn3,2,2,4,7
Snd1,5362,7732,5078,10702
Lrrc4,261,570,451,757
Gm3294,714,1168,934,2280
Rbm28,299,500,288,609
Prrt4,0,2,0,0
Impdh1,112,119,102,175
Hilpda,0,16,6,3
Garin1a,9,13,7,19
Calu,670,721,698,1520
Ccdc136,135,169,136,296
Atp6v1f,24,18,24,29
Atp6v1fnb,2,2,0,1
Kcp,2,0,0,4
Irf5,4,4,1,1
Tnpo3,799,816,707,1577
Tspan33,161,210,140,265
Smo,27,50,32,53
Ahcyl2,1668,1786,1649,3421
Strip2,22,15,12,63
1700080G18Rik,2,4,4,10
Nrf1,646,713,597,1094
Ube2h,2261,1987,2126,4804
1700095J07Rik,0,0,3,2
Zc3hc1,35,31,46,65
Klhdc10,876,1120,1152,2020
Tmem209,105,126,113,196
Cpa2,85,346,198,322
Cpa4,7,6,16,22
Cpa5,5,3,5,6
Cpa1,0,1,2,1
Cep41,85,250,109,275
Gm13782,4,2,3,2
Mest,55,254,231,304
Copg2,806,1144,1008,1905
Gm56999,15,28,38,47
Gm27019,6,3,8,10
Lncpint,7844,6099,8529,18908
Gm56935,42,23,40,65
Gm13833,8,10,20,27
2210408F21Rik,790,1826,1039,2375
Gm14532,2,2,6,11
Mkln1os,64,123,82,137
Gm13844,28,34,32,89
Mkln1,2005,2232,2145,4551
Podxl,13,21,0,5
Gm13849,1,2,2,10
Plxna4,32,63,25,12
Chchd3,2047,2777,2169,4342
Gm14540,2,5,2,5
Exoc4,8364,11403,12225,19964
Lrguk,212,209,260,491
Gm13856,5,11,3,2
Slc35b4,76,90,51,122
Gm14546,26,15,17,49
Akr1b3,53,63,73,111
Akr1b8,2,3,1,8
Akr1b10,73,104,120,183
Bpgm,34,51,39,62
Cald1,360,727,479,721
Agbl3,185,169,188,362
Tmem140,40,81,74,96
Cyren,21,42,22,43
Wdr91,100,73,55,145
Slc23a4,5,10,17,13
Cnot4,1770,1783,1573,3402
Gm33046,1,2,3,4
Nup205,276,279,265,562
Stmp1,25,38,22,38
Mtpn,225,239,212,481
9330158H04Rik,0,0,0,1
Chrm2,9,1,2,15
Ptn,5,2,0,1
Dgki,97,89,12,162
1700111E14Rik,3,2,1,0
Creb3l2,1377,1991,1641,3278
Gm33318,6,12,8,23
Trim24,820,743,794,1817
Svopl,3,2,3,2
Atp6v0a4,7,14,8,26
D630045J12Rik,312,337,279,623
Zc3hav1l,21,24,21,25
Zc3hav1,595,502,476,966
Ttc26,200,288,239,464
Ubn2,3274,4024,3688,7171
Fmc1,6,16,11,14
Gm56952,10,10,12,12
Luc7l2,4024,3751,4347,8704
Klrg2,0,0,0,3
Gm56936,17,24,20,41
Hipk2,1377,1652,1372,2768
Tbxas1,6,11,2,10
Parp12,176,146,157,310
4930599N23Rik,48,65,57,140
Kdm7a,1385,1348,1352,2793
Gm49041,25,45,41,52
Slc37a3,401,546,460,866
Rab19,10,11,12,11
Mkrn1,207,281,249,402
Gm10244,2,4,5,4
Dennd2a,356,356,328,850
8030453O22Rik,3,8,2,22
Adck2,87,120,80,160
Gm16272,32,24,62,81
Ndufb2,61,90,83,173
Braf,3113,2824,3385,7370
Mrps33,43,90,75,89
Tmem178b,6623,7520,7599,13149
Gm26638,55,62,55,127
Gm26807,0,0,3,5
Agk,353,478,461,803
Dennd11,313,556,378,809
Wee2,11,14,11,32
Ssbp1,182,316,224,378
Clec5a,0,0,0,0
Mgam,19,9,22,35
Mgam2-ps,0,0,0,5
Prss3b,1,17,1,1
Try4,1,11,11,1
Try5,0,7,2,8
Prss2,1,10,0,1
Ephb6,2,0,2,2
Gstk1,3,2,7,2
Tmem139,0,0,1,0
Casp2,111,97,117,200
Clcn1,15,4,4,25
Zyx,56,41,51,130
Epha1,3,11,4,17
2010310C07Rik,6,2,10,14
Tcaf2,4,3,1,5
Tcaf1,420,607,545,843
Arhgef5,220,328,181,363
Tpk1,1384,1447,1540,3221
Gm35113,7,16,18,19
Cntnap2,2782,3471,311,3082
Cul1,995,961,945,1905
Ezh2,16,18,14,10
Pdia4,171,212,191,291
Zfp786,5,19,11,4
Zfp398,795,868,817,1311
Zfp282,356,403,368,662
Zfp212,81,51,96,151
Zfp783,155,206,241,364
Zfp956,172,172,174,324
Zfp777,92,125,95,150
Gm45738,0,0,1,1
Zfp746,205,273,258,416
Gm16630,1,5,0,3
Gm54719,44,35,18,42
Krba1,155,218,166,355
Zfp467,125,102,88,155
Sspo,10,6,4,17
1700026J14Rik,1,0,0,1
Atp6v0e2,24,40,31,47
Lrrc61,33,45,23,38
Rarres2,0,1,0,1
Repin1,45,23,18,59
Zfp775,33,34,26,29
Gm38804,2,3,3,5
Gimap8,23,24,0,2
Gimap9,3,11,0,1
Gimap4,16,24,0,2
Gimap6,54,38,7,24
Gimap1,6,4,1,3
Gimap5,9,3,0,3
4833403J16Rik,1,2,0,0
Gimap3,23,34,0,6
Tmem176b,63,75,87,173
Tmem176a,37,44,54,99
Gm56981,5,5,2,3
Malsu1,229,224,341,590
Igf2bp3,17,47,27,60
Tra2a,1759,1583,2040,4240
Ccdc126,17,19,14,28
Fam221a,55,48,100,128
Npy,0,3,3,0
Pals2,73,86,41,130
Gsdme,52,59,47,90
Osbpl3,336,407,340,752
Cycs,12,34,27,41
5430402O13Rik,33,65,59,57
4921507P07Rik,18,25,18,22
C530044C16Rik,18,24,13,28
Gm44109,23,50,48,38
Nfe2l3,2,3,4,7
Hnrnpa2b1,3179,3573,3145,6339
Cbx3,319,339,348,597
Snx10,321,471,430,877
Skap2,425,488,515,943
Gm44077,2,4,3,5
Hotairm1,1,0,0,0
Hoxa2,0,0,0,0
Hoxa3,1,1,0,0
Hoxaas3,0,1,0,0
Hoxa5,0,0,0,1
Hoxa7,0,2,0,0
Hibadh,866,1060,872,1930
Tax1bp1,1441,1177,1476,3501
Jazf1,4683,5474,4475,8901
Creb5,122,57,93,274
Tril,0,0,2,0
Chn2,258,365,164,501
Gm15527,1,5,8,6
9130019P16Rik,2,5,3,15
Prr15,4,6,2,5
Wipf3,33,41,49,88
Gm44026,11,5,21,48
Scrn1,272,301,333,475
Fkbp14,121,227,168,297
Plekha8,175,210,168,317
Gm28402,1,4,1,4
Mturn,140,89,104,230
Znrf2,613,663,340,825
Nod1,187,260,164,329
Ggct,41,47,29,48
Gars,805,874,684,1490
Crhr2,1,4,3,3
Inmt,2,1,2,0
Mindy4,398,376,347,745
Gm44073,0,3,4,6
Aqp1,4,2,2,5
Adcyap1r1,0,0,0,2
Ppp1r17,18,18,6,35
Pde1c,2087,6142,2575,3945
Lsm5,11,22,30,62
Avl9,982,779,1254,2334
Kbtbd2,139,157,108,220
Fkbp9,299,412,297,498
Nt5c3,358,419,303,702
Vmn1r4,12,22,20,27
Ppm1k,82,77,56,145
Herc6,310,274,247,662
Lancl2,109,104,114,273
Vopp1,167,160,188,338
Vmn1r30,1,2,10,4
Gm35077,15,86,59,38
Abcg2,189,246,245,363
Herc3,703,788,662,1302
Nap1l5,1220,1160,1132,2433
Fam13a,203,223,409,517
Tigd2,114,201,169,246
Gprin3,441,657,525,780
Gm5570,0,1,0,0
Snca,30,39,8,21
A730020E08Rik,23,51,40,59
Ccser1,10559,12249,13240,22544
Grid2,115,111,11,160
Smarcad1,776,790,770,1561
Hpgds,12,27,25,10
Tnip3,5,0,0,0
Ndnf,0,2,0,4
Prdm5,450,554,540,1006
2610300M13Rik,0,0,1,1
Mad2l1,8,14,16,22
Gng12,1114,2034,912,1730
Gm36816,5,11,5,6
Gadd45a,59,45,35,70
E230016M11Rik,271,354,368,673
A430010J10Rik,25,12,31,34
Gm38825,5,4,10,10
Serbp1,522,647,495,946
Il12rb2,9,15,9,17
Gm30211,5,5,0,2
Igkc,128,161,6,14
Rpia,179,118,134,260
Eif2ak3,2005,1500,2147,4629
Thnsl2,20,32,31,57
Smyd1,4,13,4,15
Krcc1,126,249,225,314
Gm44174,1,6,2,0
Rmnd5a,1199,1129,1273,2535
Rnf103,378,346,554,921
Chmp3,305,330,326,646
Kdm3a,504,481,459,932
Reep1,100,200,153,211
Mrpl35,9,23,17,19
Immt,351,452,287,621
Ptcd3,335,367,283,621
Polr1a,232,249,207,403
St3gal5,193,209,124,422
Gm38832,2,2,2,5
Atoh8,32,20,21,51
Usp39,95,78,45,146
Gm45051,5,7,6,7
0610030E20Rik,167,229,195,397
Tmem150a,37,59,43,85
Rnf181,60,94,82,98
Vamp5,13,24,13,27
Vamp8,29,35,37,41
Ggcx,412,530,335,636
Mat2a,289,496,269,531
Capg,2,3,3,4
Elmod3,73,74,59,115
Retsat,7,4,8,10
Tgoln1,397,353,522,852
Gm20536,22,12,39,31
Tcf7l1,28,23,10,45
Gm15402,2,4,0,0
Kcmf1,811,908,801,1563
Tmsb10,19,22,20,24
Suclg1,162,229,141,280
Ctnna2,3553,3170,2729,6659
Lrrtm1,7,3,3,13
Reg1,4,10,3,2
Gm4409,2,1,2,2
Lrrtm4,290,186,116,519
Gcfc2,233,185,233,416
Mrpl19,38,56,45,70
Eva1a,1,0,1,1
Pole4,52,66,45,114
Hk2,6,0,0,0
Sema4f,154,176,97,336
Dok1,9,6,1,5
Loxl3,16,34,25,26
Htra2,23,32,20,39
Aup1,89,84,60,143
Dqx1,9,16,10,30
Pcgf1,25,26,29,72
Lbx2,0,0,0,0
Ccdc142,15,13,16,28
Ccdc142os,9,19,13,24
Mrpl53,20,30,24,47
Gm56977,5,8,5,15
Mogs,32,59,50,74
Wbp1,49,89,81,147
Ino80b,59,90,47,94
Rtkn,50,55,41,49
Wdr54,6,6,7,13
1700003E16Rik,3,4,5,5
Dctn1,289,314,201,364
Slc4a5,6,5,6,16
Mthfd2,75,92,29,131
Mob1a,67,107,69,135
Bola3,38,46,48,78
Tet3,465,613,463,633
B230319C09Rik,5,4,1,5
Dguok,154,232,195,372
Stambp,134,161,165,281
Gm21284,18,17,21,43
1700124L16Rik,1,2,1,9
Tex261,49,80,56,113
Nagk,203,270,273,458
Paip2b,168,214,197,304
Zfp638,2182,2149,1992,3862
Gm43920,18,17,29,64
Dysf,26,27,0,21
Gm44127,39,26,122,270
Cyp26b1,8,3,0,9
Exoc6b,3645,5108,4072,7163
Spr,7,21,17,14
Emx1,0,0,1,0
Sfxn5,109,95,69,181
Rab11fip5,61,59,52,98
Smyd5,64,110,96,113
Pradc1,16,27,27,33
Cct7,160,196,127,256
Fbxo41,67,116,75,93
Egr4,23,1,10,80
Alms1,848,658,778,1426
Nat8f4,3,6,4,8
Nat8f1,6,16,11,14
Tprkb,79,101,103,167
Dusp11,321,395,331,602
Gm19265,25,52,27,36
Add2,13,24,21,30
Tgfa,19,20,28,35
Fam136a,25,32,52,49
Snrpg,80,94,110,172
Pcyox1,29,67,52,77
Tia1,1051,1347,1107,2175
C87436,135,185,192,295
A430078I02Rik,6,16,24,20
2310040G24Rik,1,4,4,3
Gm44386,5,5,1,10
Pcbp1,71,156,92,153
1600020E01Rik,494,637,583,1048
Asprv1,6,1,3,14
Mxd1,275,224,204,498
Snrnp27,47,95,62,91
Gm44214,6,2,4,7
Gmcl1,354,420,311,568
Gm44036,0,5,6,6
Anxa4,360,389,439,780
2610306M01Rik,6,11,2,3
Aak1,2277,3249,2253,5064
Gm44091,5,4,5,14
Nfu1,63,117,78,115
Gfpt1,979,1416,1094,2028
D6Ertd527e,2,1,0,7
Antxr1,1,2,2,4
Arhgap25,47,35,0,2
Aplf,26,41,24,58
Cfap92,103,58,99,222
Gm44210,17,16,26,52
Efcc1,412,438,387,679
Rab43,251,239,260,548
Isy1,156,138,158,392
Cnbp,494,397,537,1088
Copg1,457,627,481,955
Gm26636,26,23,27,37
Hmces,362,335,365,844
H1f10,20,22,58,46
Gm5577,131,117,156,242
Rab7,1032,827,856,2181
Gm56988,0,0,0,2
Rpn1,235,390,307,579
Gata2,2,1,0,0
Eefsec,524,632,514,1073
Gm44265,2,4,4,2
Ruvbl1,59,100,51,125
Sec61a1,508,725,532,1193
Kbtbd12,10,5,8,24
Mgll,17,59,0,23
Abtb1,55,54,51,114
Podxl2,37,53,36,47
Gm15612,9,10,5,11
Mcm2,33,17,17,43
Tpra1,86,90,75,155
4933427D06Rik,1,5,4,1
4930512J16Rik,4,3,4,9
Gm26811,1,4,8,9
Plxna1,92,90,59,148
Chchd6,738,888,723,1385
Txnrd3,39,29,21,65
Uroc1,8,2,7,3
Zxdc,400,284,324,674
Cfap100,2,1,3,4
Klf15,8,17,13,30
Aldh1l1,1,2,2,3
Slc41a3,21,14,18,22
Iqsec1,340,578,268,545
Nup210,748,790,519,1287
Hdac11,122,172,166,243
Fbln2,0,0,0,2
1810044D09Rik,13,19,10,28
Chchd4,18,38,35,31
Tmem43,19,29,28,59
Xpc,111,160,128,215
Lsm3,39,33,38,53
Gm45216,1,2,0,0
Gm45218,3,1,13,12
Slc6a6,1395,1606,1238,3190
Grip2,2,0,0,4
Ccdc174,207,259,221,410
4930590J08Rik,20,19,27,62
Fgd5,12,17,2,4
Nr2c2,999,1313,1347,2420
Mrps25,60,88,56,122
Rbsn,199,182,182,401
Prickle2,348,326,387,593
Adamts9,424,343,451,881
A730049H05Rik,3,13,3,15
Gm15737,5,1,7,9
9530026P05Rik,1088,478,1839,2463
Magi1,2649,3457,3133,5568
Slc25a26,212,197,274,542
Lrig1,1095,1050,1094,2159
Kbtbd8,22,16,18,34
Suclg2,695,761,709,1457
Tafa1,409,517,154,583
Tafa4,9,13,26,25
Eogt,109,160,98,212
Tmf1,336,416,341,651
Uba3,120,183,145,318
Gm56976,0,2,0,4
Arl6ip5,170,239,218,327
Gm32191,3,3,0,2
Frmd4b,3132,4299,2848,5469
Mitf,592,807,604,1034
Gm32592,13,6,3,25
Mdfic2,1,0,1,1
Gm44196,0,3,4,1
Foxp1,9189,10041,8185,17993
Gm52870,16,32,33,47
Gm20705,15,15,13,37
Eif4e3,195,263,254,398
Gpr27,13,25,17,36
Gm43067,0,0,0,0
Rybp,1021,1085,1145,2915
Shq1,351,386,412,712
Gxylt2,1,0,0,2
Ppp4r2,608,609,510,1110
Gm43948,2,8,7,13
Pdzrn3,713,1109,813,1431
Gm26911,8,6,13,7
Gm33934,5,12,14,22
Cntn3,137,166,33,166
4930587E11Rik,0,2,1,2
Chl1,69,21,19,83
Cntn4,31,17,14,33
Il5ra,4,0,0,0
Trnt1,147,123,155,293
Crbn,206,181,252,359
Gm34933,49,56,75,187
Lrrn1,344,686,320,790
Setmar,19,37,19,31
Sumf1,347,481,369,751
Itpr1,15918,12906,17172,32162
Gm44040,62,72,96,200
0610040F04Rik,9,9,6,18
Gm17055,0,1,1,0
4833447P13Rik,0,3,10,9
Bhlhe40,158,68,72,179
Arl8b,485,534,449,1121
Gm35417,28,45,57,86
Edem1,146,249,116,219
Grm7,21,11,9,15
Lmcd1,26,46,22,99
Ssu2,5,5,0,1
Cav3,5,4,6,9
Oxtr,305,620,339,607
Rad18,378,634,552,1096
Srgap3,1036,981,1018,2290
Thumpd3,137,216,138,262
Gt(ROSA)26Sor,27,72,43,69
Setd5,3114,3435,3240,6376
Lhfpl4,279,324,236,397
Mtmr14,133,185,124,211
Gm16161,2,1,1,4
Cpne9,6,4,5,14
Brpf1,126,159,118,236
Gm15492,7,18,18,21
Ogg1,19,12,30,25
Camk1,57,74,63,129
Tada3,111,152,126,245
Arpc4,66,84,131,189
Ttll3,120,109,96,204
Rpusd3,10,12,12,14
Jagn1,11,35,17,31
Il17re,22,25,11,17
Il17rc,41,59,57,107
Gm57002,5,3,3,4
Creld1,43,65,49,89
Prrt3,5,8,3,8
Emc3,206,191,260,500
Fancd2,14,9,9,45
Brk1,94,174,97,171
Gm44200,0,1,1,3
Vhl,66,71,65,104
Irak2,106,137,165,141
Tatdn2,153,98,111,207
Gm26982,9,9,9,28
Ghrl,2,0,1,15
Gm44053,4,1,3,9
Sec13,278,301,284,716
Atp2b2,1044,1705,1068,2061
Gm44167,31,84,52,81
Gm15083,4,9,6,4
Slc6a11,3,1,2,11
Hrh1,0,2,0,0
Atg7,411,503,437,862
Vgll4,614,801,564,848
Tamm41,47,56,43,86
Gm17733,4,10,10,18
Syn2,1179,1863,1220,2468
Timp4,4,38,27,40
Pparg,11,25,4,17
Gm36355,3,6,2,20
Tsen2,134,184,155,313
Mkrn2os,129,100,117,267
Mkrn2,122,124,111,276
Raf1,896,1126,885,1772
D830050J10Rik,6,9,6,10
Tmem40,9,12,7,16
Cand2,205,170,110,213
Rpl32,86,131,104,151
Efcab12,43,65,60,76
Gm44206,1,1,2,1
Mbd4,58,65,60,116
Ift122,565,578,533,1010
Rho,0,3,1,3
H1f8,0,0,0,4
Plxnd1,13,10,0,10
Tmcc1,2318,2322,2119,4287
Gm56980,6,14,16,23
Gm20404,17,24,26,35
9530062K07Rik,22,27,30,43
Washc2,620,547,440,844
Zfand4,43,44,81,146
Gm44957,9,7,9,5
Marchf8,902,1001,865,1899
Alox5,1,2,1,6
Zfp422,9,31,19,27
Rassf4,106,168,197,215
Depp1,11,39,18,12
Tmem72,2,3,0,4
Cxcl12,3,2,1,1
Gm45083,3,0,5,4
Zfp637,14,24,19,16
Zfp239,15,31,20,26
Gm38883,1,2,2,3
Gm38882,18,24,26,34
Hnrnpf,640,443,669,1480
Fxyd4,2,0,2,2
Rasgef1a,28,40,17,45
Csgalnact2,83,129,82,166
Ret,163,138,121,228
Bms1,260,281,170,389
Zfp248,122,124,100,214
Zfp9,327,445,383,647
Ankrd26,266,298,218,457
Cacna1c,9421,11740,8616,16214
Dcp1b,515,680,525,1112
Cacna2d4,49,42,77,70
Lrtm2,32,26,26,39
Adipor2,150,264,169,368
Gm56986,2,10,8,12
Wnt5b,33,61,70,89
Fbxl14,9,20,10,17
Erc1,1259,1574,1322,2532
Gm44317,2,1,0,4
Rad52,56,105,83,116
Wnk1,3335,3253,3211,6409
Ninj2,3,5,5,10
B4galnt3,43,23,33,38
Ccdc77,197,234,194,342
Kdm5a,1437,1274,1522,2851
Il17ra,139,109,108,218
Tmem121b,3,12,9,7
Hdhd5,207,237,163,317
Cecr2,426,328,457,710
Slc25a18,28,7,29,44
Atp6v1e1,648,503,455,1414
Bcl2l13,222,332,276,712
Bid,29,51,35,69
Mical3,2895,2868,2392,5137
Gm43915,30,57,54,93
Gm4651,28,37,33,54
Gm30842,5,5,4,8
Pex26,106,143,159,214
Tuba8,0,0,1,4
Gm15856,1,2,5,5
Usp18,54,97,153,138
Gm44148,65,86,90,109
Iqsec3,2,3,1,0
M6pr,140,136,147,274
Phc1,168,208,127,288
Rimklb,87,43,57,179
Apobec1,175,137,123,258
Slc2a3,90,117,100,139
Gm26826,25,22,18,38
Foxj2,172,162,141,246
C3ar1,0,1,1,3
Necap1,216,152,206,456
Clec4a1,1,1,0,0
Clec4a2,0,0,1,1
Clec4n,0,0,0,0
Clec4d,0,2,0,0
Pex5,116,150,131,254
Clstn3,81,121,92,179
C1rl,4,1,5,8
C1ra,4,1,7,8
C1s1,0,0,0,1
Lpcat3,843,703,978,1672
Emg1,64,73,55,86
Phb2,118,113,75,208
Gm15884,7,25,8,21
Ptpn6,36,58,46,68
Gm20531,1,0,2,0
Grcc10,26,54,55,83
Atn1,186,175,154,226
Eno2,111,120,98,174
Lrrc23,34,14,22,44
Spsb2,22,12,24,44
Tpi1,57,65,59,103
Usp5,121,191,126,217
Cdca3,8,5,0,2
P3h3,25,18,13,14
Gpr162,3,5,1,1
Cd4,11,21,0,2
Lag3,10,4,1,10
Ptms,164,198,165,321
A230083G16Rik,10,17,49,29
Mlf2,74,80,68,148
Cops7a,75,97,110,191
Pianp,0,2,2,2
Zfp384,239,235,224,491
4930557K07Rik,19,30,54,83
Ing4,269,250,258,504
Acrbp,130,148,119,214
Chd4,1935,1610,1302,2692
Nop2,50,58,37,72
Iffo1,235,311,242,425
Gapdh,90,125,95,170
Ncapd2,70,72,59,136
Mrpl51,7,30,28,24
Vamp1,164,139,130,242
Tapbpl,23,26,49,47
Cd27,21,32,21,25
4930417O13Rik,50,40,64,132
Tuba3a,1,4,2,0
Ltbr,34,32,36,59
Scnn1a,14,5,5,17
Tnfrsf1a,16,16,23,33
Plekhg6,6,5,9,12
Gm32673,0,0,2,1
Cd9,64,55,143,123
Gm28809,1,1,4,1
Gm26728,4,0,6,9
Vwf,5,2,10,23
Ano2,1,2,0,1
Ntf3,5,4,0,0
Kcna5,5,10,9,8
Gm56971,0,0,0,0
Kcna1,0,0,0,0
Kcna6,0,0,0,0
Ndufa9,97,140,124,199
Akap3,2,2,0,3
Dyrk4,4,2,0,7
Rad51ap1,8,2,8,14
D6Wsu163e,139,136,135,271
Tigar,44,57,36,90
Platr31,2,8,4,10
Gm43126,5,13,23,43
Ccnd2,2803,5730,3389,9663
9330179D12Rik,55,26,59,120
Gm56941,1,19,7,17
Parp11,172,194,205,312
Cracr2a,29,33,10,33
Tspan9,724,1105,891,1520
Gm10010,16,20,13,20
Tead4,1,4,1,0
Tulp3,178,223,160,336
Gm44190,5,14,8,21
Gm26770,1,1,4,1
Rhno1,31,53,28,53
Foxm1,4,3,1,6
Gm15862,1,2,4,10
Nrip2,5,7,5,7
Itfg2,153,180,185,414
Fkbp4,79,159,78,113
Gm10069,128,185,56,159
Pzp,2,7,8,7
A2ml1,12,21,21,17
Klrb1b,3,0,0,2
Gm44066,0,3,1,5
BC035044,4,3,0,2
Clec2i,10,2,0,1
Clec2g,2,7,1,1
Gm15987,17,26,4,8
ENSMUSG00000121482,1,0,0,0
Clec2e,1,0,1,2
Clec2d,41,138,27,63
2310001H17Rik,98,179,107,221
Cd69,12,21,0,3
Clec12a,6,2,0,0
Clec12b,0,0,0,0
Clec9a,0,1,0,0
Clec1a,6,3,1,0
Clec7a,0,3,0,5
1700101I11Rik,6,4,3,6
Gabarapl1,492,270,476,875
Klra2,5,0,3,0
Magohb,48,40,55,108
Styk1,54,31,17,56
Ybx3,182,172,117,317
5430401F13Rik,1,2,2,2
A630073D07Rik,0,0,4,2
Smim10l1,100,127,169,242
Etv6,1489,1703,1372,3166
Gm17089,3,2,3,7
Bcl2l14,5,2,8,3
Lrp6,998,1166,991,2010
Gm38910,0,1,1,0
Mansc1,6,7,6,13
Borcs5,143,225,140,247
Gm44017,1,0,0,2
Dusp16,883,847,1017,2777
Crebl2,177,259,152,282
Gpr19,90,148,196,227
Gm44366,2,3,4,7
2810454H06Rik,30,53,54,73
Cdkn1b,217,257,220,370
Lockd,6,8,5,5
Apold1,3,25,8,7
Ddx47,129,139,138,297
Gprc5a,15,16,17,29
Hebp1,25,34,36,31
Fam234b,302,297,273,452
Emp1,13,10,13,29
Atf7ip,858,928,818,1534
Gm44140,4,3,3,3
Plbd1,3,2,5,1
Gucy2c,19,46,29,13
H4c16,7,16,33,13
H2aj,45,62,51,67
Wbp11,745,481,794,1476
BC049715,132,124,315,393
Smco3,3,3,7,25
Art4,1,0,4,0
Mgp,3,9,0,9
Erp27,2,3,0,0
Arhgdib,23,14,3,1
Pde6h,32,38,41,71
Rerg,4,23,15,9
Ptpro,3,5,0,3
Eps8,833,840,744,1495
Strap,286,142,210,613
Dera,259,335,246,503
Slc15a5,1,0,1,2
Mgst1,0,2,1,1
Lmo3,37,8,18,25
A830011K09Rik,0,1,0,0
Pik3c2g,5287,8531,7249,11971
Plekha5,2345,2135,2010,4326
Aebp2,544,559,523,1033
Gm30524,4,6,9,1
Gm28523,0,0,0,4
Pde3a,72,38,50,97
Slco1c1,0,0,1,1
Gm5724,0,1,0,3
Slco1a6,188,225,115,205
Gm20400,56,63,81,107
Slco1a5,40,57,10,31
Iapp,637,1471,207,883
Pyroxd1,285,347,386,652
Recql,110,239,158,266
Golt1b,302,273,334,774
Spx,18,19,5,36
Gys2,19,27,49,242
Ldhb,228,185,315,738
Kcnj8,0,0,0,0
Abcc9,15,8,6,21
5330439B14Rik,5,10,17,42
Cmas,245,389,249,656
St8sia1,25,70,0,22
C2cd5,931,1078,1056,2039
Etnk1,659,834,667,1557
1700126G02Rik,9,5,7,10
D6Ertd474e,2,4,3,1
1700060C16Rik,0,1,1,2
Sox5,1074,983,980,2193
Sox5os2,1,0,1,0
Sox5os4,0,0,2,0
Bcat1,4,2,1,2
Irag2,25,17,6,8
Casc1,38,36,34,88
Gm15543,0,0,0,2
Etfrf1,49,50,54,84
Kras,1578,1476,1603,3829
Gm15706,66,84,74,150
2010013B24Rik,3,8,12,17
Lmntd1,1,1,2,5
Rassf8,202,299,210,404
Bhlhe41,247,148,221,583
Sspn,76,30,101,110
Sspnos,0,2,1,8
Itpr2,247,262,57,141
Ints13,214,206,202,432
Fgfr1op2,259,393,294,460
Tm7sf3,164,207,195,308
Med21,63,93,61,153
4930479D17Rik,3,4,1,15
Stk38l,799,729,544,2713
Arntl2,97,140,146,247
Ppfibp1,2286,2260,1957,6233
Rep15,32,18,31,74
Mrps35,76,113,87,156
Mansc4,2,0,1,4
Klhl42,59,96,70,112
Pthlh,7,6,1,16
Gm6288,110,88,114,199
Ccdc91,624,539,588,1295
Gm15762,3,1,1,10
Far2,9,8,14,24
Ergic2,406,513,411,826
Gm17216,1,2,2,2
Tmtc1,805,1044,768,1491
Gm44020,2,5,2,22
Ipo8,496,469,404,869
Caprin2,137,86,153,207
Gm43913,1,1,1,0
Sinhcaf,692,623,697,1333
3010003L21Rik,31,35,60,66
Dennd5b,1098,1091,953,2060
Etfbkmt,23,36,75,55
Amn1,255,376,366,648
Resf1,375,408,344,628
Bicd1,1603,1983,1637,3007
Gm21814,10,13,17,24
Myadm,20,15,55,60
Prkcg,49,37,51,110
Cacng7,35,20,19,46
Gm44257,1,2,1,3
Cacng8,3,2,0,2
Gm35037,0,2,0,10
Ndufa3,20,20,26,23
Tfpt,31,46,33,43
Prpf31,71,89,86,194
Gm15927,44,48,34,64
Cnot3,342,469,260,561
Leng1,67,79,48,93
Tmc4,379,469,425,661
Gm15929,15,10,11,19
Mboat7,106,117,168,202
Tsen34,114,113,106,155
Rps9,154,258,221,242
Pirb,2,4,1,1
Lair1,0,11,0,0
9430041J12Rik,1,4,1,3
Ttyh1,3,45,8,9
Leng8,569,541,443,916
Leng9,41,46,45,79
Gm57243,6,2,1,1
Cdc42ep5,7,13,6,11
Lilra5,0,1,0,1
Rdh13,55,69,62,139
Gm15494,28,44,38,91
Eps8l1,56,69,78,188
Ppp1r12c,395,394,292,717
Tnni3,4,2,0,0
Dnaaf3,1,0,1,1
Syt5,78,96,79,198
Ptprh,4,2,6,16
Gm44877,4,3,4,5
Tmem86b,90,102,87,204
Ppp6r1,419,342,323,706
Hspbp1,145,128,115,295
Brsk1,270,287,241,478
Tmem150b,6,3,4,11
Kmt5c,163,177,99,247
Cox6b2,0,1,3,1
Il11,1,4,1,3
Tmem238,13,18,11,26
Rpl28,98,184,125,163
Ube2s,134,126,175,197
Gm57202,0,2,4,0
Shisa7,18,12,5,17
Isoc2b,28,60,37,39
Isoc2a,247,403,309,502
Zfp628,9,12,11,28
Nat14,12,30,7,21
Ssc5d,15,17,8,29
Sbk2,0,3,3,3
Sbk3,11,3,3,12
Gm57233,2,2,1,3
Zfp579,39,77,43,84
Fiz1,45,55,51,121
Zfp524,9,14,14,7
Zfp865,57,124,65,143
Ccdc106,20,28,15,27
Zfp784,3,11,16,19
Gm15510,15,19,20,22
Zfp580,2,4,2,6
U2af2,246,233,161,403
Epn1,187,234,164,365
Zfp787,211,217,185,386
Gm36371,22,46,50,60
Zfp444,116,176,134,271
Gm45148,5,8,9,14
Gm45069,0,2,3,0
Zfp667,119,110,115,239
Zfp583,15,14,13,27
Gm3854,19,18,21,17
Zfp78,15,39,23,24
Zfp28,72,78,60,180
Smim17,10,14,10,46
Zim1,1522,1741,1517,2554
Peg3,15272,17327,16528,30476
Usp29,2441,3768,2846,5386
Zfp954,21,24,20,72
Zfp773,3,5,4,15
Zfp418,6,13,12,6
Zfp772,27,28,12,54
Vmn2r29,73,80,97,143
ENSMUSG00000121470,16,15,22,18
Clcn4,196,228,201,496
ENSMUSG00000121471,0,2,6,8
Zik1,6,15,9,17
Zfp551,5,16,9,16
Zfp606,125,131,150,168
2900092C05Rik,5,1,1,25
Vmn2r56,0,0,0,0
Zscan18,369,229,315,624
Zfp329,217,378,273,545
Zfp110,501,428,626,1055
Gm31152,1,6,8,9
Zfp128,4,9,6,8
Zscan22,23,51,22,47
Rps5,24,134,83,124
Rnf225,3,3,3,5
1810019N24Rik,8,10,6,18
Zfp324,24,59,35,55
Zfp446,57,73,66,114
Slc27a5,0,1,2,3
Trim28,97,91,65,109
Zbtb45,5,14,6,11
Chmp2a,136,146,112,209
Ube2m,53,81,48,80
Mzf1,39,36,38,38
Zswim9,69,107,75,113
Lig1,80,37,59,121
Pla2g4c,5,13,3,8
Nlrp5-ps,60,111,54,150
Vmn1r90,0,6,1,4
Obox1,0,2,4,0
Selenow,100,121,94,176
Nop53,116,120,116,239
Ehd2,8,7,0,15
Bicra,588,803,527,1094
Gm38948,7,12,15,33
2010004M13Rik,1,4,2,3
Zfp541,1,1,1,2
Napa,993,873,785,2078
Kptn,95,82,80,213
Slc8a2,45,36,31,73
Meis3,102,163,96,296
Dhx34,80,115,58,124
C5ar2,0,0,0,0
C5ar1,1,0,0,3
Inafm1,33,30,43,82
Ccdc9,222,182,162,402
Bbc3,143,96,111,275
Sae1,351,404,313,608
Gm57198,10,50,51,46
Gm57196,2,1,1,3
Zc3h4,387,463,340,612
Gm45509,19,40,35,47
Gm45510,1,8,0,3
Tmem160,5,7,8,11
Npas1,0,1,0,1
Arhgap35,1129,1185,910,2315
Gm29443,2,4,2,13
Ap2s1,22,55,42,73
Slc1a5,53,46,55,96
Fkrp,26,30,31,39
Strn4,260,247,166,413
Prkd2,221,254,223,510
9330104G04Rik,22,18,25,34
Dact3,11,8,6,28
Ptgir,0,0,0,0
Calm3,103,86,54,115
Pnma8b,449,416,394,676
Pnma8a,59,99,26,40
Pnma8c,23,35,25,53
Ccdc8,7,27,7,20
Ppp5c,67,90,48,113
Hif3a,4,9,5,31
Psg16,36,60,43,90
Mill2,66,36,67,105
Pglyrp1,0,1,3,3
Ccdc61,62,101,75,145
Nova2,249,301,207,475
Mypop,29,64,44,49
Mypopos,13,15,9,24
Irf2bp1,19,33,20,8
Foxa3,12,24,18,27
Sympk,241,327,232,492
Rsph6a,7,1,2,20
Dmwd,75,80,59,127
Dmpk,49,49,25,63
Six5,23,46,37,57
Meiosin,4,0,1,3
Fbxo46,27,44,33,54
Qpctl,91,110,96,185
Snrpd2,26,28,33,37
Gipr,434,409,298,584
Eml2,222,153,129,361
Gpr4,3,0,2,5
Gm57235,6,1,3,10
Opa3,230,185,191,572
Vasp,90,124,114,239
1700058P15Rik,5,5,7,15
Ppm1n,3,0,2,22
Rtn2,72,70,82,131
Gm26802,36,40,18,67
Fosb,5696,3052,6693,13128
Gm57205,2,10,11,8
D830036C21Rik,11,17,17,47
Gm57200,86,131,111,155
Gm44698,19,18,12,41
Ercc1,32,65,39,74
Polr1g,20,32,11,29
Ppp1r13l,21,19,9,34
Ercc2,65,73,46,102
Gm26852,13,21,4,30
Klc3,52,62,57,120
A930016O22Rik,5,12,3,13
Mark4,152,181,101,196
Exoc3l2,1,23,0,5
Bloc1s3,1,1,0,4
Trappc6a,18,28,26,43
Nkpd1,5,0,0,4
Ppp1r37,915,835,649,1416
Gemin7,25,31,28,34
Zfp296,3,7,4,4
Clasrp,267,334,233,447
Relb,279,88,276,471
Clptm1,216,246,134,263
Apoe,25,25,22,71
Tomm40,152,222,125,299
Lncob1,3,8,2,4
Nectin2,122,108,149,344
Bcam,23,33,42,52
Gm26600,2,1,2,6
Cblc,111,201,130,213
Bcl3,69,63,83,193
Gm16175,16,15,20,49
Gm16174,15,17,23,48
Gm44658,0,5,6,6
Gm19345,4,12,3,17
Ceacam16,4,4,0,5
Pvr,37,31,23,51
Gm16251,1,3,0,2
Nlrp4e,25,10,18,40
Zfp180,88,88,55,123
Zfp112,72,53,73,145
Zfp235,26,50,22,71
Zfp114,0,4,0,7
Zfp111,27,45,25,31
Zfp109,12,20,8,19
Zfp108,14,22,5,18
Zfp93,8,10,10,14
Zfp61,40,64,48,96
Zfp94,19,41,24,33
Kcnn4,14,29,1,1
Smg9,148,163,124,268
Plaur,7,11,0,5
Cadm4,10,14,10,24
Zfp428,1,2,3,0
Irgq,37,45,56,82
Pinlyp,0,2,0,2
Xrcc1,101,164,108,191
Ethe1,8,30,15,16
Phldb3,12,7,12,17
Rps19,158,208,183,198
Cd79a,14,12,1,5
Arhgef1,470,568,352,785
Rabac1,109,147,189,234
Atp1a3,3,1,0,10
Grik5,860,980,633,1316
Zfp574,71,87,35,85
Pou2f2,40,26,2,7
Dedd2,124,131,114,271
Zfp526,9,20,11,20
Gsk3a,77,91,50,133
9130221H12Rik,1,20,11,17
Erf,125,68,93,273
Cic,269,232,187,474
Pafah1b3,23,21,21,50
Tmem145,39,42,39,91
Megf8,310,322,278,523
4732471J01Rik,501,490,598,1008
Lipe,65,95,81,153
Cxcl17,1,8,4,8
Ceacam1,1,4,0,4
Ceacam2,5,9,13,18
Gm38569,2,1,2,2
Dmac2,50,81,82,144
B3gnt8,2,5,4,5
Bckdha,131,145,157,247
Exosc5,25,35,29,47
Tmem91,10,10,14,14
B9d2,32,22,26,61
Tgfb1,9,14,1,10
Ccdc97,37,46,18,71
Hnrnpul1,566,662,507,1035
Axl,3,2,1,3
Cyp2s1,2,1,0,1
Egln2,86,73,67,180
Rab4b,103,112,100,191
Snrpa,96,118,82,190
BC024978,24,43,19,61
Itpkc,65,54,79,159
Coq8b,338,494,396,614
Gm15567,3,4,3,8
Numbl,136,102,116,226
Ltbp4,28,13,8,47
Shkbp1,93,92,88,157
Sptbn4,990,1017,910,1612
Blvrb,14,21,22,26
Sertad3,23,22,31,26
Sertad1,28,25,24,47
Prx,0,3,4,5
Gm15541,6,5,4,5
Hipk4,0,1,1,3
Pld3,184,207,207,333
2310022A10Rik,80,103,57,131
Akt2,382,368,299,720
Gm38973,3,6,5,4
Map3k10,179,249,127,320
Zfp607b,25,30,32,45
Zfp60,111,199,141,225
Gm10046,2,2,3,3
Zfp626,52,73,81,115
Zfp59,46,77,34,64
Zfp607a,58,67,68,97
Zfp974,157,265,177,320
Zfp780b,112,172,124,200
Zfp850,31,30,18,32
Psmc4,80,123,60,172
Fcgbp,1,0,1,1
9530053A07Rik,2,0,1,0
Fbl,290,127,175,472
Dyrk1b,76,70,75,106
Eid2,7,1,9,10
Eid2b,14,18,11,19
Timm50,25,24,22,42
Supt5,462,528,372,811
Gm44709,7,6,3,8
Rps16,125,194,168,206
Plekhg2,29,18,19,67
Zfp36,202,216,361,396
Gm44710,25,20,37,60
Gm57214,3,2,4,7
Med29,33,24,18,45
Paf1,236,222,189,351
Samd4b,585,265,461,1404
Gmfg,3,5,1,4
Lrfn1,13,18,18,18
Sycn,6,0,1,1
Pak4,47,29,13,69
Fbxo27,1,1,1,4
Fbxo17,105,130,96,175
Mrps12,31,57,37,68
Sars2,28,40,27,47
Nfkbib,47,42,60,96
Sirt2,243,311,261,395
Rinl,42,81,25,54
Hnrnpl,1019,816,769,1726
Gm44702,0,7,0,3
Gm57249,2,2,2,3
Ech1,35,34,43,45
Lgals4,44,35,39,91
Gm10648,2,3,1,10
Actn4,466,501,427,804
Gm44699,21,26,25,41
Eif3k,42,96,65,124
Map4k1,20,17,7,21
Rasgrp4,1,4,4,3
Fam98c,50,61,35,82
1110035H17Rik,6,8,4,11
Spred3,99,197,57,183
Ggn,1,4,1,6
Psmd8,73,78,52,133
Catsperg1,174,121,83,201
Kcnk6,1,5,3,1
Yif1b,9,24,13,31
2200002D01Rik,4,0,1,2
Spint2,435,542,791,1090
Ppp1r14a,3,6,3,7
Dpf1,2,3,5,6
Sipa1l3,1439,1787,1136,2465
Zfp84,16,38,25,49
Zfp30,43,77,31,53
Zfp790,69,94,49,83
Zfp940,5,11,10,19
Zfp420,64,85,51,177
Zfp27,28,53,33,51
Zfp383,20,23,20,64
Zfp74,115,155,99,178
ENSMUSG00000121374,5,15,4,15
Zfp568,1382,1220,959,2680
Zfp14,54,95,63,101
Zfp82,55,60,42,75
Zfp566,118,125,83,178
Zfp260,150,317,247,310
Zfp382,30,40,30,52
Zfp146,62,103,118,141
Gm5113,15,22,11,16
Capns1,138,137,112,233
Gm26810,6,9,6,6
Tbcb,40,51,34,66
Polr2i,16,16,18,31
Wdr62,29,10,11,37
Clip3,90,123,74,117
Alkbh6,29,50,58,88
Syne4,85,89,72,168
Sdhaf1,2,8,7,7
4930479H17Rik,3,3,0,8
Lrfn3,32,72,39,65
Tyrobp,0,3,0,0
Hcst,0,5,2,5
Nfkbid,59,33,25,112
Aplp1,392,410,642,1015
Kirrel2,13,12,21,52
Nphs1,97,98,127,195
Arhgap33,50,31,36,66
Proser3,34,52,50,69
Hspb6,2,8,8,9
Lin37,19,34,26,43
Psenen,19,50,31,39
U2af1l4,23,23,20,35
Igflr1,37,52,37,95
Kmt2b,356,366,269,531
Zbtb32,1,1,1,4
Upk1a,6,5,8,17
Cox6b1,37,71,55,78
Rbm42,135,96,115,252
Gm57227,0,7,1,5
Haus5,54,40,42,91
Atp4a,15,17,8,19
Tmem147,37,65,47,92
Tmem147os,38,31,27,31
Gapdhs,20,37,34,44
Gm26935,59,70,88,145
Gm57241,9,10,8,19
Sbsn,45,36,37,70
Dmkn,0,4,3,2
Ffar2,35,46,60,23
Ffar3,9,15,8,15
Ffar1,33,57,35,57
Cd22,44,20,8,14
D7Ertd128e,9,7,5,12
Hamp,0,1,1,3
Usf2,145,133,127,247
Gm17077,0,1,0,3
Gm4673,18,21,34,43
Lsr,118,176,138,265
Fam187b,77,218,109,161
Gm57248,1,2,1,10
Fxyd5,12,15,1,4
Fxyd7,3,2,1,6
Fxyd1,0,1,3,0
Lgi4,2,10,6,3
Fxyd3,9,17,15,15
Hpn,7,9,13,20
Scn1b,7,4,0,9
Gramd1a,308,372,223,564
G630030J09Rik,0,2,1,5
Gm10640,4,3,0,1
Wtip,47,65,58,102
Uba2,180,221,122,280
Pdcd2l,64,67,62,105
Gpi1,225,335,189,399
Gm12762,7,6,5,8
Gm12758,6,10,11,18
Garre1,343,393,373,746
Lsm14a,439,494,444,728
Gm12764,4,8,6,10
Gm44837,0,1,0,3
Kctd15,48,62,53,86
Gm12781,5,2,3,3
Gm12756,0,0,1,0
Chst8,21,9,5,15
Pepd,629,612,642,1159
Cebpg,204,166,194,380
Gm44836,5,3,12,8
Gm57192,9,5,9,13
Gm35611,1,8,12,10
Cebpa,1,0,0,0
Lrp3,116,104,87,158
Wdr88,3,2,3,4
Gpatch1,415,360,370,619
Rhpn2,607,500,527,1098
Faap24,5,3,10,7
Cep89,268,340,205,466
Tdrd12,113,78,64,171
Nudt19,41,32,40,71
B230322F03Rik,2,2,2,6
Ankrd27,315,313,258,493
Pdcd5,48,62,57,102
Dpy19l3,47,65,54,77
Zfp507,243,366,332,520
E130304I02Rik,5,8,3,2
Tshz3,3214,2406,1584,4878
Zfp536,51,37,56,80
Uri1,999,1108,1068,2146
Ccne1,5,5,0,9
D530033B14Rik,2,3,0,4
1600014C10Rik,19,41,33,26
Plekhf1,2,0,0,1
Pop4,81,42,62,158
Gm44767,33,23,25,58
ENSMUSG00000121502,107,156,110,225
Zfp619,61,66,57,108
Gm33989,473,680,524,790
Gm5592,1,1,0,0
AI987944,59,116,83,130
Vmn2r57,9,7,2,16
AW146154,100,129,138,194
2610021A01Rik,124,181,116,239
Zfp788,218,232,227,463
Vmn2r-ps54,2,1,3,10
Zfp141,179,192,193,326
Gm44997,12,18,31,31
Zfp977,32,32,30,57
Zfp976,200,253,187,362
Zfp975,214,273,243,391
Zfp715,151,158,103,230
Siglecg,8,8,1,2
Etfb,37,57,42,66
Vsig10l,16,24,23,44
Iglon5,5,11,5,12
Cd33,0,0,0,0
Zfp658,14,29,7,22
Zfp719,115,221,160,256
Zfp819,0,1,3,4
Siglece,3,2,2,3
Ctu1,4,17,4,2
2310002F09Rik,0,2,1,0
1700028J19Rik,13,22,12,19
2410002F23Rik,114,142,105,261
Acp4,0,0,2,3
Clec11a,1,10,4,4
Shank1,74,141,76,123
1700008O03Rik,10,11,8,7
Gm44780,0,1,0,0
Syt3,17,46,23,23
Lrrc4b,4,5,8,9
Josd2,41,55,34,59
5430431A17Rik,1,5,1,2
Emc10,53,99,79,100
Garin5a,35,69,61,106
Gm44646,7,9,12,11
Pold1,15,16,17,18
Nr1h2,155,128,174,329
Napsa,8,26,1,6
Gm15396,49,85,66,60
Kcnc3,618,778,581,1172
Gm44832,4,5,1,12
Myh14,138,158,110,254
Zfp473,10,10,10,19
Vrk3,119,128,122,212
Atf5,29,25,20,17
Nup62,7,12,4,20
Il4i1,3,13,5,6
Tbc1d17,133,105,91,207
Akt1s1,37,60,28,66
Gm57218,1,0,0,0
Pnkp,41,72,48,115
Ptov1,158,171,147,335
Med25,324,375,301,564
Fuz,78,105,98,152
Ap2a1,294,356,242,480
Tsks,2,2,2,10
Cpt1c,154,185,158,262
6530437J22Rik,10,19,21,34
Prmt1,75,78,58,138
Gm15545,79,129,89,152
Bcl2l12,4,4,6,8
Irf3,98,164,126,205
Scaf1,171,275,191,382
Rras,5,3,11,12
Prr12,278,255,155,259
Prrg2,61,74,68,106
Nosip,53,59,46,85
Rcn3,58,113,123,185
Gm45669,9,8,12,12
Fcgrt,4,6,1,1
Rps11,196,174,118,252
Rpl13a,275,531,325,381
Flt3l,47,45,57,86
Aldh16a1,31,58,53,86
Pih1d1,13,15,9,27
Kash5,4,5,0,2
Tead2,1,0,0,1
Cd37,26,35,0,1
Trpm4,111,95,112,230
Hrc,3,0,1,1
Ppfia3,116,149,116,183
Mtag2,2,2,4,2
Lin7b,3,5,10,18
Gm45619,3,1,2,0
Snrnp70,2931,3337,2510,4987
Ruvbl2,17,44,16,46
Gys1,82,149,113,187
Ftl1,145,231,175,102
Bax,59,78,74,126
Dhdh,165,172,175,275
Tulp2,16,45,38,51
Nucb1,241,311,302,511
Gm57220,1,3,5,4
Ppp1r15a,400,409,413,579
Plekha4,125,81,139,237
Gm45564,1,1,1,1
Hsd17b14,2,6,3,16
0610005C13Rik,1,4,0,6
Bcat2,80,121,70,141
Gm31479,4,0,0,0
Fut1,0,1,0,2
Izumo1,1,1,0,0
Rasip1,3,5,3,2
A030001D20Rik,24,49,9,33
Mamstr,0,3,1,2
Fut2,3,1,1,1
Sec1,0,0,2,2
Car11,3,11,9,7
Dbp,135,113,170,515
Sphk2,41,46,24,67
Rpl18,119,220,177,272
Fam83e,18,15,17,66
Spaca4,0,1,0,2
Sult2b1,4,14,6,18
Gm31597,8,12,1,12
Lmtk3,229,213,137,269
Cyth2,49,62,51,102
Kcnj14,2,3,0,7
Grwd1,14,12,15,22
Grin2d,23,23,27,42
Kdelr1,102,163,172,248
Syngr4,4,1,2,1
Tmem143,20,33,40,38
Emp3,1,5,2,2
Odad1,118,140,157,219
Abcc6,30,32,41,72
Nomo1,127,174,127,235
Kcnj11,191,221,148,244
Abcc8,9953,12459,11384,21162
Gm45486,276,440,588,812
Ush1c,873,1155,977,1757
Kcnc1,4,1,2,6
Sergef,371,496,358,675
Gm45311,5,4,2,12
Gm15700,2,4,1,6
Saal1,28,33,24,44
Saa3,3,0,0,4
Hps5,263,318,231,509
Gm45309,4,11,6,9
Gtf2h1,406,343,402,756
Ldha,5,3,4,2
Tsg101,252,294,240,474
Uevld,130,203,166,331
C86187,0,2,1,0
Spty2d1,397,295,342,641
Gm32031,23,40,34,88
Tmem86a,10,15,31,26
Mrgpra6,0,1,3,2
Mrgpra2b,0,1,0,0
Zdhhc13,250,262,263,521
Nav2,20460,24982,17306,39682
Gm32849,115,125,96,185
9130015G15Rik,134,230,126,319
Htatip2,18,39,36,32
Prmt3,309,312,291,561
Nell1,8515,8653,6370,18945
Nell1os,38,42,35,88
4933405O20Rik,24,15,11,28
Gm29296,4,1,1,0
Fancf,5,8,7,1
Gas2,317,365,463,636
Svip,41,74,74,72
Luzp2,55,261,169,161
Siglech,0,5,0,0
Tubgcp5,286,389,329,527
Cyfip1,563,481,517,930
Nipa2,349,347,469,1024
A230056P14Rik,33,37,51,54
Nipa1,152,172,152,240
Gm34121,2,9,3,11
Herc2,1275,1545,1016,2266
Oca2,2,2,1,6
Gabrg3,94,66,99,46
Gabra5,15,16,14,23
Gabrb3,2482,3334,3151,5335
Atp10a,98,161,143,247
Ube3a,1196,1333,1367,2483
Snhg14,205,163,201,411
Snrpn,66,65,70,132
B230209E15Rik,2,2,1,0
A230057D06Rik,23307,26452,20086,48000
A330076H08Rik,10652,10731,10772,22041
Gm9801,8,10,24,16
Ndn,10,21,28,21
Chrna7,5,26,20,20
Otud7a,1343,1689,1137,2211
Klf13,1338,669,953,3488
Gm27252,6,6,9,37
Gm57239,8,5,7,27
E030018B13Rik,3,5,2,9
Gm32633,10,7,5,8
Trpm1,1,2,1,3
Mtmr10,212,184,148,374
Gm20457,41,45,33,64
Fan1,251,225,209,524
Mphosph10,141,139,124,220
Mcee,22,46,54,58
Apba2,0,1,4,2
Entrep2,200,144,200,407
Nsmce3,17,31,30,27
Tjp1,3718,3602,2213,6272
Gm57226,4,5,1,6
ENSMUSG00000121315,2,1,0,3
BC046251,12,5,10,27
Tarsl2,157,154,156,333
Tm2d3,37,50,58,112
1810008I18Rik,60,73,59,101
Gm20684,1,0,1,0
Pcsk6,308,223,249,783
Snrpa1,77,78,82,123
Selenos,303,338,346,616
Gm26827,4,24,8,10
Chsy1,66,84,64,98
Lrrk1,86,199,113,78
Gm44752,0,1,3,3
Gm10974,0,1,1,0
Aldh1a3,4,14,4,2
Asb7,286,360,291,467
Lins1,52,75,47,114
Cers3,0,2,2,6
Adamts17,1104,1632,718,2374
Gm57242,1,16,7,10
1700112J16Rik,25,35,30,42
Lysmd4,69,119,73,180
Mef2a,1296,1163,1115,2674
Lrrc28,259,303,333,484
Ttc23,188,185,189,299
Synm,2,1,1,11
Gm39027,0,1,3,8
Igf1r,1798,1748,1435,3915
Pgpep1l,9,3,0,1
Fam169b,51,57,1,2
Gm16158,8,5,0,1
Arrdc4,128,217,164,245
Gm29683,1,2,0,0
Nr2f2,13,25,14,6
B130024G19Rik,0,2,0,3
Gm42397,0,2,0,2
Mctp2,1912,2305,2662,4321
A730056A06Rik,0,1,5,9
Rgma,27,32,37,58
Chd2,1878,1677,1799,3794
Gm44686,42,44,67,69
Chaserr,1016,888,1395,2186
Gm57236,10,17,12,34
Fam174b,273,380,312,402
Gm10619,1,1,1,7
Gm21269,1,5,5,2
St8sia2,87,53,41,156
Slco3a1,1340,1885,1029,2334
Gm7580,6,7,8,13
Sv2b,1705,1429,1556,2741
1500012K07Rik,48,38,45,86
Akap13,2422,2272,1950,4386
AU020206,45,39,0,17
Klhl25,16,38,18,34
Agbl1,8,32,66,23
Ntrk3,21,35,0,38
Mrpl46,22,30,16,30
Mrps11,29,46,29,31
Det1,36,62,32,89
Gm57212,417,375,467,664
Aen,69,136,133,192
Isg20,57,61,50,102
Hapln3,0,0,0,1
Mfge8,14,4,3,8
Abhd2,2218,1879,1655,4658
Fanci,4,0,5,12
Polg,139,139,100,222
Kif7,3,0,1,1
Pex11a,36,59,52,116
Wdr93,61,52,52,94
Mesp1,20,25,21,36
Anpep,84,114,93,196
Ap3s2,399,525,403,723
5430400D12Rik,6,19,17,21
Arpin,27,58,52,73
Zfp710,354,501,374,603
Gm21057,7,16,14,34
Gm44949,12,13,10,10
Idh2,300,391,297,513
Sema4b,188,238,183,332
Cib1,15,38,23,20
Gdpgp1,8,24,12,18
Ttll13,33,44,56,89
Ngrn,32,66,46,37
Vps33b,140,165,129,229
Rccd1,87,110,170,241
Prc1,1,4,6,26
Unc45a,336,256,251,614
Hddc3,12,18,16,14
Man2a2,314,332,216,435
Fes,15,0,13,23
Furin,115,114,88,180
Blm,124,82,130,271
Crtc3,771,764,888,1380
Gm15880,8,1,3,3
Iqgap1,893,904,616,1611
Gm44649,11,11,11,22
Zscan2,13,32,24,19
Wdr73,89,147,132,168
Nmb,15,17,8,28
Sec11a,275,391,299,592
Gm44899,29,64,42,76
Zfp592,353,391,298,625
Alpk3,5,1,3,11
Slc28a1,0,3,3,8
Pde8a,1059,1243,1022,2308
Rps17,115,212,161,238
Cpeb1,1290,1793,1488,3065
Ap3b2,435,613,462,856
2900076A07Rik,210,301,225,437
Fsd2,1,3,2,4
Whamm,254,204,214,443
Homer2,5,1,0,7
Ramac,40,43,42,73
3110040N11Rik,52,63,44,89
Gm45016,1,1,2,5
Btbd1,574,603,603,1208
Tm6sf1,23,22,5,17
Hdgfl3,792,736,758,1479
Sh3gl3,4,5,3,7
Adamtsl3,2,1,0,0
Saxo2,33,47,38,57
Efl1,504,528,501,1014
4933406J10Rik,1,2,1,3
Gm36584,7,7,14,11
Mex3b,5,4,8,8
5930435M05Rik,1,2,5,6
Tmc3,4,5,5,7
Gm16638,105,254,217,255
Stard5,276,294,379,654
Il16,9,6,5,6
Tlnrd1,10,30,18,21
Mesd,100,125,103,211
Cemip,8,5,13,7
Abhd17c,154,206,115,196
Gm26708,6,6,8,18
Arnt2,1227,1640,1564,2975
Gm30873,2,6,4,5
Ctxnd1,34,191,79,115
Fah,41,55,32,59
Zfand6,1286,1518,1347,3098
2610206C17Rik,41,58,31,77
Nox4,6,1,2,2
Grm5,624,43,43,1862
Ctsc,14,10,1,1
Gm44751,0,1,0,0
Rab38,87,40,56,242
Tmem135,1167,1163,1177,2288
Fzd4,3,8,0,6
AI314278,0,0,1,0
Prss23,3,0,1,1
Me3,36,24,0,49
Ccdc81,1,1,0,3
Hikeshi,39,73,40,80
Eed,239,233,224,416
E230029C05Rik,49,36,50,157
2310010J17Rik,15,20,27,28
Gm57211,3,8,5,2
Picalm,1437,1446,1401,3141
Sytl2,386,268,367,665
Ccdc89,4,3,6,2
Crebzf,274,374,394,587
Tmem126a,67,99,128,144
Tmem126b,31,47,34,58
Dlg2,14742,18515,18290,27968
Gm45159,584,745,619,1037
4930567K12Rik,0,2,9,11
Ccdc90b,82,96,107,130
Ankrd42,200,197,273,427
Gm26944,70,103,106,137
Pcf11,1060,746,931,2026
Gm26981,5,14,10,18
4632427E13Rik,542,873,953,1448
Rab30,84,149,93,169
Ddias,20,11,50,62
Prcp,24,28,12,30
Gm32647,162,205,66,80
Tenm4,693,735,611,1262
Gm15414,2,1,2,5
Gm15413,10,16,13,16
C230038L03Rik,17,15,11,26
Nars2,492,565,535,997
Gab2,1717,2330,1867,3661
Usp35,312,375,171,316
Kctd21,14,30,18,21
Alg8,46,116,86,111
Ndufc2,40,57,60,102
Thrsp,0,1,0,0
Kctd14,1,0,0,1
Ints4,295,309,277,542
Aamdc,60,60,59,111
Rsf1,1669,1681,1568,3019
Rsf1os1,29,72,54,90
Rsf1os2,39,54,70,108
Clns1a,97,149,81,162
Aqp11,23,22,19,28
Pak1,32,16,16,74
Myo7a,70,61,34,93
Capn5,129,141,97,218
Omp,1,1,0,1
Gm16938,2,5,4,3
B3gnt6,1,3,1,3
Acer3,286,392,363,596
Tsku,3,1,2,0
Lrrc32,5,3,0,3
Emsy,698,710,522,1203
4930558N01Rik,29,35,34,54
Thap12,71,60,60,141
Uvrag,1646,1768,1568,2930
Gm45188,2,5,2,1
Gm45187,3,9,5,6
Dgat2,20,5,11,26
Map6,434,291,278,662
Gm45591,6,3,8,7
Serpinh1,16,35,35,23
Gdpd5,6,4,0,1
Klhl35,0,4,0,4
Rps3,81,155,156,140
Arrb1,35,17,28,32
Tpbgl,0,0,0,0
Slco2b1,0,4,1,4
Neu3,10,7,16,28
Spcs2,228,423,270,456
Xrra1,11,33,28,36
Gm38405,6,6,7,13
Rnf169,1169,1366,1452,2241
Pold3,264,280,242,545
Lipt2,2,3,1,5
Pgm2l1,136,98,152,294
Ppme1,566,639,551,1293
C2cd3,870,827,863,1697
Gm10603,13,12,13,34
Ucp3,6,2,2,7
Ucp2,146,150,148,282
Dnajb13,5,2,5,8
Coa4,2,6,0,4
Mrpl48,203,226,247,485
Rab6a,977,988,809,2177
Plekhb1,24,57,43,75
Fam168a,1313,1423,1151,2161
Relt,116,84,109,213
Arhgef17,297,447,310,616
P2ry6,4,3,0,1
P2ry2,1,1,0,1
Fchsd2,1996,1688,1837,4638
Atg16l2,619,555,594,1340
Stard10,163,195,108,190
Gm20476,1,2,1,1
Gm45620,1,1,2,2
Arap1,273,284,189,392
Pde2a,43,52,12,35
Gm35363,1,2,1,1
Gm57204,8,21,2,8
Clpb,393,436,312,774
Inppl1,159,169,83,207
Gm10602,9,28,17,23
Folr2,6,9,11,10
Folr1,24,26,32,76
Anapc15,18,29,30,54
Tomt,1,0,4,4
Lamtor1,114,130,124,229
Lrrc51,9,41,36,25
Numa1,1104,1217,836,1697
Il18bp,52,98,36,107
Rnf121,235,380,224,515
Xndc1,203,267,224,404
Art5,2,8,9,17
Nup98,1304,1292,1305,3259
Pgap2,390,488,414,842
Rhog,8,14,9,15
Stim1,864,882,684,1432
Rrm1,85,58,73,153
Trim21,16,20,20,33
Or52k2,3,6,3,8
Trim68,63,97,97,152
Or51e1,0,1,0,0
Or51e2,0,0,0,0
Trim6,17,13,17,24
Trim34a,81,60,63,97
Trim5,39,19,18,40
Trim12a,76,74,97,196
Gm15133,2,4,5,6
Trim12c,53,44,61,89
Trim30b,1,0,0,0
Trim30c,0,0,0,0
Trim30a,33,23,0,1
Trim30d,12,8,7,8
Fhip1b,186,262,285,597
Gm45885,6,6,3,2
Cavin3,1,3,0,2
Smpd1,11,20,17,24
Apbb1,89,120,57,146
Hpx,0,1,0,3
Trim3,161,181,160,345
Arfip2,110,160,110,186
Timm10b,44,91,52,107
Dnhd1,131,215,111,225
Rrp8,51,42,39,84
Ilk,51,66,62,92
Taf10,38,28,21,51
Tpp1,179,218,167,348
Dchs1,1,0,0,4
Mrpl17,45,56,62,88
Gvin2,7,5,0,0
Gvin1,21,10,1,3
ENSMUSG00000121501,15,13,4,1
Syt9,1038,995,1156,1938
Olfml1,5,1,2,7
Ppfibp2,46,55,66,85
Eif3f,79,117,81,123
Tub,3,1,3,4
Ric3,308,428,448,746
Lmo1,2,1,0,5
Stk33,387,498,803,1052
1700095J03Rik,16,26,27,46
Trim66,21,54,32,45
Rpl27a,198,372,299,401
Dennd2b,636,815,774,1129
Akip1,8,9,10,10
Tmem9b,96,84,71,202
Nrip3,21,19,16,43
Scube2,8,3,2,6
Dennd5a,1097,993,909,2264
Tmem41b,220,177,262,530
1600010M07Rik,121,162,214,320
Ipo7,407,436,329,729
Zfp143,109,150,134,194
Wee1,325,168,352,829
Swap70,66,47,26,50
Sbf2,2107,2377,2545,4945
Gm28863,2,0,1,2
Ampd3,4,7,3,10
Rnf141,348,430,429,864
Lyve1,0,11,15,2
Irag1,1,0,0,5
Ctr9,462,543,454,790
Eif4g2,1031,899,780,1648
Zbed5-ps,185,314,355,409
Gm57201,4,5,2,2
Gm57240,4,7,2,4
5430402P08Rik,1,4,0,1
Galnt18,639,481,728,1325
Usp47,1483,1464,1588,3193
Dkk3,2,2,1,3
Mical2,1011,1259,913,1825
Parva,1481,1717,1223,2441
Parvaos,4,8,10,13
2310014F06Rik,156,142,289,515
Tead1,3397,3273,2825,6753
Rassf10,10,12,2,5
Arntl,511,376,186,269
Btbd10,272,319,266,513
Far1,722,803,680,1578
Far1os,27,47,36,99
Spon1,0,12,5,22
Rras2,491,624,386,964
Copb1,722,801,750,1593
Psma1,134,176,165,276
4933406I18Rik,3179,4888,4205,6775
Pde3b,4329,4159,4919,10974
Cyp2r1,8,36,19,31
Calca,5,3,10,13
Insc,0,0,0,0
Gm34225,311,674,410,1044
Sox6,428,357,646,701
1110004F10Rik,207,253,226,399
1700003G18Rik,7,7,9,9
Plekha7,494,506,505,803
Rps13,162,215,200,344
Gm44777,4,16,16,24
Pik3c2a,1408,1778,1351,2835
AV356131,5,16,4,2
Nucb2,88,219,161,253
Gm45151,3,5,5,8
4732496C06Rik,2,3,0,10
Xylt1,658,627,667,1004
Rps15a,197,298,221,308
Arl6ip1,122,135,123,221
Smg1,2301,2312,1846,3899
4930583K01Rik,5,4,2,6
Syt17,4,5,7,25
Itpripl2,3,2,0,1
Coq7,62,34,54,90
Tmc7,70,60,54,190
Tmc5,2,0,1,4
Gde1,486,375,434,924
Ccp110,166,203,169,320
Vps35l,607,628,656,1243
Gm44549,2,3,2,7
Knop1,104,194,124,221
Iqck,92,130,118,247
Gm44763,0,0,1,1
Gprc5b,6,6,4,9
Thumpd1,150,91,111,295
Eri2,50,55,54,81
Rexo5,70,81,94,137
Dcun1d3,265,341,316,699
Lyrm1,76,87,84,208
Tmem159,61,68,99,133
Zp2,8,5,9,13
Anks4b,8,25,32,14
Crym,8,12,17,28
Abca14,11,9,14,35
Uqcrc2,240,311,315,517
9030407P20Rik,7,9,10,5
Mosmo,277,387,307,527
Vwa3a,5,6,0,12
Eef2k,48,81,67,107
Polr3e,137,188,130,316
Cdr2,130,216,150,292
Mfsd13b,8,21,13,23
Mettl9,292,311,299,554
Igsf6,2,7,2,9
Otoa,6,4,2,21
Hs3st2,0,0,1,2
4933432K03Rik,2,23,0,1
Usp31,462,498,332,756
Scnn1g,21,18,4,43
Scnn1b,367,543,322,661
Cog7,244,399,284,532
Gm44987,0,7,14,9
Gga2,203,308,266,426
Ears2,121,237,124,239
Ubfd1,113,180,121,243
Ndufab1,41,89,73,95
Palb2,21,22,28,24
Dctn5,79,118,101,136
Gm15489,17,28,23,35
Plk1,0,5,2,0
Ern2,8,1,3,6
Chp2,1,1,0,0
Prkcb,3253,3111,2922,6626
Cacng3,4,7,0,2
Rbbp6,1177,1349,1067,2131
Gm20274,14,27,28,52
Gm45847,326,345,531,617
Tnrc6a,3182,3552,2903,6480
Arhgap17,660,588,535,1218
Lcmt1,144,150,145,256
Zkscan2,334,332,366,620
Hs3st4,1,3,0,1
3100003L05Rik,0,1,0,2
4933440M02Rik,25,28,13,27
Kdm8,38,33,63,71
Nsmce1,79,89,84,152
Il4ra,35,15,7,22
Il21r,31,33,2,12
Gtf3c1,856,811,846,1727
Katnip,717,842,676,1494
Gsg1l,6,4,1,11
Xpo6,946,969,772,1825
1700123J17Rik,0,1,3,2
Sbk1,61,54,28,55
Lat,11,16,10,9
Spns1,86,84,111,207
Nfatc2ip,20,24,22,45
Cd19,18,5,0,1
Gm57238,1,0,0,2
Rabep2,112,107,78,141
Atp2a1,2,3,4,4
Sh2b1,78,86,39,98
Tufm,10,19,16,11
Atxn2l,425,357,311,599
Eif3c,272,363,225,541
Cln3,90,115,91,126
Apobr,1,1,0,0
Il27,20,23,9,30
Nupr1,17,10,8,5
2510046G10Rik,3,11,1,0
Sgf29,72,97,67,137
Sult1a1,2,5,6,7
Slx1b,40,53,39,68
Bola2,9,5,8,7
Coro1a,22,6,0,1
Mapk3,88,79,105,134
Gdpd3,63,61,39,65
Gm9967,4,13,10,14
Ypel3,155,168,166,302
Tbx6,11,9,6,14
Ppp4c,264,196,213,468
Aldoa,84,74,76,108
Tlcd3b,110,115,89,163
Aldoa.1,1,5,2,0
Doc2a,1,1,0,1
Ino80e,113,172,94,202
Hirip3,91,101,71,132
Taok2,523,805,352,682
Tmem219,490,627,762,1120
Gm20650,11,13,9,23
Kctd13,82,116,79,168
Asphd1,35,49,46,56
Gm57228,37,52,64,68
Sez6l2,446,709,578,1016
Cdiptos,2,0,5,5
Cdipt,52,69,53,82
Mvp,166,164,172,264
Pagr1a,1,10,2,1
Maz,68,96,81,125
Kif22,6,8,7,15
Gm31749,7,10,5,7
Zg16,6,7,6,6
AI467606,8,12,13,10
Spn,7,15,0,0
Cd2bp2,30,44,32,80
Tbc1d10b,59,89,64,112
Mylpf,1,0,2,5
Septin1,22,27,13,17
Zfp553,11,30,12,19
Zfp771,52,89,51,97
Dctpp1,2,5,0,6
Sephs2,15,22,11,1
Itgal,27,46,0,0
Zfp768,3,13,9,4
Zfp747,10,5,6,10
9130019O22Rik,7,13,3,13
E430018J23Rik,10,8,18,29
Zfp764,4,10,5,4
Zfp688,29,44,34,50
Gm45184,0,1,1,2
Zfp689,11,24,8,32
B130055M24Rik,120,215,120,232
Prr14,139,285,169,307
Fbrs,248,253,215,483
1700008J07Rik,6,15,21,25
Srcap,1355,1205,1040,2102
Gm28198,14,28,43,54
Tmem265,84,100,92,202
Phkg2,201,191,203,375
Ccdc189,29,50,48,89
Rnf40,221,205,189,475
Gm44759,32,26,45,82
Zfp629,61,56,63,90
Bcl7c,93,114,67,183
Gm39090,3,5,2,14
Ctf1,1,5,1,1
Fbxl19,124,141,76,171
Orai3,12,22,14,15
Setd1a,291,234,224,509
Hsd3b7,14,19,23,29
Stx1b,7,8,4,8
Stx4a,121,142,136,220
Zfp668,23,44,27,36
Zfp646,81,152,66,132
Prss53,24,35,0,16
Vkorc1,25,55,48,58
Bckdk,42,69,33,61
Kat8,55,92,59,124
Prss8,7,13,13,27
Prss36,29,38,51,62
Fus,2704,2850,2323,5175
Pycard,21,25,31,47
Trim72,6,0,2,11
Itgam,1,1,0,0
Itgax,0,5,1,0
Itgad,1,4,0,3
4931431B13Rik,4,2,1,0
Cox6a2,7,6,0,0
Gm44850,15,47,1,13
9130023H24Rik,8,12,4,2
Armc5,14,37,18,56
Tgfb1i1,7,4,3,2
Slc5a2,1,0,1,6
Rusf1,104,138,82,164
Rgs10,6,3,1,11
Gm15503,4,2,1,1
Tial1,604,643,681,1289
Gm32816,0,1,7,3
Bag3,145,188,152,255
Inpp5f,513,588,423,1169
Mcmbp,372,397,323,561
Sec23ip,345,431,276,615
Gm32884,1,1,0,12
Wdr11,290,347,285,623
Fgfr2,561,817,894,1608
Ate1,284,287,304,623
Gm44647,0,1,3,0
Nsmce4a,123,94,95,209
Tacc2,1252,1064,2075,3369
Btbd16,3,2,0,4
Plekha1,1042,1425,1103,2052
Htra1,0,1,0,4
2310057M21Rik,50,64,49,140
Pstk,71,167,101,215
Gm44623,2,2,1,1
Ikzf5,76,102,85,194
Acadsb,659,936,840,1632
Gm44982,2,4,9,18
Bub3,68,103,79,130
Chst15,28,42,33,42
Oat,20,33,39,118
Lhpp,81,133,85,197
Fam53b,20,19,14,27
Eef1akmt2,14,25,12,33
Abraxas2,114,162,95,191
1500002F19Rik,0,1,0,2
Gm45502,2,2,3,1
Zranb1,819,870,900,1875
Ctbp2,149,132,150,254
4930483O08Rik,5,3,4,14
Edrf1,438,389,352,782
Mmp21,2,0,0,5
Uros,96,144,96,177
Bccip,113,164,115,240
Dhx32,642,691,600,1506
Gm45670,3,3,5,6
Fank1,129,143,154,225
Adam12,26,22,17,46
D7Ertd443e,2,2,0,0
Dock1,656,467,395,1100
Insyn2a,12,16,10,30
Ptpre,14,28,8,31
5830432E09Rik,2,3,0,0
Mki67,8,13,0,8
C030029H02Rik,23,32,0,18
Gm6249,0,0,0,0
Mgmt,854,1105,1161,1877
Ebf3,8,2,1,16
9430038I01Rik,16,21,21,45
Glrx3,235,304,318,606
Tcerg1l,8,6,2,3
Mapk1ip1,353,390,345,689
Ppp2r2d,408,432,486,1224
Bnip3,79,102,131,242
Gm45507,4,3,2,13
Jakmip3,2,0,0,1
Stk32c,27,26,41,43
Lrrc27,56,70,61,141
Pwwp2b,15,19,23,41
Inpp5a,1121,1172,840,2458
Cfap46,62,45,44,65
Adgra1,5,0,0,4
Kndc1,10,8,4,2
Gm16201,9,6,8,13
Spef1l,15,5,7,9
Adam8,16,23,8,22
Tubgcp2,173,203,186,340
Zfp511,40,53,33,53
Caly,10,14,9,10
Prap1,2,3,3,1
Fuom,24,43,26,61
Echs1,67,95,58,105
Paox,15,14,11,10
Mtg1,18,25,31,53
Scart1,2,6,0,0
Or13a18,0,1,4,0
Syce1,10,7,2,6
Zfp941,63,76,69,157
Urah,2,0,1,2
Bet1l,135,149,204,385
Ric8a,90,67,57,146
Sirt3,110,149,133,210
Psmd13,239,272,249,503
Pgghg,68,105,66,119
Ifitm2,6,22,14,5
Ifitm1,1,1,0,0
Ifitm3,5,6,0,1
B4galnt4,30,34,22,45
Pkp3,22,33,25,28
Sigirr,46,40,40,72
Ano9,2,8,3,2
Ptdss2,76,130,99,152
Rnh1,181,172,188,347
Gm57245,0,3,0,4
Hras,20,23,15,14
Lrrc56,53,63,57,111
Lmntd2,42,30,23,51
Rassf7,16,14,18,37
Phrf1,393,461,406,761
Irf7,4,6,6,14
Deaf1,214,211,192,329
Tmem80,108,127,110,236
Eps8l2,438,455,555,651
B230206H07Rik,5,4,7,6
Taldo1,35,70,33,40
Gatd1,27,52,29,49
Slc25a22,33,23,44,90
Pidd1,9,8,9,13
Rplp2,228,339,256,330
Pnpla2,26,38,21,48
Cracr2b,4,7,4,7
Gm10575,5,4,5,8
Cd151,15,17,24,31
Polr2l,2,2,12,8
Tspan4,4,8,5,19
Chid1,194,286,131,288
Ap2a2,611,621,433,988
Gm16982,2,4,0,4
Muc6,4,4,2,8
Tollip,140,121,131,214
Gm20501,3,2,2,6
Brsk2,89,91,79,137
Mob2,475,465,402,982
Dusp8,210,118,213,672
Gm32786,50,64,59,129
Ifitm10,9,20,24,17
Ctsd,105,125,147,225
Lsp1,10,11,4,7
Mrpl23,39,46,41,56
Nctc1,3,1,2,7
Gm33148,6,6,4,17
Gm49394,2,0,0,0
Igf2os,0,0,0,2
Ins2,4344,17981,1923,4494
Gm39117,0,2,0,0
Th,10,24,2,6
Tspan32os,1,1,5,2
Tspan32,16,23,1,7
R74862,138,91,84,265
Cd81,165,175,249,353
Trpm5,24,24,5,14
Tssc4,48,60,58,138
Kcnq1,36,11,24,81
Kcnq1ot1,4785,7053,5475,8542
4933417O13Rik,0,0,2,0
Cdkn1c,3,5,2,6
Slc22a18,1,3,4,2
Nap1l4,351,448,301,721
Cars,314,185,135,433
Tnfrsf26,4,8,0,3
E230032D23Rik,2,3,3,0
Tnfrsf22,10,17,9,21
Tnfrsf23,65,61,42,122
Osbpl5,75,94,91,143
Mrgpre,4,1,7,10
Nadsyn1,44,65,64,83
Dhcr7,26,50,30,77
Shank2,54,74,10,60
Gm14372,0,4,0,1
Cttn,186,210,169,420
Ppfia1,1113,958,839,2303
Fadd,2,8,3,2
Ano1,39,8,2,27
Bc1,152,189,179,347
LTO1,86,88,68,110
Ccnd1,20,95,43,22
Tpcn2,73,55,53,141
Insr,1149,1261,1202,2176
Arhgef18,330,487,267,589
Pex11g,20,30,22,35
Tex45,9,2,8,27
Zfp358,5,7,11,11
Mcoln1,81,102,100,177
Pnpla6,143,196,124,243
Camsap3,58,61,34,71
Xab2,51,65,53,134
Pet100,32,27,30,32
Stxbp2,98,104,82,175
Trappc5,9,16,13,2
Fcer2a,13,5,2,7
4932443L11Rik,33,28,37,66
Evi5l,327,329,269,567
Prr36,18,11,21,28
Lrrc8e,2,0,0,19
Map2k7,258,227,250,524
Tgfbr3l,47,35,36,77
Snapc2,15,16,28,38
Ctxn1,0,4,0,5
Timm44,383,382,320,814
Elavl1,761,626,826,1567
Ccl25,239,474,276,553
Cers4,391,380,366,529
Zfp958,51,92,89,110
Gm6410,2,1,5,6
Shcbp1,10,2,9,26
Gm31135,2,3,3,2
Gm45075,4,9,3,7
Efnb2,82,83,38,212
Arglu1,2490,2560,2854,5512
Gm44626,1,2,0,11
Nalf1,27164,35636,27840,55066
Lig4,5,15,7,4
Abhd13,77,60,59,124
Tnfsf13b,1,9,5,19
Myo16,25,24,27,103
Gm32540,1,8,2,6
4833411C07Rik,40,54,56,99
3930402G23Rik,67,143,128,257
Gm44956,18,6,3,69
Irs2,3636,2875,3926,5429
9530052E02Rik,510,793,307,749
B830042I05Rik,2,1,1,1
Gm44717,14,6,16,23
Gm15418,989,740,815,2017
Col4a1,91,85,58,83
Col4a2,39,35,15,16
Gm15419,0,1,1,1
Rab20,142,103,89,134
E230013L22Rik,1,1,3,1
Naxd,99,186,120,204
Cars2,266,296,227,467
Ing1,68,56,47,63
Ankrd10,491,604,495,1027
Spaca7b,0,0,2,2
Arhgef7,576,488,376,898
Tex29,4,1,2,10
Tubgcp3,344,369,272,758
4931415C17Rik,3,2,2,9
Atp11a,986,885,744,1854
Gm15350,1,5,2,7
Gm15347,8,25,12,17
Mcf2l,1357,1620,1061,2102
Gm15353,5,1,6,4
Gm15351,20,50,44,47
F7,0,3,4,2
F10,8,6,2,22
Proz,0,4,1,0
Gm17023,2,5,1,5
Pcid2,164,141,130,307
Cul4a,577,808,689,1178
Lamp1,301,452,392,707
Grtp1,211,251,178,393
2810030D12Rik,10,32,12,27
Dcun1d2,190,289,163,358
Tmco3,306,257,268,471
Tfdp1,202,315,157,384
Tmem255b,2,1,0,0
Gas6,47,32,58,57
1700029H14Rik,3,2,0,3
Rasa3,82,77,28,72
Cdc16,261,291,247,478
Upf3a,91,87,90,158
Champ1,58,65,91,139
Coprs,8,20,20,16
Fbxo25,119,171,113,218
Tdrp,80,35,76,161
Erich1,171,196,216,324
Dlgap2,85,94,67,156
Cln8,25,15,16,34
Arhgef10,236,309,290,407
Kbtbd11,23,26,41,39
Gm45408,2,1,0,2
Csmd1,9,7,4,23
Mcph1,571,680,495,955
Gm16725,4,1,1,8
Angpt2,25,38,34,44
Gm56833,3,3,5,1
Agpat5,181,179,167,246
Gm39139,1,1,4,4
Potefam3e,2,2,2,5
2610005L07Rik,385,499,538,837
Potefam3a,4,0,7,6
6820431F20Rik,970,1340,1601,2396
Potefam3f,2,2,2,2
Gm56847,36,33,35,57
Gm56829,84,83,100,172
Potefam3b,3,4,5,12
Defb1,71,44,44,56
Atp7b,36,29,66,58
Alg11,44,58,47,75
Nek5,162,66,177,236
Nek3,97,86,86,123
Ckap2,6,1,0,10
Vps36,144,164,157,264
Thsd1,10,13,14,32
Slc25a15,24,18,22,34
1810012K16Rik,2,8,3,2
Mrps31,73,72,51,93
Smim19,59,90,70,129
Slc20a2,275,275,292,556
Gm17491,124,125,98,216
Vdac3,73,114,75,146
Polb,411,516,397,859
Ikbkb,362,466,322,598
Gm15346,3,2,1,4
Plat,23,32,55,68
Ap3m2,139,131,107,229
1700041G16Rik,10,13,15,11
Kat6a,1046,933,883,1950
Ank1,18,17,9,36
Gm15816,1,1,7,6
Nkx6-3,0,1,1,2
Gpat4,221,259,196,439
Gins4,24,35,26,55
Golga7,80,102,89,146
Sfrp1,0,0,0,4
Zmat4,35,10,3,33
Tcim,0,1,0,7
Adam5,13,12,15,22
Adam32,29,39,36,60
Adam9,389,461,417,966
Tm2d2,47,44,29,91
Htra4,2,2,0,2
Plekha2,191,172,164,334
5830408C22Rik,25,29,12,34
Tacc1,1739,1854,1403,2986
Gm30978,1,0,4,4
Gm45237,3,13,14,10
Gm31045,43,76,66,90
Fgfr1,829,771,673,1783
Gm16159,7,11,6,16
Letm2,166,187,186,343
Gm45570,0,2,2,2
D830025C05Rik,10,25,14,26
Nsd3,2116,2690,2159,4748
Plpp5,110,228,174,268
Ddhd2,508,586,525,1062
Gm17484,15,28,30,38
Bag4,177,179,187,284
Lsm1,77,173,77,144
Star,24,28,13,42
Ash2l,255,277,243,430
Kcnu1,108,122,74,166
Hgsnat,199,250,181,351
Pomk,12,24,11,14
Fnta,150,174,251,340
Hook3,1081,1527,1099,2049
1700047A11Rik,2,2,1,8
Rnf170,185,292,254,445
Gm45250,17,32,21,44
Thap1,37,22,27,43
Gm31784,0,0,1,0
Gm45307,11,12,10,8
Gm39150,13,7,8,38
Zfp703,11,14,4,22
Gm45371,0,0,0,2
Erlin2,90,99,99,236
Proscos,1,8,6,7
Plpbp,553,570,634,1237
Adgra2,5,2,0,10
Brf2,9,23,13,17
Rab11fip1,77,78,78,131
Gm45267,7,3,8,7
Eif4ebp1,19,9,5,20
Poteg,0,0,7,6
Unc5d,13,3,6,5
Dusp26,99,68,114,153
Rnf122,31,29,19,69
Tti2,50,65,88,145
Mak16,64,101,68,156
Fut10,153,143,156,241
Gm38572,2,2,1,6
Nrg1,18180,10762,20679,50624
Wrn,692,648,608,1316
Purg,286,359,332,605
Tex15,4,1,7,3
Ppp2cb,346,245,356,601
Ubxn8,52,49,56,78
Gsr,250,296,216,384
1700104B16Rik,2,2,1,1
Gtf2e2,317,397,311,602
Smim18,5,11,7,7
Rbpms,2976,3641,3079,5835
Gm26632,67,110,122,180
Gm26978,1,4,5,9
Gm39157,5,5,7,13
Dctn6,159,204,169,358
Gm10131,2,2,0,4
Leprotl1,47,93,71,111
Saraf,1286,710,1460,2935
B930018H19Rik,24,47,20,53
Gm56826,7,16,7,13
Gm56852,4,13,9,19
Dusp4,70,46,59,51
Tnks,1720,1753,1686,3740
Gm45469,5,10,7,5
Ppp1r3b,11,24,5,16
Eri1,125,104,109,222
Mfhas1,257,248,293,450
Cldn23,9,5,14,12
Prag1,8,12,3,23
Lonrf1,162,80,104,479
Trmt9b,670,903,793,1497
Dlc1,114,88,39,81
AI429214,6,7,2,10
Sgcz,1741,2017,218,1858
Gm40493,0,1,0,0
Tusc3,957,928,994,1908
Gm6213,0,0,1,0
Msr1,0,1,0,0
Fgf20,0,2,5,2
Micu3,957,1068,1020,2137
Zdhhc2,1210,1379,1337,2150
Cnot7,721,634,634,1220
Vps37a,1745,1993,2027,3470
Mtmr7,1397,1810,1660,2812
Slc7a2,15140,14456,16336,26980
Pdgfrl,449,518,436,791
Mtus1,628,909,700,1204
B430010I23Rik,30,51,67,75
Gm16192,5,6,16,11
Gm16193,3,20,13,21
Fgl1,4,4,6,13
Gm16348,4,10,11,12
Pcm1,2384,2345,2327,4269
Asah1,286,346,367,679
Gm56834,3,4,3,5
Frg1,255,217,247,506
2810404M03Rik,44,20,66,65
Gm9908,2,3,3,1
Fat1,532,462,528,897
Gm2366,1,1,4,2
AY512931,3,8,5,9
F11,0,1,3,10
Klkb1,17,18,28,58
Cyp4v3,146,204,270,405
Fam149a,67,79,55,95
Tlr3,36,45,33,82
Sorbs2,2940,3632,3032,7749
Gm16351,4,4,0,4
Sorbs2os,34,77,73,158
Pdlim3,9,3,8,11
1700029J07Rik,127,162,183,241
Ufsp2,229,358,294,573
Ankrd37,38,33,52,64
Lrp2bp,78,84,66,133
Snx25,669,663,602,1187
Cfap97,161,288,172,316
Gm56864,0,3,1,0
Slc25a4,163,184,242,263
Acsl1,275,218,277,600
Cenpu,6,18,15,24
Primpol,118,121,176,265
Casp3,88,77,79,120
Gm16675,39,35,29,78
Irf2,1070,1487,988,2021
Gm45479,2,2,0,4
Enpp6,0,5,2,0
E330018M18Rik,2,2,3,4
Stox2,4015,4763,4247,7891
Trappc11,479,513,468,1054
Rwdd4a,122,217,211,413
Gm45576,2,1,0,0
Ing2,212,220,180,302
AA386476,13,79,59,81
Cdkn2aip,133,119,187,266
E030037K01Rik,0,1,0,2
1700061N14Rik,1,0,1,1
Wwc2,102,70,64,173
Dctd,7,2,5,23
Tenm3,427,361,140,540
Gm19744,1,0,0,1
4930555F03Rik,31,47,49,53
Gm45323,0,1,0,0
Gm45341,0,2,0,0
C130073E24Rik,1,3,1,3
Gm45554,2,2,0,0
Aga,80,114,144,179
Neil3,5,1,0,2
Vegfc,138,162,105,351
Spcs3,216,220,211,432
Asb5,41,80,67,111
5330439A09Rik,5,10,8,6
Spata4,1,3,4,5
Wdr17,78,67,53,193
Gpm6a,78,46,40,119
Glra3,17,24,7,35
Hpgd,2,3,10,41
Cep44,158,251,218,426
Fbxo8,460,390,540,960
Hand2os1,0,0,0,1
Hand2,0,0,0,0
Hdnr,0,0,1,1
Sap30,15,16,13,15
2500002B13Rik,26,37,19,37
Hmgb2,830,425,518,925
Galnt7,576,758,586,1182
AW046200,35,49,17,50
Gm45356,4,5,5,13
Galntl6,27,30,6,33
Mfap3l,8,2,2,12
Hpf1,137,193,169,385
Clcn3,1278,1417,1603,3589
B230317F23Rik,7,14,17,22
Nek1,580,616,577,1151
Gm16178,0,6,6,12
Sh3rf1,656,569,541,1252
1700001D01Rik,1,6,4,4
Cbr4,38,61,47,83
Palld,62,47,80,118
Ddx60,151,101,114,275
Gm45459,1,0,1,0
Spock3,31,43,18,11
Tll1,68,48,44,162
Cpe,5922,7926,7211,15548
Gm45518,2,1,0,5
Msmo1,183,220,203,403
Klhl2,310,335,230,528
Tmem192,213,171,218,354
Marchf1,470,278,91,855
Tma16,80,80,58,110
Npy1r,0,1,0,2
Naf1,269,136,310,752
Nat1,5,8,5,14
Nat2,11,13,12,26
Psd3,3513,4890,3668,7759
Gm15991,13,23,34,39
Sh2d4a,7,1,3,1
Csgalnact1,778,526,622,1740
Ints10,108,154,149,264
Lpl,421,303,770,916
Slc18a1,252,263,207,447
Gm15716,15,19,8,21
Atp6v1b2,717,756,830,1792
Lzts1,0,4,2,4
Zfp930,29,52,45,70
D130040H23Rik,233,262,278,473
Gm10033,142,181,192,269
Gm43263,4,0,3,6
Zfp868,138,140,186,351
Zfp964,13,20,23,29
Zfp869,509,420,482,1101
Zfp963,30,39,44,102
Zfp866,105,166,117,188
Atp13a1,191,224,179,329
Gmip,88,64,73,122
Lpar2,6,4,7,14
Pbx4,54,65,51,112
Yjefn3,4,1,5,11
Ndufa13,49,55,72,103
Gatad2a,538,534,327,833
Mau2,678,795,726,1355
Sugp1,337,479,376,666
Tm6sf2,8,15,3,6
Hapln4,2,14,0,3
Rfxank,42,42,21,48
Nr2c2ap,13,27,23,30
Borcs8,18,33,21,47
Mef2b,38,33,30,79
Tmem161a,117,111,92,192
Slc25a42,138,187,131,276
Armc6,29,46,37,72
Sugp2,334,384,308,577
Homer3,9,8,8,13
Ddx49,91,96,79,152
Cope,154,357,243,457
Cers1,3,0,0,5
Upf1,162,164,81,230
Comp,1,1,1,2
Crtc1,662,717,542,1074
Klhl26,171,256,187,374
Tmem59l,59,58,111,176
Crlf1,5,4,2,8
Rex1bd,11,7,14,20
Uba52,30,15,44,16
Kxd1,70,105,53,94
Gm56874,15,24,10,21
Fkbp8,117,129,110,189
Ell,378,448,324,646
Isyna1,37,48,28,56
Ssbp4,92,116,113,202
Lrrc25,0,0,0,1
Gdf15,0,1,2,4
Pgpep1,25,38,40,39
Lsm4,66,56,56,130
Jund,1369,2296,1664,2278
Gm11175,6,9,4,11
Iqcn,374,168,144,371
Gm3336,45,3,25,103
Pde4c,66,76,19,130
Rab3a,28,45,29,27
Mpv17l2,3,13,18,18
Ifi30,36,36,16,38
Pik3r2,73,57,43,115
2010320M18Rik,2,16,2,8
Mast3,463,343,448,693
Il12rb1,4,2,2,1
Arrdc2,14,14,19,22
Kcnn1,12,14,12,13
Ccdc124,25,61,18,47
Slc5a5,3,0,0,2
Rpl18a,124,131,137,158
Map1s,92,104,78,166
1700026F02Rik,5,3,4,9
Gm35256,17,13,12,38
Haus8,25,28,24,55
Myo9b,718,853,583,1234
Use1,66,85,62,118
Gm56873,1,2,1,3
Ocel1,68,67,54,142
Nr2f6,21,27,21,37
Ushbp1,6,4,3,8
Babam1,90,114,99,197
Ankle1,4,5,2,6
Abhd8,40,30,26,75
Mrpl34,0,6,6,0
Dda1,79,101,64,170
Ano8,83,76,48,102
Gtpbp3,47,69,36,80
Plvap,27,14,0,24
Bst2,0,2,7,16
Mvb12a,47,100,63,110
Tmem221,0,0,0,1
Slc27a1,159,113,155,254
Gm56877,2,6,5,3
Pgls,69,114,56,136
Niban3,12,10,8,11
Colgalt1,117,158,132,288
Unc13a,845,1129,543,1614
Jak3,10,14,4,15
B3gnt3,13,14,10,10
Fcho1,22,12,16,27
ENSMUSG00000121402,1,1,3,1
Zfp709,14,45,35,51
Zfp882,27,44,32,55
Zfp617,64,85,88,118
Zfp961,95,199,151,179
Cyp4f18,5,1,1,0
Tpm4,262,209,286,793
Gm26586,6,8,6,16
Gm16091,31,53,36,67
Rab8a,105,120,67,181
Hsh2d,10,5,11,22
Cib3,10,16,21,34
Fam32a,30,52,33,74
Ap1m1,212,237,194,390
Hmgn2-ps,7,8,10,16
Klf2,29,51,61,53
Eps15l1,834,1027,798,1673
Calr3,4,15,7,15
1700030K09Rik,113,159,124,193
Cherp,281,305,261,561
Slc35e1,166,150,127,402
Gm17435,40,74,71,122
Med26,460,594,376,839
1700085D22Rik,44,67,53,52
Smim7,105,107,145,259
Tmem38a,234,374,377,497
Nwd1,13,14,29,43
Sin3b,213,275,165,361
F2rl3,0,1,1,2
Large1,2003,2913,2402,4153
Gm11033,0,2,0,1
Hmgxb4,260,315,294,543
Gm45822,3,7,3,6
Tom1,352,420,318,687
Gm45820,9,2,7,12
Hmox1,18,16,7,26
Mcm5,7,10,4,17
Rasd2,4,2,1,0
Iqcm,3,35,3,4
Gm45740,3,6,2,3
Gm10649,82,71,61,127
Nr3c2,3979,3509,3760,7932
Arhgap10,46,52,4,27
Prmt9,192,141,133,351
Tmem184c,81,153,81,165
4933431K23Rik,17,53,22,22
Ednra,124,552,244,284
Ttc29,0,4,0,3
Rbmxl1,134,131,201,346
Slc10a7,996,1220,1005,1878
Lsm6,101,153,134,197
Zfp827,1506,1719,1295,2876
Mmaa,186,204,189,387
Gm4890,18,42,41,88
Smad1,633,722,577,1400
Otud4,653,678,492,1335
Abce1,393,443,310,887
Anapc10,301,317,299,691
Gm45435,1,8,16,17
Gypa,3,0,2,2
Frem3,2,2,1,4
Smarca5,1407,845,1103,2640
Gab1,772,735,540,1651
Gm31223,6,2,1,10
Usp38,422,324,293,882
Gm9725,55,73,54,118
Inpp4b,620,1038,95,507
Il15,2,6,2,1
Zfp330,139,169,135,333
Rnf150,390,165,158,481
Tbc1d9,739,571,632,1810
Elmod2,172,227,190,310
Scoc,61,108,73,115
Ndufb7,15,59,21,37
Tecr,189,296,271,448
D830024N08Rik,21,52,34,58
Dnajb1,183,720,86,59
Gipc1,43,63,45,85
Pkn1,371,378,331,584
Ptger1,5,8,5,14
Ddx39a,23,38,11,49
Adgre5,69,86,48,68
Adgrl1,850,972,540,1225
Gm10644,27,36,27,33
Asf1b,7,0,11,24
Prkaca,196,156,121,332
Samd1,34,21,21,53
1700067K01Rik,0,2,3,3
Il27ra,5,10,0,0
Gm10643,14,20,47,46
C330011M18Rik,18,17,48,41
Rfx1,150,136,134,294
Dcaf15,36,54,46,82
Podnl1,4,6,0,0
Cc2d1a,100,79,79,121
Brme1,8,2,16,22
Gm56844,4,2,1,0
Gm26887,12,17,36,27
Gm56830,21,37,65,55
Gm26532,7,12,38,56
Zswim4,127,76,132,302
D8Ertd738e,93,71,76,154
Mri1,95,172,141,242
Ccdc130,46,122,65,87
Cacna1a,5774,6290,4735,9334
Gm16183,48,97,81,107
Ier2,231,386,248,388
Gm56854,3,4,4,4
Gm26664,15,16,11,22
Nacc1,154,147,164,310
Trmt1,242,325,264,497
Nfix,36,34,19,42
Dand5,12,24,10,28
Gadd45gip1,10,30,15,11
Rad23a,62,59,58,114
Calr,496,488,464,1059
Farsa,109,155,86,200
Syce2,18,16,9,33
Gcdh,35,47,38,47
Gm39213,4,4,4,4
Dnase2a,45,61,72,104
Mast1,128,106,101,249
Rtbdn,9,11,6,9
Rnaseh2a,52,38,56,111
Prdx2,52,109,107,164
Junb,471,612,706,942
Gm56846,1,2,2,3
Hook2,516,491,560,1017
Get3,33,41,34,60
Trir,107,208,149,298
Tnpo2,154,253,154,273
A230103J11Rik,9,11,10,20
Fbxw9,110,119,133,197
Gm56867,17,21,15,36
Dhps,49,58,72,140
Wdr83,27,65,33,55
Wdr83os,10,12,10,28
Man2b1,94,145,142,185
Zfp791,23,26,25,22
Gm42031,2,5,3,0
Cks1brt,2,2,2,3
Vps35,412,446,397,736
Orc6,97,107,100,220
Mylk3,1,0,1,3
4921524J17Rik,65,97,64,101
Gpt2,74,61,46,105
Dnaja2,268,274,265,653
Neto2,119,59,86,144
Itfg1,1007,1494,1163,2128
Gm39214,17,33,28,39
Phkb,1332,1576,1225,2537
Hm629797,5,9,7,4
Abcc12,71,49,138,163
Lonp2,1089,1127,1060,2158
Siah1a,211,186,185,421
Gm10638,0,1,3,1
N4bp1,448,480,471,876
Gm27169,2,1,0,0
Gm2694,6,7,7,4
Zfp423,9,17,17,13
Cnep1r1,192,213,238,432
Heatr3,288,264,255,565
9430002A10Rik,1,3,0,2
Tent4b,563,514,372,848
Adcy7,19,14,1,10
Brd7,447,402,298,645
Nkd1,3,0,0,0
Snx20,16,12,2,1
Nod2,2,1,0,2
Cyld,676,788,685,1339
Sall1,9,8,2,3
Gm3134,14,13,8,14
Tox3,4153,4394,3777,7064
Chd9,3154,3545,2881,5430
Rbl2,411,350,401,658
Aktip,127,125,135,260
Gm45464,18,40,38,44
Rpgrip1l,376,331,322,603
Fto,3781,4956,3709,7348
4831440D22Rik,19,31,41,61
Gm3235,22,56,33,64
Irx3,0,0,0,1
Crnde,6,12,9,23
Mmp2,0,0,0,0
Lpcat2,8,14,11,25
Ces5a,3,1,7,11
Gm45708,34,28,32,103
Gm26843,153,182,305,433
Gm30606,54,100,79,154
4930488L21Rik,297,378,430,723
Gnao1,11579,13494,10737,22093
Amfr,386,425,328,738
Nudt21,127,164,159,225
Ogfod1,149,227,190,324
Bbs2,347,353,373,595
Mt3,0,2,0,0
Gm45774,14,2,10,30
Mt2,233,27,169,572
Mt1,525,91,434,1477
Gm39228,0,2,0,0
Nup93,295,398,165,511
C78859,2,0,4,9
Slc12a3,1,1,3,1
Gm15889,1,1,5,8
Gm15890,8,17,10,19
Herpud1,1339,1012,1382,2712
9330175E14Rik,3,0,1,7
Nlrc5,85,63,26,94
Cpne2,10,7,20,24
Psme3ip1,120,172,116,213
Rspry1,661,803,702,1375
Arl2bp,145,158,159,348
Gm45767,11,6,6,18
Cx3cl1,56,67,78,98
Ciapin1,80,133,94,200
Coq9,156,243,169,298
Polr2c,106,64,62,153
Dok4,10,7,5,10
Ccdc102a,1,3,0,0
Adgrg5,4,1,0,2
Adgrg1,389,503,315,609
Adgrg3,63,63,63,147
Katnb1,62,31,49,87
Kifc3,268,342,290,487
Gm31224,12,25,17,30
Gm45812,1,7,4,7
Gm31036,16,27,24,38
Cngb1,0,0,1,3
Zfp319,15,21,16,43
Usb1,43,38,24,82
Mmp15,2,5,5,7
Cfap20,1019,701,1253,2177
Csnk2a2,414,526,400,894
4933406B17Rik,1,1,0,0
Ccdc113,33,33,41,79
Gm31518,14,18,6,26
Gins3,26,25,18,39
Ndrg4,26,17,8,49
Setd6,43,46,20,64
Cnot1,1560,1552,1399,2861
4930513N10Rik,21,22,18,66
Gm31659,6,7,5,9
Gm31805,2,2,1,7
Slc38a7,44,70,36,93
Got2,127,155,153,183
Cdh8,1794,1806,1583,3887
Gm15680,1,6,7,3
A330008L17Rik,110,85,146,254
Cdh11,9,10,14,13
Gm29682,0,0,0,0
Cdh5,5,6,0,6
Bean1,1,1,2,10
Tk2,118,139,131,270
Cklf,24,31,29,42
Cmtm3,7,1,2,9
Cmtm4,874,949,857,1900
Gm45877,9,5,7,21
Dync1li2,495,489,518,1062
K230015D01Rik,0,4,4,1
Terb1,99,89,112,175
Nae1,268,275,233,448
Car7,22,22,22,24
Pdp2,10,32,9,7
Rrad,1,1,0,2
Ciao2b,10,8,6,19
1700082M22Rik,3,7,4,9
Ces2e,2,1,0,2
Ces2g,0,0,0,0
Cbfb,697,820,716,1514
Phaf1,295,426,323,647
B3gnt9,4,22,14,10
Tradd,16,27,24,51
Fbxl8,4,4,7,10
Hsf4,16,15,11,33
Nol3,5,2,7,11
Matcap1,53,75,67,104
Gm20163,3,2,0,2
Exoc3l,0,2,1,1
E2f4,87,107,58,135
Elmo3,58,60,63,110
Fbxl9,59,111,69,151
Tmem208,99,167,126,207
Fhod1,20,26,12,37
Slc9a5,9,5,7,15
Kctd19,2,3,8,14
Lrrc36,333,312,474,802
Tppp3,72,35,64,148
Zdhhc1,463,571,493,823
Atp6v0d1,726,713,878,1807
Gm38250,21,46,45,21
Agrp,25,37,28,40
Ripor1,167,210,119,258
Gm5914,9,7,4,8
Ctcf,733,658,522,1245
Carmil2,15,15,8,21
Acd,30,36,30,81
Pard6a,28,15,41,59
Enkd1,18,24,11,22
Gfod2,212,344,288,523
Ranbp10,474,525,404,772
Tsnaxip1,5,5,8,3
Cenpt,7,19,12,37
Thap11,7,16,8,9
Nutf2,19,48,22,39
Edc4,162,155,101,266
Nrn1l,2,1,0,3
Pskh1,89,131,148,236
Ctrl,0,0,2,3
Gm16156,7,5,9,14
Psmb10,2,9,5,5
Lcat,0,1,1,0
Slc12a4,19,28,12,24
Dpep2,0,0,0,1
Dus2,88,133,92,147
Ddx28,7,5,5,5
Nfatc3,580,609,472,874
Esrp2,10,11,10,21
1810019D21Rik,10,7,12,8
Pla2g15,26,36,21,53
Slc7a6,235,354,229,482
Slc7a6os,209,208,328,472
Prmt7,195,273,184,398
Smpd3,420,576,384,691
Gm10629,12,7,14,18
Zfp90,106,120,98,191
1110028F18Rik,1,0,5,5
Cdh1,459,651,468,734
Tango6,289,392,263,632
Has3,5,6,1,7
Chtf8,3,5,6,4
Utp4,211,182,182,445
Sntb2,336,352,276,520
Gm16208,0,0,1,1
Vps4a,66,95,79,126
Pdf,3,5,4,5
Cog8,87,133,100,183
Nip7,59,47,36,87
Tmed6,8,1,4,10
Terf2,448,529,327,831
Cyb5b,317,460,286,591
4930517G24Rik,3,1,1,5
Nfat5,3006,2798,2860,5614
Nqo1,15,7,6,23
Nob1,109,149,150,198
Wwp2,808,788,793,1528
Psmd7,171,251,153,309
Zfhx3,1306,1601,1151,2266
Gm20686,0,0,3,4
D030068K23Rik,5,0,0,2
Pmfbp1,0,0,0,0
Dhx38,128,110,83,173
Txnl4b,6,7,8,5
Dhodh,20,32,39,58
Pkd1l3,8,4,6,10
Ist1,360,371,334,866
Zfp821,192,228,206,385
Atxn1l,82,99,102,222
Ap1g1,1160,1289,1118,2689
Gm17344,19,28,18,27
Phlpp2,385,311,318,745
Marveld3,181,303,176,397
Tat,48,114,69,122
Zfp612,876,572,871,1973
Cmtr2,13,22,14,21
Hydin,31,12,58,73
Vac14,276,352,226,492
Mtss2,408,468,398,976
Il34,12,10,10,39
Sf3b3,365,510,438,751
Cog4,359,497,373,761
Fcsk,35,41,31,46
St3gal2,117,100,77,138
Ddx19a,194,168,159,392
Ddx19b,127,127,133,266
Aars,485,162,361,867
Clec18a,3,0,1,0
Pdpr,198,182,205,475
9430091E24Rik,76,109,104,187
Glg1,1668,1879,1599,3566
Gm56868,4,1,7,7
Rfwd3,180,141,132,211
Mlkl,27,34,24,56
Fa2h,14,2,14,13
Wdr59,554,751,485,1084
Gm56848,27,14,32,55
Znrf1,1208,1355,758,1884
Ldhd,64,37,42,75
Gm56859,0,2,4,8
Zfp1,270,238,279,616
Ctrb1,3,20,2,7
Bcar1,265,351,237,487
Cfdp1,662,824,572,1250
Tmem170,47,60,51,89
Chst5,1,1,2,3
Tmem231,43,49,42,65
Gabarapl2,343,244,341,688
Adat1,170,217,122,322
Kars,77,65,63,95
Terf2ip,91,79,108,144
Cntnap4,3,6,0,3
Gm45904,0,0,0,2
Mon1b,17,22,19,34
Syce1l,3,6,5,7
Adamts18,3210,4266,3354,7582
Nudt7,77,167,144,179
Vat1l,1826,1706,1671,3067
4933408N05Rik,9,10,12,22
Wwox,7047,9244,7313,14201
Gm16116,1,4,3,1
Gm16118,1,1,2,2
Maf,20,21,1,1
Gm45733,1,2,1,6
Dynlrb2,18,44,41,28
Cdyl2,628,688,595,1014
Cmc2,29,33,21,33
Cenpn,8,4,9,19
Atmin,35,55,34,47
1700030J22Rik,14,11,14,15
Gcsh,42,31,26,65
Pkd1l2,1,1,2,4
Bco1,12,11,17,34
Gm56860,1,4,7,10
Gan,131,145,133,300
Cmip,3800,4665,2955,6676
Gm56878,93,131,99,166
Plcg2,121,129,114,142
Sdr42e1,7,16,18,29
Mphosph6,85,137,92,181
Cdh13,40,30,85,109
Hsbp1,23,27,39,41
Mlycd,130,141,150,281
Gm32006,0,2,2,2
Osgin1,25,37,42,42
Necab2,49,93,80,155
Slc38a8,5,1,1,6
Mbtps1,416,395,388,854
Hsdl1,48,65,59,77
Dnaaf1,3,2,2,2
Taf1c,60,70,56,74
Wfdc1,2,1,1,0
Atp2c2,4,1,2,3
Meak7,15,20,14,24
Cotl1,279,206,148,339
Klhl36,35,54,49,83
Usp10,330,390,337,621
Crispld2,2,4,1,1
Zdhhc7,77,86,55,134
A130014A01Rik,20,46,17,35
6430548M08Rik,137,236,118,235
Cibar2,60,67,52,90
A330074K22Rik,3,2,3,2
Gse1,2220,2404,1369,3012
Gm56871,7,2,2,2
Gm56858,7,4,3,3
Gm26971,2,3,0,4
Gins2,20,31,15,49
Gm10614,19,15,16,31
Gm26739,6,5,5,17
1190005I06Rik,14,16,13,42
Emc8,77,111,62,160
Cox4i1,117,169,153,290
Irf8,30,13,1,3
Fendrr,2,7,3,16
Foxf1,0,2,2,7
Mthfsd,171,235,173,309
Foxc2,1,0,0,0
Fbxo31,83,113,53,116
Map1lc3b,197,175,196,415
Zcchc14,590,524,450,961
Gm27030,3,0,2,1
Jph3,181,209,140,275
Klhdc4,92,127,58,141
Gm20406,12,1,5,15
Gm42047,1198,1236,1462,1624
Gm26812,24,19,20,26
Slc7a5,194,161,147,495
BC048644,0,3,1,3
Banp,672,616,324,755
Zfp469,3,3,5,0
Zfpm1,31,53,29,55
Gm45353,0,1,1,3
Zc3h18,427,434,338,741
Cyba,19,16,2,1
Mvd,8,20,4,8
9330133O14Rik,9,15,17,11
Rnf166,114,102,76,223
Gm56876,4,1,1,4
Ctu2,37,25,33,74
Piezo1,13,17,1,19
Cdt1,8,5,2,5
Aprt,32,19,18,45
Galns,245,217,210,513
Trappc2l,22,33,45,52
Pabpn1l,0,0,0,1
Cbfa2t3,571,520,237,660
C230057M02Rik,0,0,0,0
Gm39271,2,1,1,1
Acsf3,110,127,84,177
Gm45894,24,11,9,25
Ankrd11,3278,3079,2398,5467
2810013P06Rik,53,117,135,101
Spg7,208,251,174,405
Rpl13,295,645,451,429
Cpne7,6,7,3,4
Gm4316,1,2,2,3
Chmp1a,56,70,43,103
Spata33,0,7,10,13
Cdk10,103,146,94,169
Spata2l,14,9,13,22
4933417D19Rik,17,24,7,25
Vps9d1,74,82,90,133
Zfp276,50,91,40,86
Fanca,9,6,1,11
Spire2,221,238,235,430
Tcf25,1962,2519,2114,4568
Mc1r,1,0,1,11
Tubb3,35,34,20,79
Def8,123,251,82,232
Afg3l1,403,408,387,829
Dbndd1,5,17,6,23
Gas8,69,80,66,98
Rhou,745,811,866,2301
Gm45781,2,3,3,5
6030466F02Rik,5,7,5,8
4732419C18Rik,43,107,56,123
Gm45866,6,22,6,25
Rab4a,97,99,104,196
2810455O05Rik,5,3,5,11
Ccsap,83,23,71,171
Acta1,1,1,0,2
Gm29773,0,2,0,2
Nup133,170,131,149,337
Gm45890,18,22,20,19
Abcb10,332,283,244,549
Taf5l,217,152,138,362
Urb2,75,79,71,122
Gm45732,4,2,4,10
Galnt2,1061,1414,1012,2207
Gm15775,6,10,15,26
Pgbd5,392,635,273,649
Cog2,270,417,286,674
Agt,32,54,72,115
Capn9,10,10,9,16
2310022B05Rik,132,248,106,192
Ttc13,265,302,205,444
Arv1,89,141,113,161
Fam89a,17,25,8,32
Trim67,98,76,50,240
2810004N23Rik,157,282,166,263
Gnpat,196,242,218,336
Exoc8,13,19,8,14
Sprtn,57,65,38,82
Gm45709,6,1,5,3
Egln1,312,308,227,437
Tsnax,145,242,161,306
Disc1,176,170,170,275
Sipa1l2,593,435,573,1179
4930567H12Rik,6,8,13,22
Map10,10,18,12,29
Ntpcr,21,30,20,27
Pcnx2,16,18,15,29
Map3k21,299,315,316,540
Kcnk1,393,336,299,771
Slc35f3,42,32,33,77
Coa6,7,15,15,14
Tarbp1,94,90,64,166
Gm26759,34,68,50,80
Irf2bp2,493,489,578,855
Gm56824,4,5,6,20
Gm56842,12,15,22,16
Gm45805,24,20,21,45
Gm31718,53,41,31,64
A630001O12Rik,8,0,2,8
Tomm20,205,167,170,352
Rbm34,126,162,109,188
Pard3,1855,2172,1078,2573
Gm53207,56,89,105,105
Nrp1,305,260,112,387
Gm56862,7,2,2,5
Itgb1,627,630,718,1413
Ccdc7a,2,3,3,9
Ccdc7b,2,1,2,6
2610044O15Rik8,55,79,73,118
Gm32856,35,76,39,66
Alkbh8,230,242,213,385
Cwf19l2,839,800,772,1599
Gucy1a2,1051,638,826,1327
Aasdhppt,53,102,80,138
Kbtbd3,148,196,165,298
Msantd4,41,73,31,52
Gria4,11,29,8,21
Casp1,4,5,0,0
Casp4,17,22,0,1
Casp12,0,0,0,0
Pdgfd,733,1943,1390,1915
Ddi1,1,3,1,4
Dync2h1,3758,3091,3305,6783
Dcun1d5,288,430,319,597
Mmp13,1,0,1,5
Mmp12,1,6,0,0
Tmem123,312,233,407,740
Birc2,415,437,535,1045
Birc3,274,161,236,365
Yap1,144,208,158,312
Gm45494,2,4,6,3
Cfap300,35,49,34,76
Cep126,633,546,673,1211
1700018P22Rik,8,6,8,13
Trpc6,2,2,0,0
Pgr,5,3,2,5
Arhgap42,11,5,1,2
Gm46102,6,1,1,6
Cntn5,6,11,1,5
Jrkl,17,34,29,26
Ccdc82,342,337,417,784
Maml2,4596,5224,3526,9282
Gm17571,2,1,3,8
Mtmr2,439,459,387,896
Cep57,653,486,657,1313
Fam76b,736,901,790,1659
Gm47557,8,8,14,21
Gm47565,1,3,4,2
Gm34069,4,9,3,19
Sesn3,1691,2067,1775,3371
Gm47326,1,1,6,9
Endod1,24,43,22,42
Kdm4d,34,38,59,50
Cwc15,88,103,135,203
Amotl1,471,783,495,885
Piwil4,3,2,2,9
Fut4,2,6,1,0
Ankrd49,36,73,57,70
Mre11a,219,251,222,366
Gm16302,3,3,1,4
Gpr83,1,2,1,0
Panx1,18,12,7,18
Vstm5,7,6,18,14
Med17,167,187,184,325
4931406C07Rik,84,122,101,168
Taf1d,397,515,405,722
Cep295,286,289,208,509
Gm16568,1,3,2,2
Smco4,27,48,34,42
Deup1,8,10,8,9
Slc36a4,209,233,256,601
Fat3,18,48,12,26
Chordc1,245,401,250,427
Naalad2,2,3,3,6
Zfp558,15,26,20,31
Muc16,5,0,0,2
Zfp317,182,214,181,388
Zfp560,61,116,108,112
Zfp26,192,224,181,368
Zfp426,227,383,296,577
Zfp266,462,836,693,1291
Zfp846,94,129,109,189
Fbxl12os,7,29,21,29
Fbxl12,324,381,399,724
Ubl5,66,70,88,133
Pin1,57,62,36,112
Olfm2,2,12,9,8
Col5a3,0,1,1,0
Shfl,328,329,260,493
Angptl6,10,4,9,13
Ppan,87,93,87,151
Eif3g,20,40,31,57
Dnmt1,178,194,113,209
S1pr2,2,2,0,3
Mrpl4,85,59,80,137
Icam1,6,3,5,8
Zglp1,4,6,4,20
Fdx2,37,53,34,79
Raver1,203,226,224,505
1700084C06Rik,66,160,132,240
Tyk2,133,162,152,299
Cdc37,116,189,167,264
Pde4a,26,69,20,51
Gm16754,2,2,2,4
Keap1,120,187,119,235
Atg4d,75,102,96,172
Kri1,129,204,129,258
Cdkn2d,23,27,17,40
Ap1m2,129,150,141,282
Slc44a2,81,95,70,109
Gm36198,21,52,59,84
Ilf3,600,618,584,1181
Gm16853,21,29,26,70
Qtrt1,180,174,191,388
Dnm2,1379,1500,1064,2271
Tmed1,15,16,21,37
AB124611,13,16,5,5
Carm1,243,329,207,446
Yipf2,77,136,110,193
Timm29,35,32,28,79
Smarca4,1210,1379,904,1846
Gm26511,0,7,5,11
Ldlr,446,510,504,802
Spc24,13,24,18,30
Kank2,54,54,47,100
Dock6,381,426,304,598
Angptl8,0,1,4,5
Rab3d,41,58,43,65
Tmem205,9,36,36,50
Ccdc159,97,98,57,125
Plppr2,117,108,86,208
Swsap1,7,15,14,13
Rgl3,178,263,151,266
Odad3,17,14,4,15
Prkcsh,111,173,113,264
Elavl3,7,0,3,18
Zfp653,128,85,131,313
Gm16845,37,51,68,106
Ecsit,97,125,126,201
Elof1,33,38,36,84
Acp5,7,4,0,0
Pigyl,0,8,7,14
Zfp872,8,25,5,17
1810064F22Rik,3,1,1,14
Zfp809,168,287,215,410
Zfp599,11,21,15,25
Zfp810,351,478,392,661
Anln,13,9,36,72
Rp9,669,578,772,1359
9530077C05Rik,142,181,220,419
Bbs9,1622,1638,1514,2914
Bmper,1,5,3,1
Npsr1,2,1,3,8
Dpy19l1,137,191,134,289
Gm47772,3,1,4,3
Herpud2,251,373,273,470
Gm29642,57,105,71,93
9130004C02Rik,5,11,11,6
Septin7,726,748,688,1494
Eepd1,180,195,131,251
B3gat1,9,22,12,24
Glb1l2,301,488,375,661
Acad8,168,206,203,342
Thyn1,26,56,67,87
Vps26b,118,149,109,242
Ncapd3,568,447,426,939
Jam3,199,205,165,365
Gm48796,15,8,21,36
Igsf9b,231,292,187,355
Opcml,78,9,2,29
Ntm,231,341,113,322
Gm15520,1,0,0,0
Snx19,228,350,255,440
Adamts15,4,1,0,1
Adamts8,3,2,5,11
Gm29724,73,106,85,172
4930421P22Rik,7,5,13,7
Zbtb44,282,441,326,536
St14,186,264,168,315
Aplp2,1115,1202,1098,1841
4930517E14Rik,1,3,3,1
Prdm10,546,621,560,963
Nfrkb,444,411,354,767
Tmem45b,8,4,7,11
Barx2,16,5,8,8
Gm47465,8,22,16,39
Arhgap32,1644,1579,1548,3218
Gm39317,0,1,5,3
Fli1,106,78,0,15
Gm27201,3,5,0,0
Ets1,113,120,1,13
Gm3331,0,2,0,0
7630403G23Rik,0,3,0,0
Kirrel3,79,112,2,114
Kirrel3os,0,3,1,0
St3gal4,77,120,76,124
4930581F22Rik,151,274,177,183
Dcps,174,310,177,308
Tirap,14,33,16,35
Gm39318,3,1,1,4
Srpr,760,796,1053,1868
Foxred1,62,102,65,118
Fam118b,140,232,166,287
Rpusd4,17,14,21,42
Cdon,415,315,336,602
Ddx25,51,49,42,87
Pus3,23,63,31,62
Hyls1,24,34,23,38
Pate2,42,37,16,85
Chek1,70,34,45,131
Stt3a,812,849,878,1820
Gm26787,6,13,14,12
Ei24,147,206,194,306
Fez1,64,86,41,81
Pknox2,35,41,19,41
Tmem218,68,122,89,209
Slc37a2,10,16,14,23
Ccdc15,168,198,213,396
Gm34885,3,2,3,6
Hepacam,5,5,23,22
Robo4,6,9,0,1
Robo3,16,7,10,14
Msantd2,502,633,575,1088
Esam,32,52,23,64
Vsig2,5,6,7,13
Nrgn,0,3,1,7
Gm57038,0,9,2,9
Siae,97,102,116,196
Spa17,26,40,50,37
Tbrg1,394,405,414,932
Vwa5a,274,164,233,603
Or8b53,24,15,23,81
AW551984,26,11,14,45
Zfp202,28,38,29,57
Scn3b,111,110,139,215
Gramd1b,242,318,165,279
1700110K17Rik,166,214,233,350
Clmp,13,29,15,16
Gm48293,1,0,0,0
Gm57042,4,4,6,8
Hspa8,706,1415,428,755
Jhy,11,4,21,7
Crtam,3,3,0,5
Ubash3b,139,289,118,187
1700063D05Rik,4,8,9,1
Mir100hg,30,60,13,24
Sorl1,79,69,23,34
Sc5d,69,111,110,149
Gm10690,5,8,8,5
Tecta,2,2,1,9
Tbcel,465,509,544,977
Grik4,156,174,158,132
Arhgef12,2400,2408,2263,5332
Tlcd5,2,0,0,0
Pou2f3,1,2,3,1
Oaf,21,32,10,44
Gm30015,7,10,14,16
Nectin1,106,116,78,167
Gm30373,5,4,0,1
Thy1,4,3,0,1
Gm49380,14,25,17,43
Usp2,201,78,247,581
Rnf26,9,14,15,12
Mfrp,0,0,1,3
Gm26737,3,3,0,9
Gm10687,0,0,0,4
Mcam,8,4,2,8
Cbl,516,635,421,819
Nherf4,1,0,1,6
Nlrx1,20,32,27,34
Abcg4,4,0,0,16
Gm48604,22,23,20,39
Hinfp,126,169,159,258
C2cd2l,99,58,67,125
Dpagt1,80,113,86,136
H2ax,17,35,13,12
Hmbs,31,31,45,71
Vps11,211,188,253,405
Hyou1,418,621,348,788
Slc37a4,48,98,81,150
Trappc4,101,95,134,286
Rps25,95,153,120,192
Ccdc84,105,137,95,223
C030014I23Rik,0,9,7,0
Gm47204,3,4,5,8
Bcl9l,100,113,76,147
Cxcr5,13,15,3,9
Gm47230,8,9,10,8
Gm47232,5,3,2,0
Gm57017,2,4,5,4
Ddx6,1412,1450,1283,2602
Phldb1,56,56,34,84
Arcn1,965,954,1040,2442
Ift46,197,229,259,405
Tmem25,18,28,14,31
Ttc36,8,5,3,25
Kmt2a,5228,4436,3709,8158
Gm39326,99,63,75,138
Atp5l,228,250,267,465
Gm30934,4,3,9,5
Ube4a,551,707,601,1200
Mpzl3,33,40,57,113
Jaml,1,9,0,1
Scn2b,3,7,2,5
Tmprss4,10,13,4,12
Smim35,2,1,0,0
Il10ra,12,9,1,1
Fxyd6,93,152,105,146
Fxyd2,0,0,0,0
Dscaml1,4,1,1,0
Cep164,571,572,485,1022
Bace1,327,386,281,553
Gm16536,23,23,25,60
Rnf214,520,625,508,952
Pcsk7,309,353,266,692
Tagln,1,2,1,1
Gm48529,8,5,9,18
Sidt2,299,208,252,631
A830035O19Rik,10,8,8,17
Pafah1b2,420,450,408,919
Sik3,4553,4930,4151,10358
Apoa1,1,1,1,2
Zpr1,110,95,101,181
Bud13,45,59,35,75
4930448E22Rik,3,3,1,0
Gm31374,0,2,2,2
Gm47141,1,4,0,2
Gm47144,0,6,0,4
Gm31432,18,22,2,16
Gm48945,0,10,3,4
Gm31557,7,8,0,7
Gm31614,0,2,0,0
2900052N01Rik,4,0,0,7
Gm4791,0,7,0,1
Gm31816,8,10,15,30
Cadm1,2195,2464,1872,4664
Nxpe4,716,991,854,1799
Nxpe2,8,15,7,23
ENSMUSG00000121481,2,2,0,2
Rexo2,87,129,57,134
Rbm7,183,152,215,437
Gm5617,2,15,6,12
Nnmt,0,0,0,0
Zbtb16,320,313,519,1405
Usp28,251,219,217,447
Zw10,129,154,123,260
Tmprss5,7,8,13,26
Drd2,0,3,1,2
Ttc12,28,40,48,75
Ncam1,6183,6474,5754,12487
Gm11149,107,110,140,249
Rpl10-ps3,20,33,19,23
Plet1os,39,44,44,41
Plet1,7,21,59,13
Pts,153,219,284,434
Bco2,10,24,21,33
Il18,101,116,155,298
Tex12,4,1,2,4
Sdhd,61,56,70,100
Timm8b,13,19,18,4
Nkapd1,129,123,152,251
Pih1d2,34,21,49,64
Dlat,225,262,234,378
Dixdc1,805,904,1074,1787
2310030G06Rik,98,196,135,285
Hspb2,0,0,0,0
Cryab,0,0,0,0
Cfap68,225,293,370,457
Fdxacb1,16,31,35,57
Alg9,198,207,208,443
Ppp2r1b,195,238,259,534
Sik2,1745,2261,2402,5324
Layn,0,4,0,2
Hoatz,0,0,2,2
Gm32742,5,4,6,6
Pou2af1,8,11,2,11
Pou2af3,4,10,18,9
2010007H06Rik,8,22,22,24
Pou2af2,0,2,3,2
Arhgap20,2,2,1,4
Gm6980,1,1,0,4
Fdx1,37,32,37,53
Rdx,705,757,697,1409
Zc3h12c,533,558,706,1208
Gm33125,3,2,4,3
Gm1715,1,0,2,0
Ddx10,564,500,444,1021
Exph5,327,410,320,356
Poglut3,28,75,42,75
4930550C14Rik,34,48,24,64
Atm,718,545,813,1418
Npat,509,446,567,1071
Acat1,564,575,638,1021
Cul5,670,726,655,1275
Gm16124,50,91,101,124
Rab39,28,32,29,40
Elmod1,252,221,351,528
Tnfaip8l3,93,117,143,176
Dmxl2,1310,1124,909,2198
Cib2,29,35,24,35
Idh3a,53,106,68,121
Acsbg1,0,15,2,2
Dnaja4,432,396,358,612
Skic8,309,282,332,741
Ireb2,654,700,622,1384
Hykk,26,66,55,92
AY074887,2,2,1,2
Psma4,110,111,80,213
Chrnb4,1,5,5,0
Ube2q2,718,672,808,1839
Fbxo22,138,137,160,355
Nrg4,79,74,146,320
Tmem266,143,246,225,271
Etfa,385,478,407,785
Scaper,3530,3218,3571,6707
4930563M21Rik,3,2,0,2
Rcn2,134,173,200,253
Pstpip1,10,9,5,14
Tspan3,368,325,426,676
Peak1,134,127,80,153
Hmg20a,939,1272,1008,1817
Gm2296,4,5,8,5
Lingo1,5,17,2,12
Cspg4,3,2,0,7
Snx33,29,16,11,43
Imp3,15,32,13,12
Snupn,86,105,114,158
Ptpn9,840,1090,807,1758
Gm10658,17,28,22,31
Sin3a,550,543,567,1099
Gm57026,0,2,2,2
Man2c1os,49,71,95,117
Man2c1,105,110,97,191
Neil1,114,113,62,179
Commd4,42,47,48,90
Trcg1,0,3,0,0
1700017B05Rik,25,29,19,34
Ppcdc,224,222,212,435
Scamp5,266,292,252,540
Rpp25,0,1,1,0
Cox5a,106,95,125,141
Gm26631,10,7,22,21
Fam219b,36,56,39,72
Mpi,11,9,7,10
Scamp2,253,300,258,633
Ulk3,44,48,41,83
Cplx3,1,0,0,2
Lman1l,2,2,3,14
Csk,108,159,72,147
Edc3,252,337,224,493
Clk3,199,183,173,368
Gm17231,35,57,45,101
Arid3b,191,242,167,458
Ubl7,61,104,72,120
Sema7a,4,8,0,2
Ccdc33,14,26,17,23
Stra6,3,1,0,1
Islr,2,3,0,3
Pml,82,131,84,137
Stoml1,48,44,49,63
Loxl1,6,7,6,8
Cd276,44,88,67,112
Nptn,867,859,834,1703
Rec114,15,14,18,37
Hcn4,16,9,5,7
Neo1,1616,1721,1977,3700
Gm47271,18,68,59,79
Gm33053,1,0,4,4
Adpgk,98,132,92,258
Bbs4,155,189,203,365
Arih1,3471,3071,3468,9912
Gm57013,1,1,1,3
Tmem202,2,3,10,4
Hexa,194,230,239,411
Celf6,150,115,99,330
Parp6,476,688,516,924
Pkm,404,442,319,969
Gramd2,43,66,59,151
Senp8,54,123,95,125
Myo9a,2456,2349,2225,4845
Gm20275,1304,1935,1929,2684
Thsd4,274,544,561,271
9230112J17Rik,27,30,20,31
Lrrc49,447,483,389,885
Larp6,1,4,0,3
1700036A12Rik,1,0,0,0
Uaca,587,729,403,888
Gm9869,5,3,5,10
Tle3,117,90,102,244
Rplp1,116,246,226,235
Kif23,12,6,1,5
Paqr5,1,3,1,2
Glce,139,180,159,240
Anp32a,233,316,183,315
Gm57047,16,43,26,19
Coro2b,567,705,449,798
Itga11,10,9,6,16
Fem1b,134,170,122,258
Cln6,95,97,126,194
Calml4,4,1,2,11
Pias1,1653,1590,1680,3459
Skor1,2,0,2,1
Map2k5,1237,1410,1129,2388
2300009A05Rik,23,46,53,54
Gm16759,185,176,191,381
Iqch,56,57,48,65
Aagab,223,279,213,382
Smad3,117,95,92,150
Gm36033,0,2,0,0
Smad6,2,6,0,5
Zwilch,28,32,35,70
Rpl4,265,370,325,437
Snapc5,12,11,7,10
Map2k1,911,986,839,1713
Gm48855,28,34,29,62
Tipin,54,62,50,64
Dis3l,110,113,87,146
Megf11,5,6,17,10
Rab11a,277,189,249,611
Gm36459,7,5,13,13
Dennd4a,1319,1206,1273,2888
Slc24a1,0,1,1,2
Ints14,111,136,117,188
Hacd3,596,583,535,1060
Dpp8,715,829,607,1265
Gm47350,18,20,12,33
Igdcc4,24,96,83,45
Parp16,139,268,160,368
Cilp,2,0,0,2
Clpx,630,613,649,1462
Gm39363,13,7,7,62
Pdcd7,99,77,102,162
Ubap1l,14,17,9,20
Rasl12,1,6,0,2
Mtfmt,86,107,62,145
Gm47270,22,19,10,37
Spg21,105,99,94,197
Gm17749,0,2,1,0
Plekho2,23,10,0,7
Rbpms2,1,1,0,3
Oaz2,154,241,162,315
Zfp609,1224,1289,1087,2210
Trip4,428,511,474,810
Pclaf,10,7,1,10
Csnk1g1,1736,1985,2112,3721
Ppib,108,193,118,168
Snx22,2,1,0,2
Snx1,372,448,309,592
Ciao2a,14,39,13,21
Dapk2,20,11,2,12
Herc1,2446,2395,2247,4476
Gm28379,28,49,51,85
Fbxl22,20,9,15,41
Usp3,1244,1350,1210,2251
Gm15563,19,70,62,82
Car12,0,0,0,1
Aph1b,65,71,76,124
Aph1c,29,29,33,54
Rab8b,435,364,286,553
Gm40528,7,15,12,17
Rps27l,42,55,88,80
Lactb,43,50,38,100
Tpm1,435,472,627,1002
Tln2,222,131,148,256
M5C1000I18Rik,12,14,9,30
C2cd4b,211,444,209,391
Gm57018,2,7,2,8
C2cd4a,6,6,0,9
Vps13c,1174,1416,990,1933
4930502A04Rik,117,174,59,273
Rora,19341,20158,15772,35124
Gm15511,8,10,15,20
Ice2,211,300,215,436
Anxa2,5,7,3,0
Bnip2,171,243,173,400
Gtf2a2,225,241,248,542
Fam81a,121,158,164,273
Myo1e,960,772,1407,2776
Ccnb2,0,7,0,17
Rnf111,746,827,726,1550
Sltm,2023,2033,1740,3768
Mindy2,420,371,441,866
Gm10642,1,0,0,0
Adam10,607,641,607,1207
Lipc,1,1,1,5
Polr2m,116,156,154,247
Myzap,2,8,1,2
Cgnl1,3,9,4,7
Tcf12,4569,5049,5288,10152
Gm27188,14,27,20,36
Gm27253,17,33,24,50
Zfp280d,1674,2040,1964,3654
BC065403,1,1,4,2
Mns1,112,151,123,184
Tex9,172,199,188,348
4930509E16Rik,4,10,3,5
Rfx7,1610,1736,1784,3149
Gm27241,9,16,26,35
Nedd4,2499,3267,2412,4846
Prtg,3,2,3,3
Pygo1,37,51,33,81
Dnaaf4,33,33,29,60
Pierce2,10,19,11,17
Ccpg1,603,648,778,1179
Pigb,195,319,216,363
Pigbos1,10,18,7,18
Rab27a,1376,1523,1289,2914
Khdc3,6,12,2,17
Rsl24d1,61,59,43,98
Unc13c,7,0,4,2
Atosa,1095,1254,1073,2240
Arpp19,169,185,226,427
Myo5a,811,700,556,1294
Myo5c,7,2,2,12
Gnb5,235,229,182,594
Gm19531,1,0,2,7
Gm48677,21,23,28,77
Bcl2l10,3,0,4,6
Mapk6,631,348,525,1180
4933433G15Rik,38,40,48,94
Leo1,124,121,71,158
ENSMUSG00000121476,43,17,24,79
Tmod3,393,459,405,851
Tmod2,1800,2881,1779,4610
Lysmd2,65,145,66,136
Scg3,2480,3057,3153,6282
Bmp5,8,1,2,6
Gm26903,5,3,5,10
Hmgcll1,649,841,826,1415
Hcrtr2,1,7,4,2
Fam83b,71,99,108,150
Mlip,0,2,0,2
5730403I07Rik,1,2,7,3
Lrrc1,815,1076,657,1473
Gm19569,0,0,2,4
Klhl31,1,3,2,2
Gclc,249,221,241,381
Gm34654,0,1,0,0
Gm47818,0,1,0,0
Elovl5,317,368,244,588
Gm34829,1,0,1,7
Fbxo9,103,171,103,202
Cilk1,165,261,154,322
C920006O11Rik,50,51,86,183
Gsta4,2,0,1,2
Ddx43,5,6,0,2
Cgas,10,4,0,14
Gm17324,0,0,1,1
Mto1,120,117,130,292
Eef1a1,1014,1341,1041,1527
Slc17a5,213,256,276,374
Cd109,1,1,0,4
Col12a1,0,2,0,3
Cox7a2,94,88,104,198
Tmem30a,387,423,415,737
4930429F24Rik,3,9,6,12
Filip1,641,404,297,1018
Senp6,2085,2130,2060,3948
Gm17477,23,14,25,32
Myo6,1688,1835,1508,3025
Gm26713,3,0,3,2
Htr1b,0,1,0,1
D430036J16Rik,0,1,0,0
Mei4,2,5,5,5
Irak1bp1,133,116,209,242
Phip,3382,2807,3327,5557
Gm39383,13,3,12,20
Gm38398,4,0,1,4
Hmgn3,1136,1130,1117,2086
Gm29054,2,10,2,10
Gm46123,70,111,68,143
Lca5,143,174,159,302
Gm2087,8,14,16,18
Sh3bgrl2,39,100,80,92
Gm36120,25,32,37,21
Elovl4,11,4,1,3
Gm57060,1,3,0,0
Gm36278,6,9,8,11
Bckdhb,419,653,324,649
Gm46124,0,2,0,6
Tent5a,211,245,269,448
Ibtk,408,447,328,734
Ube2cbp,100,101,63,143
Dop1a,1059,1033,1047,2031
Pgm3,269,357,309,712
Rwdd2a,6,1,2,6
Me1,396,370,415,715
A330041J22Rik,8,12,16,12
Prss35,2,3,0,2
Snap91,712,616,654,1251
Cyb5r4,532,475,460,1086
Mrap2,12,3,4,4
Cep162,458,466,410,796
Nt5e,19,46,3,2
Snx14,561,605,561,1030
Gm28229,11,12,12,21
Syncrip,742,753,653,1463
Snhg5,41,43,21,39
Zfp949,224,295,212,370
Trim43a,6,1,3,8
9430037G07Rik,2,2,7,8
Mthfsl,78,110,94,165
Gm10634,9,5,7,25
Bcl2a1d,3,0,0,0
Trim43c,1,0,3,1
9330159M07Rik,26,41,47,55
Gm2396,2,0,0,0
Bcl2a1a,1,2,0,1
4930579C12Rik,2,1,3,3
Bcl2a1b,4,2,1,1
Mthfs,677,816,865,1588
Minar1,139,80,143,362
Gm47409,1,4,1,7
Tmed3,97,161,193,242
Ankrd34c,2,5,6,8
4930524O08Rik,1,0,0,1
Rasgrf1,129,143,57,172
Ctsh,27,24,27,11
Morf4l1,1533,1253,1661,3325
Adamts7,0,2,1,0
Tbc1d2b,62,87,72,107
Plscr1,112,118,88,157
Plscr2,6,10,3,14
1700057G04Rik,1,2,0,2
Plscr4,95,57,57,160
Plod2,50,25,50,81
Dipk2a,83,88,89,116
Slc9a9,1154,1182,961,2094
Chst2,0,2,0,0
U2surp,891,853,825,1572
Gm28424,5,6,3,4
Paqr9,21,10,16,41
Gm32542,2,0,1,0
Pcolce2,1,0,2,5
Trpc1,742,524,827,1843
Pls1,338,451,265,557
Atr,408,396,476,724
Gm16794,34,55,51,76
Xrn1,1567,1615,1512,2910
C78334,1,7,2,8
Gm28085,9,7,11,14
Gk5,235,251,251,372
Tfdp2,566,614,607,1220
Atp1b3,277,251,232,600
BC043934,2,0,2,3
Rnf7,100,76,98,144
Gm28729,48,51,51,83
Gm57055,18,20,23,25
Rasa2,762,841,704,1566
Zbtb38,374,437,378,755
A930006L05Rik,3,4,5,18
Pxylp1,221,297,258,449
Spsb4,8,4,0,4
Gm19325,13,27,15,49
Slc25a36,921,802,1041,2241
Gm16185,3,13,13,24
Clstn2,359,207,269,806
4921534H16Rik,5,0,1,4
Nmnat3,457,586,603,959
Rbp1,14,16,21,23
Rbp2,0,1,2,5
4930579K19Rik,7,37,23,29
Copb2,416,589,431,938
Mrps22,49,60,60,130
Gm37637,5,7,7,11
Faim,109,102,128,256
Gm1123,3,8,2,9
Pik3cb,322,270,195,447
Cep70,1182,1026,1427,2153
4930422M22Rik,2,12,9,16
Esyt3,11,2,3,23
Mras,131,144,129,215
Nme9,0,3,5,8
Armc8,614,931,764,1342
Dbr1,42,45,32,75
Dzip1l,172,213,200,269
Il20rb,77,68,97,247
Nck1,536,720,573,1148
Slc35g2,91,155,118,259
Stag1,2716,2552,2699,5556
Pccb,292,356,322,610
Msl2,366,383,321,759
Ppp2r3a,919,1302,1447,2176
Ephb1,6,10,6,7
Ky,537,517,375,872
Cep63,264,249,222,373
Anapc13,31,48,57,67
4930533D04Rik,0,1,6,2
Amotl2,151,81,113,193
Ryk,484,485,553,907
Slco2a1,493,416,557,915
Rab6b,226,242,144,292
Srprb,119,155,95,187
Trf,3,3,1,1
Inhca,62,57,53,93
Topbp1,147,145,123,254
Cdv3,247,180,198,431
5830418P13Rik,0,1,1,1
Bfsp2,3,2,4,3
Gm16252,0,0,1,0
Tmem108,1465,1420,1490,2453
Gm32743,8,11,17,18
4932413F04Rik,6,3,5,5
Nphp3,173,233,236,420
Uba5,393,688,424,868
Acad11,152,229,165,311
Ackr4,9,19,10,16
Dnajc13,1781,1599,1544,3139
Acpp,0,9,0,2
Cpne4,73,142,15,91
Mrpl3,220,271,228,494
Gm47106,2,4,5,9
Nudt16,17,20,33,25
Nek11,138,135,164,278
Aste1,115,141,219,327
Atp2c1,522,566,487,1028
Gm19667,1,4,1,6
Pik3r4,229,190,181,456
Col6a6,129,176,19,116
Col6a5,0,4,0,3
D030055H07Rik,3,0,3,3
Glyctk,4,2,6,5
Wdr82,155,224,195,376
Ppm1m,19,24,12,22
Twf2,21,43,16,37
Alas1,121,189,134,254
Poc1a,30,35,27,45
Gm29123,2,7,8,2
Dusp7,35,20,15,35
Rpl29,33,125,122,120
Acy1,11,11,14,26
Abhd14a,54,77,56,96
Abhd14b,36,38,37,63
Pcbp4,58,61,38,81
Parp3,5,8,9,7
Rrp9,32,39,23,55
Tex264,94,84,96,193
Rad54l2,529,522,441,964
Dcaf1,481,524,550,1004
Manf,263,300,285,606
Gm37612,11,9,10,21
Rbm15b,102,59,45,166
4930524O07Rik,1,6,1,6
Dock3,940,989,551,2022
Mapkapk3,20,30,8,23
Cish,25,17,14,33
Hemk1,70,100,65,137
6430571L13Rik,25,9,19,19
Cacna2d2,17,33,7,25
Tmem115,24,35,24,34
Cyb561d2,9,9,9,12
Nprl2,39,46,38,91
Zmynd10,2,2,1,0
Rassf1,356,253,420,896
Gm9917,8,2,8,12
Tusc2,10,14,6,15
Hyal2,3,5,6,19
Gm16343,1,5,1,1
Hyal1,8,18,34,27
Naa80,7,13,11,11
Hyal3,7,12,17,16
Ifrd2,25,29,28,57
Lsmem2,0,0,1,1
Gm38150,0,1,2,1
Sema3b,3,0,2,1
Gnai2,359,398,338,550
Slc38a3,0,0,1,2
Gnat1,1,0,0,1
Gm57061,0,1,1,0
Sema3f,2,7,0,3
Rbm5,1743,2126,1749,3347
Rbm6,2049,2272,2122,4125
Mon1a,64,150,72,123
Mst1r,1,0,0,2
Traip,8,5,10,25
Uba7,31,31,20,60
Inka1,1,2,0,2
4921523L03Rik,0,1,3,5
Cdhr4,4,5,4,12
4930535L15Rik,2,2,0,6
Ip6k1,965,1138,1060,2161
Gm38134,10,19,24,39
Gmppb,40,86,62,157
Rnf123,107,160,135,233
Gm20529,2,4,4,11
Amigo3,38,23,19,118
Apeh,20,45,40,77
Bsn,341,444,301,536
4930447F24Rik,3,7,3,3
Dag1,324,414,296,462
Nicn1,42,73,55,82
Amt,23,36,30,38
Tcta,34,80,60,75
Rhoa,552,621,611,1035
Gpx1,12,10,17,8
Gm57028,21,16,24,30
Usp4,439,542,438,884
Gm37963,0,1,2,3
1700102P08Rik,32,35,31,69
Iho1,2,1,2,10
Klhdc8b,95,90,98,169
Ccdc71,28,36,36,37
Lamb2,2,9,1,3
Usp19,302,273,251,498
Qars,96,101,68,147
Qrich1,871,911,931,1947
Impdh2,47,35,36,67
Ndufaf3,10,13,10,14
4833445I07Rik,6,17,16,20
Dalrd3,93,94,104,133
Wdr6,140,169,161,249
P4htm,219,285,193,331
Gm38163,7,5,1,2
Arih2,857,775,890,2123
Slc25a20,122,86,112,235
Prkar2a,362,376,310,794
Ip6k2,819,917,832,1685
Nckipsd,83,77,46,118
Gm35025,23,36,36,47
Celsr3,281,347,199,454
Gm57039,4,2,0,4
Slc26a6,25,24,21,40
Tmem89,2,1,1,5
Uqcrc1,66,80,73,163
Col7a1,14,5,8,17
Pfkfb4,75,68,82,135
Shisa5,70,108,30,29
Atrip,88,157,111,207
Tma7,32,19,40,54
Ccdc51,43,46,39,67
Gm7628,0,1,2,1
Plxnb1,111,141,86,170
Fbxw15,0,1,0,1
Fbxw24,1,0,0,2
Nme6,26,47,54,80
Cdc25a,65,77,64,107
Map4,587,617,469,1097
Dhx30,415,478,441,828
Smarcc1,813,729,670,1424
Cspg5,20,15,10,21
Elp6,24,36,29,48
Scap,265,347,212,400
Ptpn23,356,253,238,517
Klhl18,203,232,164,306
Kif9,142,169,199,306
Setd2,1669,1547,1229,2857
Nradd,15,23,11,32
Nbeal2,189,172,119,247
Ccdc12,235,330,221,470
Gm35715,4,14,10,11
Pth1r,3,2,5,15
Tmie,3,5,3,0
Als2cl,9,6,3,6
Lrrc2,2,0,0,1
Rtp3,0,0,0,0
Gm10030,2,2,6,0
Ccrl2,2,4,8,12
Lrrfip2,1215,1140,1176,2798
Mlh1,256,346,291,516
Epm2aip1,312,451,368,683
Trank1,4,5,6,9
Stac,1,1,2,1
AU023762,0,0,4,2
Gm36745,2,0,0,2
Pdcd6ip,666,684,587,1293
Clasp2,3079,2940,3495,6913
Ubp1,683,634,552,1289
Fbxl2,437,399,482,932
Gm47950,4,5,7,10
Susd5,0,1,0,0
4930520O04Rik,1,3,6,4
Crtap,23,13,19,34
Glb1,195,189,241,358
Tmppe,2,0,1,0
Gm57032,1,0,2,2
Ccr4,2,2,5,3
Trim71,59,66,122,67
Cnot10,1078,1088,1072,2276
Dync1li1,521,454,448,913
Cmtm6,31,36,47,58
Cmtm7,44,103,49,72
Gm9888,1,4,1,0
Cmtm8,211,327,154,483
Gpd1l,77,67,70,140
Osbpl10,308,358,249,415
Rps27rt,4,21,12,12
Stt3b,718,645,589,1339
Tgfbr2,97,61,2,5
Rbms3,4227,5311,4571,8509
Gm17396,8,15,25,24
Gm26614,0,1,2,4
Zcwpw2,374,523,369,742
Azi2,628,573,672,1527
Cmc1,197,243,244,387
Gm17399,9,28,15,35
Golga4,2736,3196,2059,4235
Itga9,98,178,96,172
Gm2415,8,9,12,15
Ctdspl,3545,3254,2884,5780
Vill,11,1,4,16
Plcd1,2,2,0,1
Dlec1,33,43,34,72
Slc22a14,17,33,19,28
Slc22a13b,0,2,2,1
Oxsr1,164,137,101,256
Gm57027,6,18,10,9
Myd88,18,5,5,18
Acaa1a,120,140,96,191
Xylb,24,17,18,41
Acvr2b,218,236,189,379
Gm47320,7,21,10,17
4930516B21Rik,1,1,1,2
Exog,75,76,68,129
Scn5a,0,0,0,2
Scn11a,2,1,0,0
Gm2449,14,8,12,20
Wdr48,323,356,281,749
Cx3cr1,27,38,27,117
Gorasp1,22,62,27,41
Ttc21a,13,10,19,27
Csrnp1,173,22,79,350
1700019L13Rik,12,16,8,17
Slc25a38,36,44,17,49
Rpsa,187,514,302,361
Gm38642,4,1,5,14
Myrip,120,212,165,152
D830035M03Rik,2,5,3,6
Eif1b,80,75,55,135
Entpd3,266,410,209,389
Rpl14,173,298,172,214
5830454E08Rik,2,1,2,1
Gm39460,3,1,5,5
Ctnnb1,498,558,465,903
Ulk4,570,508,459,1013
Gm34655,10,14,9,29
Trak1,1480,1836,1064,2977
Gm47095,1,4,1,1
Lyzl4,126,237,184,281
Vipr1,607,696,623,1529
Sec22c,48,61,51,122
Ss18l2,41,48,44,88
Nktr,5724,5780,5113,11221
E530011L22Rik,29,35,29,84
Zfp651,83,97,117,171
Klhl40,12,7,5,15
Hhatl,112,78,138,191
Ccdc13,36,46,47,80
Higd1a,288,311,264,490
Gm47112,2,9,2,4
Gm47113,16,19,9,22
Ackr2,4,3,1,5
1700048O20Rik,9,16,6,13
Pomgnt2,73,146,97,144
Snrk,279,374,313,548
Gm47121,7,8,28,14
Ano10,260,330,276,521
Gm26797,60,85,88,145
Abhd5,81,102,71,123
A730085K08Rik,2,4,8,11
9530059O14Rik,0,1,1,1
Tcaim,164,244,171,307
Gm35549,16,14,12,33
Zfp445,686,727,728,1396
Gm47140,10,5,11,17
A530083I20Rik,10,18,10,28
Zkscan7,60,89,65,123
Zfp660,8,13,6,23
Zfp105,25,15,21,27
ENSMUSG00000121452,2,6,7,5
1110059G10Rik,35,37,43,64
Kif15,4,3,1,11
Gm9856,74,139,95,133
Tmem42,28,39,22,51
Tgm4,32,20,15,64
Zdhhc3,248,304,231,495
Exosc7,93,178,109,192
Clec3b,0,2,2,3
Cdcp1,342,510,410,676
Tmem158,1,0,0,3
ENSMUSG00000121445,2,1,2,1
Lars2,18302,5257,6539,11092
Limd1,333,392,350,637
Gm57036,9,5,2,12
Sacm1l,672,719,639,1433
Slc6a20b,2,12,10,20
Slc6a20a,10,5,5,5
Ccr9,6,18,8,22
Lztfl1,609,717,967,1444
Gm17021,16,25,32,57
Fyco1,441,576,474,844
Cxcr6,2,4,4,13
Gm57030,1,1,1,1
Gm57020,0,3,1,1
Ccr1,0,0,0,0
Ccr2,0,3,0,0
Ccr5,3,3,0,1
Gm39469,93,171,202,314
2010315B03Rik,166,263,220,302
Gm47181,1,2,3,4
Ppp2r3d,192,158,132,440
Ppp1r14c,11,8,9,15
Plekhg1,413,810,290,1003
Mthfd1l,512,794,565,1676
Akap12,233,184,137,589
Zbtb2,645,225,446,1069
Gm21781,48,48,58,103
Rmnd1,181,234,219,396
Gm16153,16,34,20,46
Armt1,50,98,54,89
Ccdc170,6,1,1,0
Esr1,17,12,3,12
Syne1,6048,3984,3273,8293
Myct1,0,0,0,2
Fbxo5,20,14,21,26
Mtrf1l,80,81,93,183
Rgs17,862,1182,854,1744
Oprm1,13,21,3,4
Ipcef1,94,109,39,62
Cnksr3,777,644,863,1686
Gm53610,40,90,92,137
Ulbp1,10,8,10,3
Lrp11,624,737,794,1402
Pcmt1,403,495,462,827
A630066F11Rik,2,9,2,7
Nup43,18,49,32,50
Lats1,436,515,426,909
Katna1,237,223,247,499
Gm20470,24,49,35,69
Ginm1,104,82,149,206
B430219N15Rik,4,0,0,3
Ppil4,417,408,450,977
Zc3h12d,33,24,14,26
Tab2,947,852,903,1788
Ust,200,163,25,150
Sash1,771,705,625,1500
Gm48727,8,7,12,31
Gm48728,3,7,6,19
Gm48748,15,22,23,46
Gm48749,14,37,29,36
Samd5,669,1405,743,1627
Stxbp5,1327,1233,1160,2636
Gm46210,31,28,31,71
Gm28905,173,172,97,266
Gm48278,1,1,0,1
Gm48281,0,2,1,3
Gm48279,0,0,1,0
4930598N05Rik,5,7,0,6
Adgb,1354,1141,1102,2273
Rab32,0,0,0,8
Grm1,1,1,0,4
Shprh,801,883,852,1545
4930432B10Rik,24,61,59,97
Fbxo30,115,120,158,277
Epm2a,285,285,423,693
Utrn,6298,6476,5373,12839
B230208H11Rik,2,3,2,2
Stx11,14,7,4,4
Sf3b5,6,24,13,13
Plagl1,51,30,57,154
Zc2hc1b,4,0,0,2
Ltv1,118,87,120,268
Phactr2,140,233,152,214
Fuca2,31,31,46,84
Pex3,246,216,235,484
Adat2,11,12,11,9
Aig1,1895,2399,1883,3696
Gm56954,2,3,0,4
Hivep2,1874,2150,1336,3888
Adgrg6,0,5,0,0
Vta1,330,402,432,790
Gm16234,1,3,3,4
Nmbr,26,28,26,61
Gm47710,0,2,4,4
Gm47712,3,2,8,12
Gm40604,11,6,20,44
Gm20125,21,22,11,64
Gm47760,10,14,13,36
Gm47761,66,79,85,107
Gm47769,6,7,10,13
Gm47771,5,0,0,2
Cited2,60,146,45,51
Gm20655,0,2,0,0
Txlnb,1,1,0,4
Heca,677,496,826,2229
Abracl,40,27,72,100
Reps1,1139,792,1074,3256
Ect2l,0,3,10,2
Ccdc28a,154,153,210,310
Gm10827,4,8,12,11
Nhsl1,348,388,359,614
Hebp2,6,0,2,3
Arfgef3,1766,2238,2008,3989
Gm32926,211,332,370,479
Gm4922,1,3,2,3
4930444F02Rik,0,4,8,7
Perp,35,29,44,61
Tnfaip3,184,155,93,154
Ifngr1,143,148,96,197
Slc35d3,35,20,28,31
Pex7,584,751,626,1342
Map3k5,2175,2307,2687,4989
Map7,2635,2736,2505,5694
4930405J17Rik,4,6,4,3
Gm48249,13,17,18,38
4933406P04Rik,13,13,18,14
Bclaf1,2041,1834,2372,4904
Mtfr2,16,10,6,49
Pde7b,111,259,126,138
Ahi1,1847,1944,2193,4197
Gm20149,5,7,10,12
Hbs1l,1063,887,899,2138
4930455C13Rik,25,33,27,66
Aldh8a1,3,0,0,3
Sgk1,11,38,7,28
Gm34267,2,4,6,0
Raet1e,12,4,0,3
Gm26740,82,101,0,2
ENSMUSG00000121430,3,3,1,2
Slc2a12,12,9,23,23
Tbpl1,81,90,77,170
Gm10824,0,0,0,0
Eya4,7,1,0,0
Rps12,191,336,190,307
Slc18b1,57,68,48,82
Vnn3,2,1,5,6
Vnn1,1,2,2,1
Taar1,8,4,4,7
Gm40614,0,2,3,2
Stx7,398,474,356,793
Moxd1,0,0,0,1
Gm15270,5,5,0,1
Ccn2,1,4,1,0
Enpp1,19,36,55,67
Enpp3,21,13,36,53
Med23,424,441,393,747
Arg1,124,143,199,174
Gm36172,1,2,4,5
Akap7,484,555,551,1002
Gm40617,6,4,9,18
Epb41l2,702,658,598,1206
Gm36543,12,24,19,26
4930401C15Rik,4,2,1,0
Tmem200a,13,13,1,5
L3mbtl3,145,201,202,213
Gm48893,3,6,8,8
Arhgap18,400,874,511,838
Lama2,4742,6938,2571,7215
Gm30228,6,2,6,5
Ptprk,4444,4561,4580,10539
Themis,40,87,0,5
Soga3,740,739,704,1273
9330159F19Rik,232,245,231,387
Gm46218,50,135,86,134
Echdc1,94,150,109,194
Rnf146,256,240,291,460
Gm40621,6,7,3,4
Cenpw,5,6,5,9
Trmt11,261,222,165,414
Gm20300,44,64,53,94
Hint3,105,188,180,227
Ncoa7,1862,1732,2689,3682
Hey2,0,2,2,12
Hddc2,13,18,13,27
Tpd52l1,134,126,151,206
Gm48094,1,0,5,2
Rnf217,1368,1303,1043,2678
Nkain2,18,6,6,15
Trdn,0,5,2,6
Rsph4a,114,40,266,412
Zup1,606,603,622,1095
A830082N09Rik,27,32,25,38
Rwdd1,126,135,80,150
Calhm5,0,1,1,0
Dse,45,55,61,59
Tspyl1,80,116,104,108
Nt5dc1,466,609,597,1015
Gm47512,12,17,9,7
Tspyl4,152,233,169,248
Col10a1,1,4,3,4
Frk,681,915,855,1301
Amd2,6,8,13,23
Hs3st5,12,4,2,9
Hdac2,144,215,136,251
Marcks,114,142,106,84
Gm57009,10,12,7,2
5930403N24Rik,3,4,4,5
Lama4,13,17,0,6
Fam229b,84,88,94,152
Tube1,10,18,24,21
Gm48486,0,2,3,0
Gm31616,0,1,2,0
Fyn,803,621,405,1060
Gm16364.1,9,28,8,13
Traf3ip2,181,239,210,344
E130307A14Rik,633,754,726,1517
Rev3l,3160,3231,3369,6501
Mfsd4b4,39,61,51,77
4930547M16Rik,11,10,12,17
Mfsd4b2,10,5,4,14
Mfsd4b3-ps,6,18,12,9
Mfsd4b5,2,6,0,5
Mfsd4b1,56,71,78,147
Slc16a10,9640,12528,11248,20819
Gm31992,17,25,24,54
Rpf2,47,104,45,134
Gtf3c6,21,20,16,20
Amd1,244,205,206,421
Cdk19,432,442,499,850
Ddo,255,330,386,606
Mettl24,32,38,68,97
Cdc40,427,531,450,885
Wasf1,52,55,34,96
Fig4,318,282,285,583
Ak9,6,4,8,5
Zbtb24,92,148,132,245
Mical1,8,9,0,1
Smpd2,39,35,26,75
Ppil6,104,175,221,262
Cd164,393,444,410,730
Ccdc162,1448,1643,1511,3142
Gm17196,1,7,6,8
5730435O14Rik,5,3,1,5
Cep57l1,205,315,289,435
BC048559,7,8,5,7
Sesn1,1236,1403,1356,2315
Armc2,38,23,28,72
1700016J18Rik,1,0,4,3
Foxo3,1456,1613,1455,4269
Afg1l,738,772,733,1232
Snx3,390,487,427,787
Ostm1,114,147,182,305
Sec63,1612,1980,1606,3385
Scml4,943,1104,913,2289
Gm34006,1,5,3,8
Gm48671,7,6,8,10
Sobp,2675,2908,2694,5426
Gm47815,1,4,6,6
Gm29246,0,3,1,4
9030612E09Rik,5,9,9,18
5430427G11Rik,5,17,20,21
Pdss2,1160,1328,1220,2408
Bend3,32,49,20,67
Gm47889,248,273,389,687
Pam16l,4,7,11,14
Mtres1,55,71,48,90
Cd24a,8,10,2,2
F930017D23Rik,1,3,0,0
Qrsl1,30,67,56,89
Rtn4ip1,86,112,68,137
Crybg1,39,61,64,73
Atg5,310,394,280,643
Prdm1,40,33,12,20
Gm35154,1,2,0,0
4930431F10Rik,0,0,0,1
Gm47392,75,72,27,96
Prep,158,206,145,353
Popdc3,1,0,3,5
Lin28b,1,0,1,0
Hace1,491,451,413,1002
D030045P18Rik,39,23,10,70
Grik2,2305,1997,1396,4819
Gm26543,12,6,6,11
Ascc3,3399,4156,3774,7513
Sim1,1366,1372,1391,2799
Lilrb4b,5,5,0,0
Lilrb4a,7,10,0,1
Gm46224,0,0,0,0
Gprc6a,16,9,13,24
Rfx6,2686,3136,3018,5504
Ros1,2,26,13,10
Dcbld1,369,406,336,621
Gopc,305,412,280,458
Nus1,200,216,179,362
Slc35f1,623,842,891,1418
Cep85l,330,255,314,627
Gm47644,13,19,15,19
Gm20597,2,0,3,4
Mcm9,499,488,472,1109
Gm47739,1,1,3,3
Asf1a,24,56,39,57
Fam184a,540,586,419,996
Man1a,2189,2472,2637,6426
Gm16998,4,10,15,16
Tbc1d32,790,816,844,1715
Msl3l2,48,47,85,81
Gja1,6,4,0,1
Hsf2,226,197,174,341
Serinc1,678,556,830,1710
Pkib,143,137,142,192
Smpdl3a,57,79,91,112
Gcc2,1053,1120,1004,1941
Lims1,895,1190,948,1953
Gm57003,0,2,1,0
Ranbp2,2301,1672,2023,4756
Ccdc138,137,198,147,425
Edar,1,2,1,6
Sh3rf3,2,5,0,1
Septin10,233,262,281,415
Sowahc,37,56,26,32
P4ha1,299,404,326,570
Mcu,721,850,610,1238
Micu1,762,856,776,1464
Dnajb12,206,213,289,472
Ddit4,45,111,52,48
Anapc16,140,209,218,358
Ascc1,385,391,381,834
Spock2,236,157,121,265
Gm51802,1,0,0,1
Chst3,20,12,1,1
Psap,437,479,472,795
Cdh23,4,7,4,8
Vsir,15,23,9,12
Slc29a3,39,35,29,31
Unc5b,6,11,2,9
Gm26947,2,2,3,2
Pcbd1,29,40,47,51
Sgpl1,276,306,293,505
Pald1,24,24,15,43
Eif4ebp2,207,276,208,326
Gm48086,32,29,17,32
Lrrc20,247,333,236,405
Gm47595,1,1,0,0
Ppa1,60,97,69,155
1700022H01Rik,5,12,5,5
Sar1a,463,315,341,911
Tysnd1,37,44,23,75
Aifm2,121,110,90,246
Macroh2a2,240,325,249,589
Col13a1,17,22,1,3
Fam241b,34,41,25,34
Neurog3,1,2,1,1
Tspan15,371,738,461,1002
Hk1,227,205,250,370
Hk1os,4,9,3,12
Supv3l1,160,180,235,482
4930507D05Rik,1,2,1,4
Vps26a,228,214,205,504
Srgn,69,92,5,14
Gm56955,60,93,135,157
Kifbp,208,218,323,481
Ddx21,224,233,172,474
Ddx50,2167,2179,2380,5597
Stox1,466,713,394,862
Ccar1,1246,1221,1089,2127
Tet1,278,236,280,457
Slc25a16,183,164,195,417
Dna2,39,36,20,44
Rufy2,554,560,530,1065
Hnrnph3,617,742,755,1360
Pbld2,68,90,73,131
Pbld1,61,68,141,178
Mypn,3,1,5,0
1700120B22Rik,4,0,1,0
Herc4,650,671,624,1426
Gm26789,0,2,2,3
Sirt1,288,192,278,533
Gm16145,1,3,0,2
Dnajc12,121,129,93,242
Ctnna3,187,216,153,356
Lrrtm3,490,622,351,1153
Gm47896,0,2,0,2
Gm31416,0,7,1,3
Gm31763,28,31,36,74
Reep3,581,606,539,1156
Jmjd1c,4254,3293,3318,8059
Nrbf2,322,257,322,807
Egr2,14,3,13,25
Ado,12,17,6,17
Gm32364,2,4,8,10
Zfp365,15,40,34,41
Rtkn2,69,74,28,108
Arid5b,1016,1302,857,1676
Cabcoco1,419,882,552,785
Tmem26,0,3,0,2
Gm33035,8,6,11,11
Gm33263,2,3,4,7
Rhobtb1,5669,6394,6580,10543
A930033H14Rik,18,22,31,35
Ank3,5844,6277,5547,10906
Ccdc6,405,487,372,656
Mrln,104,193,135,214
Slc16a9,270,347,320,500
Fam13c,170,233,153,376
Phyhipl,263,352,303,560
BB187676,4,15,2,2
Gm48021,3,1,1,1
Gm48023,1,0,0,1
4930533K18Rik,10,12,12,18
Bicc1,2068,2628,2195,3881
Gm48025,7,10,6,17
Tfam,64,65,71,113
Ube2d1,161,229,141,269
Cisd1,28,46,58,72
Ipmk,376,331,379,692
Gm34544,18,59,172,110
Zwint,1318,1342,1408,2876
Pcdh15,569,648,246,608
Gm15398,0,0,1,0
Rsph14,24,74,52,96
Gnaz,404,479,315,609
Rab36,279,314,305,491
Bcr,1198,1091,985,1922
Specc1l,1073,1218,1115,2137
Adora2a,57,46,36,92
Gucd1,110,180,167,294
Upb1,538,746,663,1227
Snrpd3,106,154,76,176
Ggt5,6,1,6,6
Susd2,1,1,1,0
Cabin1,848,1054,814,1628
Ddt,4,18,14,24
Gstt3,1,0,0,7
Gstt1,132,139,176,284
Gstt2,133,157,351,392
Mif,18,23,12,27
Gm56948,12,6,14,15
Derl3,3,5,1,5
Smarcb1,209,256,161,310
Mmp11,0,2,2,1
Chchd10,0,16,12,18
Gm5134,9,2,7,5
Zfp280b,31,35,26,41
Slc5a4b,5,0,3,1
Prmt2,94,130,112,158
S100b,3,0,1,7
Dip2a,221,243,222,470
Pcnt,549,461,498,999
1700094J05Rik,3,9,5,14
Gm9744,0,2,2,3
2610028H24Rik,22,43,61,42
Ybey,14,19,14,27
Mcm3ap,201,179,185,341
Lss,67,100,88,143
Col6a2,1,1,0,2
Col6a1,1,1,0,3
Pcbp3,1362,1448,1176,3074
Gm35721,40,22,32,101
Slc19a1,18,22,17,53
Col18a1,0,4,2,8
Gm10941,2,5,1,5
Pofut2,77,116,67,193
Adarb1,270,362,247,482
Fam207a,103,124,112,166
Itgb2,7,11,0,2
Pttg1ip,88,88,81,140
Sumo3,115,98,100,265
Ube2g2,108,135,78,226
Tspear,4,7,5,16
Lrrc3,1,3,1,2
Trpm2,39,27,33,33
Cfap410,42,59,45,96
Pfkl,74,86,68,164
Icosl,4,3,2,2
Gm47922,0,0,0,1
Gatd3a,21,33,35,34
Pwp2,26,49,30,65
Trappc10,552,557,404,982
Gm30122,39,19,16,62
Agpat3,753,790,668,1384
Rrp1,237,182,127,479
Cstb,13,28,18,35
4921516A02Rik,4,4,0,6
Pdxk,89,74,67,197
Ilvbl,40,41,48,105
Syde1,1,1,1,7
Gm47343,0,1,1,4
2610008E11Rik,280,347,341,585
Gm47015,7,5,1,12
Gm56966,4,5,1,1
Plpp2,3,5,5,0
Mier2,64,71,31,80
C2cd4c,9,3,2,14
Shc2,92,116,82,137
Gm47163,7,7,5,3
Tpgs1,16,17,7,16
Cdc34,33,29,28,66
Gzmm,13,15,13,21
Bsg,270,344,375,727
Hcn2,67,130,75,117
Polrmt,32,42,17,33
Fgf22,6,4,0,2
Rnf126,47,68,25,79
Fstl3,4,0,7,8
Palm,18,13,21,20
Misp,4,7,11,13
E130317F20Rik,44,52,69,141
Ptbp1,428,291,325,785
Plppr3,6,5,8,23
Prtn3,2,0,3,14
Med16,108,70,123,207
R3hdm4,121,160,114,180
Kiss1r,6,8,2,9
Arid3a,91,92,54,118
Wdr18,37,58,45,97
Grin3b,1,2,3,1
Tmem259,176,201,127,325
Cnn2,3,3,0,0
Abca7,250,360,233,386
Arhgap45,59,32,2,6
Polr2e,20,27,21,34
Gpx4,47,36,36,81
Sbno2,324,294,182,481
Stk11,517,358,313,770
Cbarp,228,171,151,588
Atp5d,109,83,60,180
Midn,457,263,261,854
Cirbp,217,222,226,506
Fam174c,28,35,24,48
Efna2,16,10,6,21
Pwwp3a,198,238,180,358
Ndufs7,27,31,36,70
Gamt,2,0,0,1
Dazap1,337,384,247,572
Rps15,207,339,228,275
Apc2,4,6,7,15
2310011J03Rik,32,50,38,54
Pcsk4,71,82,76,139
Reep6,63,103,64,93
Adamtsl5,3,2,0,3
Plk5,2,1,0,7
Mex3d,28,8,8,25
Mbd3,42,68,28,76
3300002P09Rik,3,3,1,1
Uqcr11,26,24,12,1
Tcf3,157,153,126,217
Atp8b3,1,1,0,2
Rexo1,251,250,199,474
Klf16,19,16,6,17
Abhd17a,31,52,39,73
Gm29093,5,2,5,7
Gm49322,2,10,2,1
Csnk1g2,294,222,214,590
Btbd2,69,104,70,126
Mknk2,56,40,31,160
Mob3a,34,38,46,89
Izumo4,104,158,88,210
Ap3d1,684,777,473,1002
Dot1l,501,481,361,969
Plekhj1,13,46,36,49
Sf3a2,32,32,35,47
Oaz1,246,269,242,521
Lingo3,0,2,0,0
Lsm7,51,108,58,149
Sppl2b,48,57,38,105
Tmprss9,6,2,2,10
Timm13,25,55,24,48
Lmnb2,41,65,39,92
Gadd45b,160,67,119,252
Gng7,117,110,73,151
Diras1,2,1,1,0
Slc39a3,32,55,35,49
Sgta,130,191,102,252
Thop1,29,36,24,49
Creb3l3,8,7,8,17
Map2k2,348,455,344,666
Zbtb7a,183,178,164,271
Pias4,113,119,93,185
Eef2,441,527,378,740
Dapk3,58,55,56,85
Atcayos,27,9,50,105
Atcay,37,24,17,45
Zfr2,310,432,332,625
Matk,38,30,28,44
Mrpl54,84,74,108,218
Apba3,13,10,8,26
Tjp3,19,20,11,22
Pip5k1c,301,252,138,462
Gm16315,7,11,6,15
Cactin,43,40,25,53
Tbxa2r,7,1,1,11
Gipc3,0,0,0,0
Hmg20b,120,213,137,230
Mfsd12,13,25,20,29
Tektip1,3,8,8,10
Fzr1,86,79,71,158
Dohh,21,36,28,52
Gm48552,3,5,2,5
Smim24,11,8,18,15
Nfic,333,322,265,462
Celf5,13,14,15,22
Ncln,54,71,50,95
S1pr4,0,3,0,1
Gna15,4,1,1,2
Gna11,209,189,112,230
Tle5,225,290,182,398
Tle2,199,233,150,298
Tle6,37,50,38,82
BC025920,18,8,10,23
Sirt6,16,29,15,31
Ankrd24,406,507,360,595
Gm56991,1,0,2,3
Gm10778,17,29,11,37
Zfp433,17,21,22,44
Gm3055,45,43,66,96
Gm32687,25,29,34,56
Zfp781,44,34,45,75
Zfp873,55,75,48,97
BC024063,113,142,95,148
AU041133,120,171,167,267
Gm15608,21,44,33,44
Zfp938,157,211,205,415
Gm4924,446,612,558,875
Uqcc6,14,24,20,30
Tdg,256,215,278,633
Glt8d2,0,0,1,7
Hcfc2,358,508,359,717
Nfyb,108,164,121,277
Gm47561,2,3,2,10
Txnrd1,695,613,775,2041
Gm38560,10,33,36,40
Eid3,64,22,49,159
Chst11,299,320,170,264
Slc41a2,1107,1313,991,2285
Nopchap1,220,275,246,620
Aldh1l2,42,37,20,51
Washc4,526,513,456,890
Appl2,407,494,383,809
1500009L16Rik,10,19,4,9
Nuak1,232,258,214,460
Gm47962,11,32,23,33
E230014E18Rik,2,1,2,1
Ckap4,60,51,48,118
Tcp11l2,174,208,357,448
Gm17249,15,14,14,21
Polr3b,345,319,279,602
Rfx4,6,3,6,9
Ric8b,1192,1204,1057,3251
Gm56990,11,22,9,32
Fhl4,10,11,12,23
Tmem263,438,425,389,778
Mterf2,34,52,34,56
Cry1,436,230,422,1295
Abtb3,81,81,28,90
Pwp1,207,219,178,419
Prdm4,117,125,117,264
Ascl4,5,15,11,18
Rtcb,150,197,169,335
Bpifc,2,1,1,1
A230060F14Rik,0,1,2,0
Fbxo7,174,193,177,331
Syn3,795,848,762,1635
4930486F22Rik,0,1,2,7
Timp3,93,191,21,101
1810014B01Rik,23,20,19,45
Hsp90b1,2536,2335,2413,5254
Gm15344,6,8,15,29
Ttc41,133,137,91,199
Nt5dc3,601,628,543,1365
Gm16268,30,15,21,83
Stab2,325,396,504,822
Gm16271,43,54,85,116
1700113H08Rik,144,72,201,376
4930555G07Rik,11,9,21,17
Ascl1,6,4,6,4
Igf1,0,3,0,3
Parpbp,8,4,4,14
Nup37,33,52,46,53
Washc3,249,297,268,498
Dram1,19,9,16,33
Gnptab,177,234,210,390
Chpt1,127,138,166,233
Sycp3,2,5,3,12
Mybpc1,0,2,0,3
Spic,0,0,0,0
Arl1,274,180,253,621
Utp20,243,278,224,473
Ano4,1,0,0,2
Gas2l3,2,2,3,8
Nr1h4,209,265,294,439
Slc17a8,0,0,0,5
Scyl2,503,512,449,1236
1500026H17Rik,9,29,10,19
Actr6,83,86,95,126
Uhrf1bp1l,1054,993,847,1877
Anks1b,1047,713,448,2061
Apaf1,375,461,451,922
Ikbip,105,239,164,288
Slc25a3,492,491,600,1610
Gm56945,5,2,4,9
Tmpo,381,458,399,781
Rmst,89,65,40,266
Nedd1,114,144,123,217
Cfap54,136,77,108,224
Gm57008,1,1,1,2
Cdk17,608,790,682,1230
Elk3,265,449,280,474
Gm17745,0,1,0,0
Lta4h,163,195,158,271
Hal,1,1,0,3
Amdhd1,0,5,2,7
Ccdc38,2,2,7,4
Snrpf,42,45,60,91
4933408J17Rik,1,1,1,2
Gm47156,3,3,1,2
Ntn4,637,976,649,1182
Gm15915,6,10,7,10
Metap2,449,538,374,821
Vezt,380,508,439,903
Fgd6,375,421,347,960
Nr2c1,97,120,90,140
Ndufa12,46,102,44,104
Tmcc3,234,409,155,336
Gm16155,1,0,0,1
Tmcc3os,1,1,0,2
Cep83os,83,116,139,162
Cep83,314,340,293,599
Plxnc1,29,8,11,14
Cradd,1104,1168,1012,2213
Gm48882,7,11,3,10
Socs2,73,67,67,130
5730420D15Rik,3,4,30,21
Mrpl42,32,66,31,70
Ube2n,301,306,329,745
Nudt4,198,174,158,462
4732465J04Rik,2,1,2,2
Gm33543,1,7,6,18
Eea1,1277,1288,1074,2250
Gm48427,22,32,14,40
Gm33782,11,14,8,22
Gm56972,1,0,0,2
Gm33843,9,1,0,1
Btg1,726,927,485,1046
Gm48521,1,0,1,0
Dcn,3,1,0,2
Gm10754,5,2,3,4
Atp2b1,2683,2744,2513,5792
Gm48768,13,20,7,23
Poc1b,498,442,416,1088
Galnt4,41,41,33,72
Gm16239,3,1,4,7
Gm34574,4,22,12,8
Gm56968,0,1,0,1
Dusp6,11,19,17,22
Gm48089,1,1,2,4
B530045E10Rik,2,1,2,1
Gm20110,10,21,5,9
Gm47578,10,19,3,6
Gm56951,0,2,0,3
Kitl,15,25,1,13
Tmtc3,226,215,212,510
Cep290,607,487,377,903
4930430F08Rik,40,43,40,56
Gm47956,5,3,5,5
Mgat4c,201,102,171,311
Rassf9,40,108,45,75
Lrriq1,77,23,99,190
Slc6a15,2,0,0,5
Tmtc2,1862,2334,2194,3759
Gm15663,10,17,12,12
Mettl25,590,642,717,1381
Ccdc59,301,295,333,629
Ppfia2,1182,806,948,2247
Acss3,12,1,1,11
Lin7a,92,17,10,191
Ptprq,2,3,1,4
Gm29685,4,15,5,10
Ppp1r12a,2547,2781,2299,4830
Pawr,1462,1396,1593,2831
Gm36283,33,32,39,70
Gm36440,2,8,9,9
Syt1,609,459,149,1069
Brcc3dc,4,0,0,3
Nav3,910,386,331,1877
E2f7,8,7,4,16
Csrp2,45,28,37,73
Zdhhc17,661,709,691,1533
Osbpl8,837,695,618,1587
Gm57006,25,13,17,32
Bbs10,5,17,1,21
Nap1l1,654,695,477,1228
Phlda1,8,7,5,10
Gm30624,5,7,6,13
Krr1,85,84,57,152
Glipr1,7,7,1,2
Caps2,39,13,19,40
Kcnc2,128,151,98,143
Atxn7l3b,157,238,196,272
Gm31182,1,1,8,3
Tph2,4,8,14,19
Tbc1d15,1210,782,1232,2932
Rab21,376,529,461,877
Tmem19,98,108,106,201
Thap2,122,242,118,188
Zfc3h1,1470,1395,1097,2321
Lgr5,3,9,4,9
4930422I22Rik,8,16,21,18
Tspan8,113,136,184,150
Ptprr,942,1381,653,2019
Ptprb,53,34,21,73
Kcnmb4,4,0,1,17
Cnot2,1265,1384,1324,2700
5330438D12Rik,135,300,279,456
1700030O20Rik,3,5,4,4
4930579P08Rik,1,4,3,2
Myrfl,0,2,0,12
Rab3ip,585,525,501,930
4933412E12Rik,23,44,30,42
Best3,537,515,461,1310
Cct2,197,210,152,383
Frs2,804,896,865,1556
Yeats4,40,43,43,75
Gm48772,1,0,4,0
Lyz2,4,8,1,0
Cpsf6,899,939,972,2026
Gm40770,0,1,2,1
Cpm,145,129,86,152
Mdm2,589,490,647,1343
Gm56970,1,4,5,1
Slc35e3,41,52,30,88
Nup107,227,219,228,525
Rap1b,2616,2575,2170,5355
Gm40773,0,0,2,0
4933411E08Rik,1,2,1,4
5330439M10Rik,399,1374,791,1446
Mdm1,401,746,567,2028
Gm47958,2,3,3,16
Dyrk2,524,247,416,832
Gm33677,1,2,15,15
Gm34045,2,2,1,1
Cand1,526,465,477,961
Gm56994,0,8,9,6
Grip1,904,1088,421,1781
Grip1os2,3,9,5,8
Grip1os1,2,5,2,4
Helb,76,51,54,117
Irak3,67,85,70,220
Tmbim4,250,239,374,507
Llph,30,35,22,58
Hmga2,2,2,1,7
Msrb3,54,68,35,76
Gm15910,0,5,5,3
Lemd3,698,653,525,1529
Wif1,1,7,2,2
Tbc1d30,598,726,706,1073
Gm48435,2,4,5,4
Gns,436,533,478,882
Rassf3,760,676,581,1082
Gm48591,2,1,1,1
Gm40787,0,1,2,0
Gm35696,10,26,33,26
Tbk1,443,406,506,946
Xpot,374,404,277,545
D930020B18Rik,2,5,1,6
Kics2,19,27,23,66
Srgap1,970,765,802,1732
Rxylt1,212,150,268,367
Gm48877,8,1,5,5
Avpr1a,0,1,0,2
Ppm1h,1976,2333,1841,3557
Mon2,1923,1640,1550,3415
Usp15,1676,1765,1563,3603
Tafa2,10,22,8,39
Slc16a7,100,166,125,254
Lrig3,4,0,0,0
Atp23,36,39,23,64
Gm56962,0,0,2,4
Gm56949,1,1,1,1
Ctdsp2,382,290,305,580
Avil,29,11,15,35
Tsfm,23,68,40,58
Eef1akmt3,16,115,36,35
Mettl1,236,432,285,495
Cyp27b1,6,4,6,12
Marchf9,15,19,20,20
Cdk4,103,151,118,228
Tspan31,46,52,38,97
A730063M14Rik,6,9,7,11
Agap2,22,18,12,17
Os9,402,533,526,866
B4galnt1,11,9,0,0
Arhgef25,101,176,88,159
Dtx3,220,253,185,357
F420014N23Rik,11,24,32,23
Pip4k2c,170,143,151,327
Kif5a,219,199,140,273
Dctn2,258,348,239,531
Mbd6,286,254,160,449
Gm20492,18,17,20,20
Gm4189,23,27,35,47
Ddit3,475,176,308,1032
Mars1,89,72,30,106
Arhgap9,9,7,0,0
Gm47200,2,2,1,5
R3hdm2,1618,1914,1505,3055
Stac3,27,39,29,53
Ndufa4l2,0,1,0,4
Shmt2,14,11,7,34
Lrp1,475,460,427,850
Stat6,128,184,123,203
Nab2,20,18,11,35
Nemp1,69,92,86,138
Gm16230,15,22,18,30
Zbtb39,24,37,42,69
Gpr182,2,1,4,8
Rdh1,1,0,0,0
Rdh9,0,1,0,0
Rdh16f2,41,47,57,75
Prim1,39,50,40,45
Naca,227,309,242,375
Ptges3,738,566,748,1535
Gm47438,6,9,17,21
Atp5b,132,218,141,299
Baz2a,1121,1199,897,1798
Rbms2,232,276,219,477
Gls2,11,16,6,25
Gm52965,4,3,3,4
Spryd4,3,2,5,3
Timeless,16,21,6,22
Apof,1,0,4,1
Stat2,217,219,159,367
Il23a,1,2,2,3
Pan2,298,344,274,532
Cnpy2,67,94,118,165
Gm56959,11,8,6,25
Cs,128,262,132,289
Coq10a,137,156,171,263
Ankrd52,261,270,187,416
Gm17201,6,8,7,7
Nabp2,48,80,41,69
Rnf41,197,233,244,417
Smarcc2,1065,1200,1032,1821
Myl6,229,343,224,590
Myl6b,2,2,2,8
A430046D13Rik,44,60,39,103
Esyt1,272,260,223,565
Gm29585,12,17,10,21
Zc3h10,111,86,76,157
Rpl41,560,721,680,1092
Pa2g4,97,182,92,192
Erbb3,43,35,44,116
Rps26,61,141,135,107
Ikzf4,197,133,210,500
Gm26876,5,3,7,7
Suox,21,28,28,43
Rab5b,126,248,184,299
Cdk2,7,14,15,27
Pmel,1,1,1,3
Dgka,173,235,179,292
Gm31504,5,3,4,6
Pym1,64,88,63,116
Gm47093,4,2,0,5
Mmp19,5,0,4,3
Tmem198b,0,12,7,18
Dnajc14,60,94,58,102
Sarnp,650,831,744,1338
Ormdl2,15,29,29,35
Gdf11,0,8,0,3
Cd63,207,216,269,448
Rdh5,22,50,48,56
Bloc1s1,3,5,7,8
Itga7,2,1,0,2
Tespa1,26,20,0,0
Vmn2r87,1,1,1,3
Gm31793,22,61,24,58
ENSMUSG00000121500,193,146,141,253
Sfi1,602,736,576,1187
Drg1,291,381,370,576
Eif4enif1,374,405,325,647
Patz1,313,351,287,455
Gm12592,53,65,57,118
Gm11944,166,150,172,294
Pik3ip1,121,77,120,212
Limk2,621,661,544,1127
Rnf185,386,301,332,763
8430429K09Rik,34,39,33,52
Pla2g3,4,8,3,10
Inpp5j,19,20,19,40
Selenom,45,93,79,84
Smtn,1,0,0,7
Tug1,202,192,138,299
Morc2a,436,521,394,792
Osbp2,894,726,913,1826
4921536K21Rik,13,11,5,25
Dusp18,86,71,154,225
Slc35e4,60,34,19,99
Tcn2,43,71,70,82
4930556J24Rik,131,131,144,312
Pes1,77,93,62,151
Gal3st1,51,104,61,100
Sec14l4,59,59,64,91
Mtfp1,10,14,13,6
Sec14l2,0,2,1,4
Rnf215,48,64,45,88
Ccdc157,164,197,219,407
Sf3a1,166,249,184,345
Tbc1d10a,51,73,57,128
Castor1,3,8,7,21
Osm,0,0,0,0
Mtmr3,2127,1864,1941,4048
Ascc2,455,570,395,854
Uqcr10,16,16,21,8
Zmat5,82,107,79,146
Cabp7,9,10,5,4
Nf2,501,679,526,956
Nipsnap1,196,217,186,351
Thoc5,141,184,131,255
Nefh,1,1,1,0
Ap1b1,591,699,543,1174
Gas2l1,49,43,51,73
Ewsr1,1560,1500,1381,3140
Rhbdd3,80,83,88,139
Emid1,10,19,3,11
Kremen1,232,247,208,405
Znrf3,1590,1979,1487,3563
Gm57349,41,58,31,46
Gm11963,12,26,12,15
Xbp1,293,348,405,755
Ccdc117,106,170,124,200
Ankrd36,3,1,2,3
Mrps24,48,68,33,71
Urgcp,403,622,425,793
Ube2d-ps,46,79,59,116
Gm57397,16,22,17,13
Dbnl,147,134,85,254
Polm,62,92,73,113
Aebp1,0,0,0,0
Pold2,15,27,23,31
Myl7,3,4,3,14
Gck,1865,1763,1674,3699
Gm11967,2,2,3,7
Ykt6,150,197,150,348
Camk2b,2358,3009,2151,4698
Nudcd3,918,1099,706,1525
Npc1l1,5,0,8,7
Ddx56,66,61,71,89
Tmed4,97,89,124,195
Ogdh,843,1234,944,1744
Zmiz2,162,188,137,318
Ppia,90,140,128,218
H2az2,306,199,278,680
Purb,452,381,392,857
Gm11973,66,44,65,166
Myo1g,10,7,2,9
Snhg15,39,28,49,89
Ccm2,247,322,197,393
Tbrg4,43,57,24,69
D030016M11Rik,8,7,10,16
Ramp3,8,8,0,2
Adcy1,65,20,60,177
Igfbp3,1,10,0,10
Tns3,2242,3074,2468,4650
Pkd1l1,266,129,250,507
Hus1,55,96,69,117
Sun3,4,3,4,9
Gm11992,16,14,27,31
Upp1,184,241,162,401
Vwc2,2,2,1,6
Zpbp,168,165,225,320
Spata48,27,30,46,37
Ikzf1,144,142,0,19
Fignl1,3,1,4,13
Ddc,2515,2262,1966,3961
1700042O10Rik,131,198,172,310
Grb10,4284,5295,5206,8986
Cobl,1412,1676,1854,3015
Gm12002,28,30,43,63
4930554G24Rik,3,3,0,1
Vstm2a,3,3,0,5
Sec61g,115,170,152,240
Egfr,83,103,18,52
Egfros,0,1,0,0
Eldr,17,8,15,28
Fbxo48,2,3,1,3
Plek,240,338,266,431
Cnrip1,308,319,306,570
Ppp3r1,223,218,138,386
Dnaaf10,77,145,98,179
Pno1,27,27,27,46
C1d,128,130,164,297
Etaa1,49,57,41,63
Etaa1os,49,37,35,47
Gm12023,0,1,1,1
8430419K02Rik,36,13,46,52
Meis1,1774,2112,1971,3642
Gm16141,8,11,9,11
Spred2,1270,1712,933,3231
Actr2,342,419,345,645
Rab1a,1227,1033,1302,2992
Cep68,105,226,167,305
Slc1a4,51,33,21,60
Sertad2,346,256,285,606
Aftph,846,972,774,1689
4930434J08Rik,3,3,4,5
Lgalsl,25,45,19,25
Peli1,458,369,339,713
Vps54,728,817,730,1346
Ugp2,206,226,183,369
Mdh1,296,245,364,734
Wdpcp,1275,1277,1447,2215
Ehbp1,2327,2317,2530,5329
Tmem17,14,16,27,36
B3gnt2,340,302,232,661
Gm20456,6,7,6,17
9130230N09Rik,1,3,1,7
Commd1,195,222,179,373
Cct4,264,305,208,538
Fam161a,106,75,72,150
Gm12059,2,0,5,5
Xpo1,1007,762,793,1797
Usp34,4045,4254,3749,7837
Ahsa2,152,223,160,328
1700093K21Rik,26,18,21,31
Selenok-ps1,15,30,17,57
Sanbr,438,583,480,846
Pex13,112,171,155,227
Pus10,386,387,380,700
Rel,342,197,224,623
Papolg,181,216,185,322
A830031A19Rik,1,2,2,3
Bcl11a,993,1260,967,1897
Gm12064,7,20,4,12
4930538E20Rik,0,0,2,2
Gm12068,2,13,2,9
5730522E02Rik,1666,1688,2102,3536
6820445E23Rik,9,9,10,6
Fancl,336,340,299,738
Vrk2,321,316,381,573
Ccdc85a,17,8,4,50
Mir217hg,7,2,3,8
Efemp1,1,2,0,2
Pnpt1,198,222,256,391
A630052C17Rik,4,17,10,9
Ppp4r3b,818,937,1016,1716
Cfap36,342,464,418,792
Ccdc88a,2093,2055,2004,4018
Prorsd1,22,61,52,49
Gm12089,21,14,13,29
Mtif2,289,457,362,567
Rps27a,180,288,287,292
Clhc1,37,23,17,44
Gm12088,1,0,2,0
Rtn4,1051,852,1008,1944
Eml6,2602,3384,2700,5065
Fem1al,6,14,10,32
Sptbn1,2782,2712,2681,4773
Gm29237,1,0,4,3
Gm8098,13,13,15,23
Gm57382,2,6,3,5
4930505A04Rik,54,93,88,149
Acyp2,481,338,238,697
Gm57374,1,8,1,3
Psme4,2194,2357,2070,4110
Gpr75,17,20,10,27
Asb3,997,955,1133,1906
Erlec1,464,612,521,945
Chac2,15,42,27,42
Bod1,40,48,31,80
Gm57394,1,8,1,4
D630024D03Rik,216,374,258,434
Gm57354,145,174,148,247
Cpeb4,1549,1317,1748,3219
Nsg2,31,27,25,16
Gm12108,86,57,221,170
Il9r,1,0,0,0
Snrnp25,9,5,7,4
Rhbdf1,43,34,28,63
Nprl3,320,447,341,659
Mpg,43,71,80,100
Hba-a1,0,3,0,3
Hba-a2,0,5,0,3
Sh3pxd2b,13,8,16,14
Ubtd2,198,220,217,352
Efcab9,4,4,1,7
Stk10,89,98,18,42
Fbxw11,1088,1277,941,2100
Gm12111,1,1,2,4
Npm1,372,353,360,659
Gm12116,1,0,3,4
Ranbp17,545,392,574,1133
Kcnip1,1756,2499,456,2003
Gm12120,1,3,0,1
Kcnmb1,11,10,7,12
4930469K13Rik,4,15,2,4
Lcp2,27,45,0,3
Dock2,401,360,4,19
Insyn2b,11,63,18,30
Spdl1,5,4,4,2
Slit3,25,27,10,26
Gm12122,0,0,0,2
Pank3,138,181,171,254
Rars,283,301,223,582
Wwc1,731,933,637,1250
Tenm2,9209,9759,8609,17369
Mat2b,135,188,133,245
Hmmr,4,3,1,4
Nudcd2,54,82,73,125
Ccng1,83,83,274,257
Gm57413,7,6,24,17
A230004M16Rik,8,7,7,5
Gabrg2,10,9,13,20
Pttg1,34,44,58,65
Slu7,145,134,138,259
C1qtnf2,0,1,0,0
Ccnjl,4,0,6,3
Pwwp2a,428,529,422,929
Ttc1,140,178,136,254
Adra1b,1,1,1,1
Ublcp1,246,299,239,496
Rnf145,422,386,303,613
Ebf1,286,102,0,88
Gm39816,3,4,6,5
F630206G17Rik,1,1,0,0
Clint1,1496,1828,1344,3033
Lsm11,16,26,16,39
Thg1l,7,10,7,10
Sox30,4,9,9,7
Gm12166,2,1,0,2
Adam19,20,31,1,3
Cyfip2,1392,1839,1157,2410
Fndc9,37,81,49,87
Itk,157,145,1,4
Med7,90,91,95,167
Havcr2,2,8,5,15
Havcr1,1,1,1,1
Sgcd,807,1130,323,1336
Rack1,133,245,158,207
Trim41,222,308,206,336
Gm12184,11,19,12,15
Trim7,262,297,419,629
Gm16170,4,3,3,9
Irgm1,16,23,12,38
Gm5431,1,1,0,0
Gm12185,6,7,0,2
Psme2b,1,3,1,1
9930111J21Rik1,0,1,0,2
Or2v1,2,6,0,1
Tgtp1,0,0,0,1
9930111J21Rik2,9,15,0,10
Tgtp2,4,4,0,1
Ifi47,2,0,0,1
Or2v2,1,1,0,0
Btnl9,9,4,2,7
Zfp62,261,294,229,506
Gm57328,0,3,4,9
Mgat1,86,107,56,152
Or2y1f,0,0,0,4
Or2y16,4,3,3,6
Flt4,3,6,0,2
Cnot6,547,574,551,1090
Gm36411,8,4,7,13
Gfpt2,1,1,0,0
Mapk9,252,388,279,456
Rasgef1c,22,21,31,73
Rnf130,6604,9018,8067,16415
Tbc1d9b,581,665,485,948
Gm12195,2,4,0,4
Mrnip,38,41,49,104
Sqstm1,1679,1176,1983,3403
Mgat4b,103,127,142,201
Ltc4s,0,1,1,3
Gm26542,74,83,92,156
Maml1,240,228,193,542
Canx,615,1090,726,1206
Gm46280,6,13,7,14
Hnrnph1,1435,1235,1216,2607
Rufy1,444,450,454,806
Adamts2,9,3,2,13
Zfp354c,85,123,89,169
Zfp879,7,13,7,29
Zfp454,12,11,13,23
Zfp2,83,86,88,156
Zfp354b,34,36,32,50
Zfp354a,28,28,18,42
BC049762,4,7,15,27
Clk4,692,569,794,1595
Col23a1,10,3,3,22
Gm57387,3,4,2,4
Phykpl,184,246,254,384
Hnrnpab,245,247,212,550
Nhp2,22,25,30,33
Rmnd5b,99,107,114,249
N4bp3,3,5,2,2
D930048N14Rik,2,0,6,7
0610009B22Rik,18,24,16,26
Sec24a,1470,1697,1498,3319
Sar1b,294,417,383,701
Jade2,233,169,215,353
Cdkn2aipnl,8,23,7,27
Ube2b,1632,1461,1942,4277
Gm12204,5,17,12,7
Cdkl3,212,222,274,569
Gm57367,0,1,4,0
Ppp2ca,1070,651,955,2391
ENSMUSG00000121382,3,0,3,3
Skp1,283,193,243,434
Gm12207,2,4,5,4
Tcf7,28,32,2,0
Gm57370,2,8,5,3
Vdac1,222,283,212,425
9530068E07Rik,66,68,87,178
Fstl4,192,53,66,275
Hspa4,664,707,526,1435
Zcchc10,28,40,29,62
Aff4,2237,2149,2503,5533
Uqcrq,65,89,95,147
Gdf9,3,0,3,7
Shroom1,3,6,5,10
Sowaha,6,9,0,4
Septin8,208,263,173,388
A430108G06Rik,1,1,1,1
Kif3a,223,196,183,368
Il4,1,1,4,3
Rad50,293,290,279,542
Gm57339,0,0,1,1
Irf1,342,162,461,695
Gm12216,119,233,124,280
Slc22a5,180,198,135,353
Slc22a21,102,78,95,166
Slc22a4,70,34,48,135
Pdlim4,0,1,0,2
P4ha2,98,116,92,246
Acsl6,75,152,52,169
Gm12224,0,3,3,4
Meikin,12,23,14,30
Fnip1,2043,2016,2625,4582
Rapgef6,1240,1173,1189,2450
Cdc42se2,651,696,674,1399
Gm12227,1,4,15,7
Lyrm7,33,64,55,81
Hint1,106,155,127,233
Gpx3,296,581,1006,794
Tnip1,242,308,250,416
Anxa6,460,678,545,901
Ccdc69,2,6,0,6
Gm2a,16,10,22,54
Slc36a1,159,174,77,241
Sparc,13,12,0,2
Atox1,21,58,24,54
G3bp1,429,480,358,718
Glra1,12,22,3,8
Gm12236,0,0,0,14
Gm12239,11,13,4,22
Gria1,2,1,0,0
Fam114a2,369,461,376,630
Mfap3,119,183,142,200
4933424L21Rik,1,6,2,1
Galnt10,431,560,297,633
2010001A14Rik,8,9,9,15
Sap30l,72,77,46,83
Gm57340,3,4,1,4
Larp1,1179,1377,910,1865
Gm12248,12,6,18,27
Cnot8,181,222,181,335
Gemin5,179,204,158,349
Mrpl22,27,39,12,39
Igtp,13,12,5,10
Irgm2,7,18,7,13
Zfp692,132,182,153,287
Zfp672,94,168,114,248
1700047K16Rik,2,0,1,0
Sh3bp5l,45,74,38,94
Or2av9,0,1,3,2
Or2t45,3,0,4,8
Fam183b,62,101,100,100
Gm12258,179,364,206,328
Gm12259,11,11,10,19
2810021J22Rik,53,58,55,119
Zfp39,29,40,48,49
Rnf187,94,107,85,184
H2bc27,12,30,24,36
H2bc26-ps,1,2,2,5
H2ac25,17,30,27,26
Trim17,81,84,79,128
2310058D17Rik,9,24,21,24
Trim11,133,172,132,239
Obscn,2,2,0,6
Iba57,12,14,11,37
Gjc2,1,1,0,1
Guk1,74,162,134,284
2610507I01Rik,58,86,58,95
Mrpl55,18,29,22,57
2310033P09Rik,84,86,89,141
Arf1,552,473,501,1262
Gm57335,0,3,0,2
Wnt9a,1,1,0,0
Snap47,200,284,193,342
Jmjd4,24,22,29,39
Zfp867,20,58,52,57
Zkscan17,79,102,113,179
4933439C10Rik,74,99,67,175
Nlrp3,3,0,0,1
Mprip,2213,2752,1974,4441
1700007J10Rik,13,17,14,38
Gm12264,1,2,2,2
Pld6,1,2,1,3
Flcn,152,134,148,243
Gm16062,3,9,7,10
Cops3,613,530,604,1472
Nt5m,136,250,143,296
Med9os,12,6,7,18
Med9,14,29,11,29
Rasd1,75,90,81,101
Pemt,32,47,40,61
Rai1,1158,1617,917,1894
4930412M03Rik,0,4,4,2
Srebf1,117,144,140,288
Tom1l2,1456,1824,1644,3016
Gm12265,1,2,6,14
Drc3,80,81,112,168
Atpaf2,59,113,67,108
Gid4,158,208,164,281
Drg2,80,88,82,159
Myo15a,40,51,37,74
Alkbh5,536,291,334,742
Llgl1,28,37,28,56
Flii,178,209,180,359
Mief2,11,20,12,26
Top3a,109,122,119,215
Smcr8,40,28,17,43
Shmt1,6,2,3,12
Dhrs7b,57,95,58,139
Tmem11,98,122,61,144
Gm57385,8,8,14,13
Natd1,52,46,58,109
Map2k3os,3,7,3,8
Map2k3,61,58,54,90
Kcnj12,2,3,1,5
Tnfrsf13b,2,1,0,2
Usp22,562,379,445,1020
Aldh3a2,63,92,126,160
Slc47a2,1,2,4,2
Gm45605,2,1,2,5
Rnf112,15,16,14,43
Mapk7,29,32,21,55
B9d1,22,40,31,63
Epn2,472,525,470,919
Grap,7,7,0,1
Slc5a10,6,9,3,7
Fam83g,34,22,18,45
Prpsap2,137,180,155,315
Ulk2,1044,988,1165,2041
A530017D24Rik,22,37,47,54
Gm26964,1,3,1,3
Akap10,744,907,809,1537
Specc1,1063,738,912,2673
Adora2b,5,2,4,7
Zswim7,204,150,216,508
Ttc19,473,749,538,1327
Ncor1,4882,4373,4614,8345
Pigl,134,175,167,255
Cenpv,292,481,497,731
Gm12279,59,94,127,137
Ubb,416,1092,611,538
Trpv2,19,24,7,17
2410006H16Rik,79,118,83,140
Lrrc75a,27,59,28,55
Lrrc75aos2,16,25,15,25
Mmgt2,23,46,43,69
Zfp287,176,210,182,357
Zfp286,6,5,10,7
Trim16,1,0,0,1
Fbxw10,45,48,40,53
Tvp23b,173,314,247,380
Tvp23bos,1,1,3,4
Pmp22,38,14,14,52
B430319H21Rik,0,3,1,8
Hs3st3b1,24,21,9,28
Cox10,173,287,207,388
2810001G20Rik,5,24,7,18
Hs3st3a1,0,3,4,0
Elac2,86,76,77,150
Arhgap44,743,698,525,1077
1700086D15Rik,4,3,1,7
Myocd,6,2,1,0
Map2k4,1531,1466,1603,3292
Zkscan6,79,104,88,200
Dnah9,734,1003,585,1717
Gm12296,394,445,395,850
Shisa6,33,72,46,77
Pirt,0,1,0,1
Gm12299,1,2,4,2
Tmem220,18,17,36,37
Adprm,67,87,44,100
Sco1,21,33,19,29
Gas7,5,10,0,1
Glp2r,2,0,1,1
Usp43,19,21,11,53
9130017K11Rik,15,25,17,34
Cfap52,41,52,37,136
Stx8,1393,1628,1454,2950
C78197,2,5,1,13
Ntn1,20,8,13,51
Pik3r5,18,24,4,6
Pik3r6,1,2,2,4
Mfsd6l,14,13,16,35
Gm57353,7,6,3,4
Myh10,461,431,410,796
Ndel1,914,759,1093,2310
Rpl26,82,196,127,134
Arhgef15,3,1,0,2
Slc25a35,2,20,0,7
Rangrf,5,3,1,5
Pfas,127,150,119,215
Gm57403,11,42,24,33
Ctc1,111,103,130,249
9330160F10Rik,9,18,9,24
Borcs6,5,7,4,12
Gm57412,0,5,1,1
Tmem107,27,55,24,52
Vamp2,259,281,228,557
Per1,1306,681,1068,3723
Hes7,0,1,1,8
Aloxe3,8,3,15,9
Alox8,5,6,0,9
Cntrob,130,164,103,264
Trappc1,27,38,18,47
Kcnab3,7,7,4,15
Kcnab3os,0,9,4,6
Rnf227,10,45,16,18
Chd3,881,821,514,1061
Cyb5d1,21,18,25,45
Naa38,9,13,3,15
Tmem88,19,11,25,49
Kdm6b,581,389,372,1010
Kdm6bos,42,45,42,130
Gm57346,9,6,6,9
Gm57330,19,17,13,23
Gm51903,6,4,3,6
Gm57345,5,1,7,5
Dnah2,297,360,218,566
Efnb3,18,17,17,32
Wrap53,65,85,65,137
Trp53,184,227,207,336
Gm57392,9,6,11,8
Atp1b2,5,3,3,2
Sat2,20,24,42,39
Fxr2,265,349,212,461
Mpdu1,55,79,92,122
Cd68,6,4,3,8
Eif4a1,778,428,579,1581
Senp3,165,165,152,391
Tnfsf13os,19,15,13,38
Tnfsf13,6,3,10,4
Tnfsf12,13,18,18,33
Polr2a,725,839,856,1670
Zbtb4,336,717,382,790
Chrnb1,8,16,7,17
Fgf11,0,2,3,2
6720407P12Rik,3,11,8,9
Tmem102,9,11,2,9
Spem1,5,0,2,15
Nlgn2,507,505,330,726
Tmem256,22,37,27,40
Plscr3,30,37,48,68
Tnk1,75,79,78,145
Tmem95,3,5,4,7
Kctd11,5,6,9,2
Acap1,9,7,0,1
2810408A11Rik,3,5,0,2
Neurl4,139,178,86,188
Gps2,218,275,179,435
Eif5a,120,113,127,267
Ybx2,4,6,1,5
Slc2a4,0,2,0,1
Cldn7,68,96,106,159
Elp5,165,151,180,359
Ctdnep1,81,95,65,153
Gabarap,122,138,114,151
Phf23,50,43,29,59
Dvl2,84,77,84,117
Acadvl,37,52,33,67
Dlg4,395,570,369,567
Clec10a,0,0,0,1
Slc16a11,81,124,133,236
Slc16a13,19,19,22,45
Bcl6b,16,64,23,57
0610010K14Rik,27,36,25,35
Rnasek,24,52,54,79
Alox12,0,2,0,6
Pelp1,68,88,52,114
Arrb2,146,159,98,148
Med11,10,10,8,14
Cxcl16,12,9,4,15
Zmynd15,0,2,3,7
Psmb6,41,53,41,84
Pld2,0,5,1,8
Mink1,349,393,247,596
Slc25a11,22,46,32,48
Rnf167,189,215,208,449
Pfn1,32,46,37,52
Gm12319,1,3,2,4
1700029K24Rik,12,18,17,24
Eno3,93,72,73,82
Spag7,50,56,73,155
Camta2,155,210,123,288
Inca1,41,42,40,87
Kif1c,117,115,94,171
Zfp3,18,32,16,26
Scimp,3,0,0,3
Rabep1,1308,1252,1389,2329
Gm19967,28,24,23,52
Nup88,298,326,301,579
Rpain,48,70,63,98
C1qbp,25,41,39,51
Dhx33,143,167,138,282
Derl2,112,155,100,188
Mis12,21,37,15,31
6330403K07Rik,6,4,1,6
Nlrp1a,0,0,1,0
Nlrp1b,5,4,4,6
Nlrp1c-ps,1,0,0,0
9230020A06Rik,2,1,0,2
Wscd1,15,5,4,15
Aipl1,4,0,2,4
Pitpnm3,607,836,312,942
4933427D14Rik,26,25,22,38
4933427D14Rik.1,3,6,4,12
Txndc17,11,43,31,46
Med31,80,57,142,207
4930563E22Rik,9,28,27,41
Xaf1,25,8,17,42
Tekt1,0,0,0,4
Mybbp1a,172,189,95,269
Spns2,6,5,0,9
Spns3,0,3,0,0
Ube2g1,1078,960,967,1958
Ankfy1,765,737,712,1500
Cyb5d2,46,97,73,107
Zzef1,1698,1593,1504,3163
Atp2a3,768,1176,589,1153
P2rx1,17,3,8,29
4732414G09Rik,4,2,5,4
Camkk1,21,21,14,24
Ncbp3,297,309,278,539
Itgae,5,10,3,8
Emc6,5,8,7,20
Tax1bp3,4,12,5,6
Ctns,88,123,133,203
Shpk,46,64,53,69
Aspa,3,1,4,9
Rap1gap2,4812,5767,4017,8411
Ccdc92b,105,169,158,204
Cluh,141,160,96,212
Pafah1b1,1883,2246,2075,4102
Mettl16,350,404,385,770
Mnt,241,164,351,626
Sgsm2,494,700,473,974
Tsr1,145,174,150,264
Srr,148,308,212,287
Smg6,1929,1981,2076,4107
Hic1,0,1,0,1
1700016P03Rik,344,104,195,839
Ovca2,20,12,16,27
Dph1,17,21,21,31
Rtn4rl1,398,572,292,570
Gm35117,2,1,1,4
Rpa1,195,264,225,405
Smyd4,304,401,338,548
Serpinf1,1,3,0,1
Serpinf2,3,1,3,10
Wdr81,64,50,48,77
Gm57332,0,0,0,0
Gm57357,8,2,4,16
Mir22hg,144,97,99,392
Tlcd2,3,4,10,12
Prpf8,509,354,409,956
Rilp,0,2,2,1
Scarf1,4,12,4,22
Gm45606,16,46,22,39
Slc43a2,2704,2788,2595,5345
Pitpna,1067,841,964,2516
4931413K12Rik,5,8,4,21
Inpp5k,190,203,200,448
Myo1c,145,112,113,289
Crk,211,299,280,476
Ywhae,880,901,754,1784
Doc2b,8,9,6,35
Gm12339,1,3,1,4
Rph3al,3232,3540,2530,4940
1700016K19Rik,5,4,6,2
Rflnb,19,30,17,8
Vps53,565,601,535,1128
Glod4,132,154,158,289
Tlcd3a,41,75,47,78
Mrm3,17,27,9,31
Nxn,526,933,634,919
Timm22,40,67,48,77
Abr,2271,2436,2040,3936
Bhlha9,1,2,1,1
Trarg1,0,0,0,6
Gosr1,254,298,286,520
Cpd,698,528,649,1634
Tmigd1,8,3,4,10
Blmh,589,497,626,1321
Slc6a4,1,0,0,8
Nsrp1,309,255,316,825
Efcab5,9,11,4,27
Ssh2,1543,1948,1443,3055
Coro6,0,2,2,4
Ankrd13b,69,93,71,108
Git1,74,98,46,141
Trp53i13,80,73,75,117
Abhd15,149,227,175,245
Gm10392,3,13,6,15
Taok1,1358,1408,1210,2339
Nufip2,995,1137,1104,2083
Cryba1,1,2,3,3
Myo18a,971,1155,961,1533
Gm10277,2,2,0,3
Pipox,10,1,14,27
Phf12,916,938,791,1560
Dhrs13,22,28,21,42
Flot2,227,219,210,521
Eral1,67,97,127,203
Fam222b,1146,1774,1044,2666
Traf4,73,47,44,113
Nek8,59,30,57,104
Tlcd1,45,45,77,130
Rpl23a,77,213,144,178
Rab34,56,90,64,141
Proca1,12,3,12,23
Supt6,1016,741,929,2342
Sdf2,146,180,193,329
Bltp2,486,466,259,644
Rskr,7,8,15,17
Spag5,4,1,1,10
Aldoc,3,6,4,7
Pigs,112,75,91,158
Unc119,12,14,9,30
Foxn1,2,7,5,5
Slc13a2,0,1,2,1
Slc46a1,4,8,0,4
Sarm1,42,48,56,54
Vtn,0,0,1,0
Tmem199,49,86,66,119
Poldip2,71,118,82,117
Tnfaip1,83,124,65,166
Ift20,223,353,304,493
Tmem97,30,31,51,49
Nlk,1525,2187,1470,3017
Ccnq,4,5,7,7
Lyrm9,58,84,85,115
Nos2,1,1,0,0
Lgals9,9,6,1,10
Ksr1,264,197,205,446
Wsb1,363,251,278,827
Gm57411,3,13,12,13
Nf1,2679,3063,2449,5539
Evi2b,26,24,5,22
Evi2a,7,10,9,16
Rab11fip4,40,28,17,79
9130204K15Rik,4,1,2,0
Utp6,145,185,156,284
Suz12,744,671,612,1309
Crlf3,116,181,99,229
Atad5,151,114,123,242
Tefm,4,7,6,5
Adap2,8,8,0,8
Adap2os,0,2,1,2
Rnf135,45,82,50,86
Rhot1,408,472,377,805
Rhbdl3,358,364,368,590
5730455P16Rik,128,169,191,260
Gm57386,9,4,6,8
Zfp207,689,992,777,1402
Psmd11,403,454,353,788
Cdk5r1,22,22,8,30
Myo1d,1316,1464,1371,2674
C030013C21Rik,2,12,5,30
Tmem98,18,17,11,22
Asic2,9944,10577,9956,20637
Gm11417,7,16,21,45
4930527B05Rik,13,18,14,17
Gm11418,8,12,17,32
5530401A14Rik,77,134,115,237
Ccl11,0,0,0,0
Ccl12,0,0,0,0
Tmem132e,0,0,0,1
Cct6b,72,68,83,138
Zfp830,32,50,42,55
Gm11423,7,14,9,9
Lig3,251,249,219,430
Rffl,255,347,232,327
Rad51d,117,150,148,202
Nle1,27,49,45,39
Unc45b,1,2,0,0
Unc45bos,1,0,0,0
Slfn5,6,4,2,4
Slfn9,3,1,0,2
Slfn8,10,9,0,4
Slfn10-ps,4,13,0,7
Slfn2,2,13,1,1
Gm20234,0,3,0,0
Slfn3,1,1,0,3
AI662270,1,5,0,1
ENSMUSG00000121399,2,4,1,1
AA465934,9,15,7,8
Pex12,15,15,18,19
Ap2b1,1059,1020,1094,2195
Rasl10b,5,9,3,7
Mmp28,1,0,0,1
Taf15,833,953,911,1830
Ccl5,2,10,2,0
E230016K23Rik,0,2,2,2
Ccl6,0,0,1,0
Ccl3,1,2,0,2
Ccl4,1,0,1,0
Wfdc17,0,6,0,1
Gm57372,0,2,2,2
Heatr6,316,347,308,581
Gm12576,71,112,59,119
Hnf1b,474,440,443,813
Ddx52,209,146,175,290
Synrg,819,886,728,1561
Dusp14,16,9,6,17
Tada2a,343,389,327,639
Acaca,707,1037,724,1520
Gm11437,7,6,7,8
Aatf,653,832,740,1371
Lhx1,13,17,18,62
Lhx1os,8,23,11,14
Mrm1,18,46,26,43
Gm57399,1,2,2,0
Dhrs11,28,51,28,45
4930502E09Rik,0,1,2,2
Ggnbp2,1275,1114,1302,2541
Gm57352,105,136,129,217
Pigw,5,13,14,11
Myo19,58,68,54,90
Znhit3,31,20,13,50
Car4,1,0,0,1
Usp32,1396,1424,1412,2834
Appbp2,713,762,649,1548
Appbp2os,7,12,13,27
Ppm1d,228,218,316,474
Bcas3,2796,1638,2497,5062
Bcas3os1,18,15,14,39
Bcas3os2,5,5,9,16
2610027K06Rik,20,14,13,41
Tbx2,14,3,12,27
Gm11444,1,0,1,2
Brip1,10,6,26,30
Brip1os,190,244,380,571
Ints2,236,279,206,447
Med13,1604,1510,1290,2804
Rnft1,100,113,168,282
Rps6kb1,801,883,733,1498
Tubd1,30,54,21,54
Gm9975,9,13,12,15
Vmp1,493,643,481,1045
Ptrh2,14,30,19,39
Cltc,2194,1450,1698,4491
Gm57355,6,13,7,10
Dhx40,1213,794,1237,3302
Ypel2,1511,1608,842,1845
Gdpd1,108,110,102,274
Smg8,16,14,12,23
Prr11,4,9,4,8
Ska2,23,57,34,60
Gm11491,2,5,10,4
Trim37,607,589,705,1135
Ppm1e,774,566,514,1743
Rad51c,46,48,37,52
Tex14,56,62,53,120
Septin4,5,2,0,3
Gm57408,6,4,3,9
Mtmr4,111,139,90,241
Hsf5,21,16,19,58
Rnf43,40,33,21,34
1110028F11Rik,0,0,1,0
Supt4a,60,68,75,121
Mir142hg,38,75,0,10
Tspoap1,214,159,153,380
Mks1,129,176,149,273
Dynll2,156,153,120,233
Gm11508,113,175,135,204
Srsf1,588,650,557,1169
Gm15892,13,8,6,34
Vezf1,331,390,365,666
Cuedc1,721,1040,687,1277
Mrps23,27,22,20,55
Msi2,10875,13172,8317,20772
Gm15893,8,11,12,13
C030037D09Rik,14,20,37,58
Akap1,93,102,76,141
4930556N13Rik,7,20,10,15
Scpep1os,12,24,28,34
Scpep1,187,173,282,419
Coil,80,98,77,157
Gm11496,1,3,5,2
Trim25,186,203,177,268
Dgke,232,251,215,393
Ankfn1,0,0,1,2
Pctp,26,57,27,42
Tmem100,0,0,1,1
Gm34726,4,10,8,8
Smim36,5,2,3,1
Mmd,49,71,34,59
Hlf,533,329,672,1828
Stxbp4,744,910,795,1449
Cox11,144,157,250,317
Tom1l1,226,280,265,430
Car10,783,1067,119,687
Utp18,222,204,146,437
Mbtd1,1273,1542,1501,2708
Nme2,62,106,107,103
Nme1,53,120,62,110
Spag9,3576,3243,3235,7352
B230206L02Rik,40,51,59,65
Tob1,411,633,460,746
Ankrd40cl,4,6,1,4
Luc7l3,2197,2152,1654,3210
Ankrd40,127,176,98,202
Abcc3,46,60,77,47
Cacna1g,58,34,29,89
Mycbpap,73,116,76,114
Rsad1,36,55,35,58
Acsf2,42,81,64,76
Chad,1,2,2,4
Lrrc59,443,352,425,919
Eme1,6,3,3,14
Mrpl27,48,50,64,95
Xylt2,19,30,27,42
Gm11542,10,15,8,25
Col1a1,0,0,0,0
Sgca,0,2,1,5
Ppp1r9b,162,174,94,207
Samd14,41,38,39,74
Pdk2,36,52,29,35
Itga3,109,126,103,204
Tac4,4,5,5,4
Kat7,674,494,608,1340
Gm11520,11,9,14,14
Gm11521,4,3,5,3
Fam117a,433,742,414,877
Gm29477,7,7,14,11
Slc35b1,189,231,251,562
Spop,1431,1736,1429,3053
Nxph3,1,0,1,2
Ngfr,0,0,0,0
Phb,18,44,22,37
Zfp652os,1,2,3,0
Zfp652,957,1153,1185,1903
Abi3,4,4,0,2
Gngt2,1,0,0,1
4833417C18Rik,12,7,12,13
B4galnt2,0,0,2,4
Snf8,88,127,111,212
Ube2z,137,171,134,251
Atp5g1,25,50,33,30
Hoxb5os,0,0,0,0
Hoxb6,0,0,0,1
Hoxb5,0,1,0,0
Hoxb4,0,5,0,0
Hoxb3,2,2,1,3
Hoxb3os,3,2,7,3
Hoxb2,1,0,0,1
Gm11529,9,8,21,25
Skap1,3884,4778,3625,6731
Snx11,61,72,44,75
Cbx1,202,311,283,413
Nfe2l1,126,213,173,290
Gm57378,0,2,1,0
Copz2,72,133,123,132
Gm11523,2,2,3,5
Gm57375,33,44,79,69
Cdk5rap3,168,221,169,327
D030028A08Rik,67,66,74,198
Prr15l,2,10,3,8
Pnpo,39,58,52,133
Sp2,161,104,152,345
Sp6,0,0,0,0
Gm11532,1,5,3,2
Scrn2,6,8,7,6
Lrrc46,1,3,6,7
Mrpl10,60,86,58,118
Osbpl7,45,50,60,81
Tbx21,2,2,0,0
Tbkbp1,12,2,12,13
Kpnb1,249,263,171,352
Gm57404,5,11,1,12
Npepps,1651,1505,1400,2946
Gm11592,2,6,2,6
Gm31005,3,2,7,4
Mrpl45,59,80,39,94
Gpr179,153,92,168,287
Socs7,559,353,362,979
Arhgap23,344,390,375,694
4933428G20Rik,1,4,2,4
Srcin1,2,2,1,2
Gm11613,32,44,49,66
Mllt6,287,301,224,454
Cisd3,36,38,28,74
Pcgf2,127,150,131,193
Psmb3,68,98,74,166
Pip4k2b,103,213,130,200
Cwc25,314,198,211,659
Rpl23,157,294,261,242
Lasp1,465,485,501,825
B230217C12Rik,17,17,49,57
Fbxo47,45,54,62,86
Gm11630,3,2,3,3
Plxdc1,8,8,1,4
Arl5c,3,1,0,3
Cacnb1,72,85,45,89
Gm11629,0,0,2,3
Rpl19,165,325,244,284
Stac2,21,13,8,35
Fbxl20,1057,1115,1173,2067
Med1,310,345,261,510
Cdk12,1565,1505,1614,2825
Gm20644,2,2,0,5
Stard3,25,59,50,74
Pgap3,37,42,38,93
Erbb2,0,1,0,1
Mien1,12,27,8,13
Grb7,46,36,36,57
Ikzf3,113,65,2,6
Zpbp2,3,2,2,2
Ormdl3,41,67,51,76
Gsdma,10,15,18,26
Psmd3,171,162,145,324
Med24,175,208,121,339
Thra,325,390,397,608
Gm57390,17,13,24,34
Nr1d1,388,232,333,693
Msl1,378,482,321,611
Gm12359,19,18,33,44
Casc3,684,540,590,1446
Rapgefl1,17,15,31,42
Wipf2,354,369,379,616
Cdc6,6,3,2,16
Rara,115,101,84,136
Top2a,17,2,0,9
Igfbp4,12,55,54,22
Ccr7,12,15,0,0
Smarce1,452,429,400,885
Krt222,36,57,41,62
Krt10,2,4,5,5
Gm11940,3,8,11,11
Krtap16-1,3,7,4,5
Krtap17-1,1,2,0,3
Eif1,484,636,617,915
Hap1,477,671,367,847
Gm20394,7,1,5,8
Jup,132,191,72,219
P3h4,45,45,67,68
Fkbp10,1,2,7,5
Nt5c3b,75,91,66,130
Klhl10,13,9,10,18
Klhl11,111,104,87,154
Acly,1551,1512,891,2146
Odad4,92,72,79,157
Cnp,15,15,9,10
Dnajc7,744,828,592,1187
Nkiras2,18,22,21,30
Zfp385c,1,4,0,5
Dhx58os,2,0,5,0
Dhx58,14,7,9,28
Kat2a,78,76,33,129
Rab5c,89,131,82,203
Kcnh4,5,3,2,5
Ghdc,29,25,35,31
Stat5b,824,1029,725,1338
Stat5a,101,101,57,143
Stat3,2418,1549,2709,8223
Cavin1,2,4,0,1
Atp6v0a1,964,1232,901,1854
Gm57395,55,92,96,163
Naglu,15,30,18,46
Hsd17b1,4,3,0,2
Coasy,32,39,26,35
Mlx,42,67,37,106
Psmc3ip,11,11,7,7
Retreg3,295,381,333,593
Tubg1,42,48,35,58
Tubg2,19,32,25,46
Plekhh3,77,68,47,144
Cntnap1,37,38,24,46
Ezh1,595,675,511,1074
Ramp2,6,1,2,3
Vps25,0,1,3,5
Wnk4,237,278,230,406
Coa3,18,36,18,33
Cntd1,25,16,31,50
Becn1,435,413,442,956
Psme3,66,91,55,135
Aoc2,21,29,24,58
Aoc3,4,5,4,17
Gm28156,0,4,0,5
Aarsd1,55,106,62,111
Ptges3l,11,14,10,18
Rundc1,303,323,261,612
Rpl27,106,225,147,178
Ifi35,110,111,124,192
Gm11626,4,2,1,0
Vat1,42,43,25,58
Rnd2,1,3,6,14
Brca1,33,24,52,63
Nbr1,611,765,737,1338
Tmem106a,31,35,20,55
Rdm1,51,50,65,121
Arl4d,17,20,16,60
Dhx8,255,310,225,463
Etv4,6,4,1,5
Meox1,4,11,7,5
Gm11551,0,0,0,0
Sost,1,1,0,3
Dusp3,166,249,264,556
Cfap97d1,1,3,1,1
Mpp3,1,8,5,6
Cd300lg,8,6,0,2
Mpp2,422,421,343,896
Gm57373,4,19,4,5
Ppy,2504,3534,5123,4129
Pyy,2217,3730,5551,6292
Nags,1,1,3,0
Tmem101,7,14,7,15
Lsm12,137,157,135,273
G6pc3,76,57,75,145
Hdac5,565,391,381,960
Hrob,2,0,3,5
Tmub2,55,45,55,100
Atxn7l3,115,135,100,205
Ubtf,436,426,301,682
C030013E06Rik,76,90,51,134
Rundc3a,428,416,322,690
Slc25a39,84,101,78,151
Grn,49,45,68,90
Fam171a2,2,1,3,2
Itga2b,27,35,26,65
Gpatch8,2298,2528,2087,4738
Ccdc43,34,55,36,66
Adam11,3,3,0,0
Gjc1,8,3,3,5
Higd1b,0,0,0,1
Eftud2,276,287,218,458
Ccdc103,2,5,9,4
Dcakd,68,114,77,119
Nmt1,265,334,215,559
Plcd3,3,7,4,9
Acbd4,16,32,20,32
Gm57337,7,10,14,16
Hexim1,37,85,44,59
Gm57409,18,41,31,49
Hexim2,9,17,14,20
Fmnl1,20,16,4,17
Efcab15,6,14,9,12
Spata32,7,9,3,20
Map3k14,297,266,254,430
1700028N14Rik,1,1,3,1
Arhgap27,20,7,4,8
Arhgap27os3,2,3,0,1
Arhgap27os2,2,0,0,0
Arhgap27os1,0,0,0,0
Plekhm1,200,145,132,374
Gm39397,4,7,14,15
Rprml,2,0,0,1
Gosr2,139,187,155,282
C130046K22Rik,39,51,44,77
Nsf,1107,1243,1245,1999
Arf2,60,66,55,155
Crhr1,7,12,3,2
Mapt,187,189,137,294
Gm11659,3,3,0,1
Kansl1,3974,4152,3979,7870
Gm57388,3,7,3,6
Cdc27,673,685,601,1294
Myl4,8,3,6,17
Itgb3,25,7,2,14
Gm11639,2,2,3,4
Mettl2,47,88,51,91
1700052K11Rik,14,24,18,38
Tlk2,1370,1437,1350,2810
Mrc2,8,10,10,31
Marchf10,5,6,4,9
Tanc2,4253,4095,3799,7799
Cyb561,36,66,25,76
Ace,1,5,1,2
Ace3,0,0,2,0
Kcnh6,1073,1450,1166,1651
Dcaf7,664,759,671,1393
Taco1os,6,3,14,13
Taco1,29,46,15,43
Map3k3,1112,1137,1048,1801
Gm57402,15,16,25,39
Limd2,16,26,13,32
Strada,270,406,346,617
Ccdc47,261,302,264,429
Ddx42,698,715,673,1472
Ftsj3,84,103,66,134
Psmc5,64,98,48,99
Smarcd2,82,124,59,142
Tcam1,3,0,0,6
Cd79b,9,3,0,2
Scn4a,1,2,0,2
Prr29,0,0,0,0
Icam2,4,2,2,6
Ern1,2072,2422,1648,4524
Gm36220,30,69,40,93
Tex2,621,732,440,953
Pecam1,77,76,12,44
Milr1,5,1,4,14
Polg2,218,145,107,370
Ddx5,8092,7812,6004,14161
Cep95,297,382,284,514
Gm11706,1,1,0,0
Smurf2,1138,1063,1125,2128
Kpna2,36,39,23,64
Gm57415,3,4,4,4
1810010H24Rik,4,11,12,15
Bptf,2085,1823,1655,3373
Gm11715,4,3,0,2
Nol11,231,276,178,404
Pitpnc1,2695,3585,2404,5068
Gm11716,3,2,1,5
Gm11712,0,1,2,1
Gm11713,10,23,21,31
Gm11714,5,13,14,23
Psmd12,227,256,229,464
Helz,1675,1824,1381,3175
Cacng1,11,3,7,13
Cacng4,1073,963,717,2379
Gm11650,4,2,6,16
Prkca,4532,5277,3869,7873
Gm11655,9,20,14,32
Apoh,5,5,2,13
Cep112,1484,1207,1574,2623
Cep112it,28,33,29,76
Axin2,68,75,53,85
Gm11670,4,5,5,9
Rgs9,639,1485,782,1337
Gm11696,26,27,24,37
Gna13,193,269,147,326
9930022D16Rik,1,1,0,1
Amz2,208,279,225,358
Slc16a6,81,62,47,140
Arsg,129,112,180,281
Wipi1,346,413,347,764
Gm11685,40,42,44,62
Prkar1a,1528,903,1208,3356
Fam20a,2643,4149,4218,9863
1700012B07Rik,2,1,1,2
Abca8b,293,224,245,488
Abca8a,0,1,0,0
Abca9,1,6,1,2
Abca6,3,3,1,8
Abca5,615,457,455,944
Map2k6,41,44,11,37
Kcnj2,1,4,13,6
2610035D17Rik,1518,2154,1954,3325
4732490B19Rik,3,2,18,6
Slc39a11,2117,3389,2642,4855
Sstr2,42,21,56,103
Cog1,132,235,129,281
Fam104a,199,293,206,444
D11Wsu47e,40,85,34,56
Cpsf4l,6,9,7,8
Cdc42ep4,28,27,26,40
Sdk2,455,571,70,434
Gm11690,0,1,0,1
4932435O22Rik,4,3,0,3
Rpl38,191,282,241,324
Ttyh2,107,171,101,107
Dnai2,8,4,2,8
Kif19a,95,111,92,180
Btbd17,28,41,40,72
Gpr142,55,95,91,122
Gprc5c,67,63,85,97
Cd300a,3,0,0,11
Cd300ld,1,0,0,0
Cd300c2,3,0,0,0
Cd300e,2,3,6,3
Rab37,296,581,327,550
Cd300lf,10,10,8,14
Nherf1,68,77,49,80
Nat9,46,68,52,112
Tmem104,162,243,108,281
Grin2c,36,8,24,28
Fdxr,100,81,81,153
Fads6,176,244,159,303
Hid1,472,489,482,1061
Cdr2l,28,32,21,66
Mrpl58,30,52,49,78
Ict1os,1,0,1,1
Atp5h,58,109,65,116
Kctd2,95,109,72,196
Slc16a5,1,0,1,3
Armc7,56,60,37,78
Nt5c,4,23,15,37
Jpt1,23,53,24,35
Sumo2,312,291,300,640
Nup85,101,121,98,162
Gga3,173,180,149,275
Mrps7,48,48,44,92
Mif4gd,38,38,40,76
Slc25a19,50,53,35,62
Grb2,522,765,470,939
Tmem94,142,155,133,225
Caskin2,33,35,27,55
Tsen54,37,42,32,69
Llgl2,307,335,234,413
Myo15b,21,16,16,14
Recql5,278,299,291,496
Smim5,20,13,25,28
Smim6,3,6,7,7
Sap30bp,240,261,250,563
Sap30bpos,1,6,2,9
Itgb4,3,1,0,5
Galk1,13,5,1,13
H3f3b,8595,5490,11216,20886
Unk,522,435,521,1133
Unc13d,9,12,9,26
Wbp2,209,177,221,424
Trim47,4,10,2,11
Trim65,27,37,22,35
Mrpl38,78,104,82,158
Fbf1,248,248,163,443
Acox1,666,674,733,1511
Ten1,106,110,130,292
Cdk3,10,9,10,21
Evpl,103,78,97,141
Srp68,410,503,360,725
Exoc7,169,199,129,281
Foxj1,2,1,1,2
Rnf157,323,318,287,495
Ubald2,50,53,49,78
Qrich2,1,0,0,5
Gm11739,2,7,3,3
Prpsap1,173,189,139,291
Ube2o,767,599,513,1571
Aanat,1,6,6,7
Rhbdf2,40,32,48,86
Cygb,2,3,0,1
Snhg16,17,23,26,66
St6galnac2,7,4,6,9
Mxra7,5,5,9,9
Jmjd6,93,123,78,164
Mettl23,16,25,22,26
Srsf2,338,362,338,641
Mfsd11,110,171,136,223
Mgat5b,2,3,0,3
Snhg20,225,233,168,464
Sec14l1,238,287,143,357
Septin9,763,1084,638,1551
Gm16045,2,4,5,4
Gm11734,30,26,23,42
2900041M22Rik,0,2,4,3
Tnrc6c,3192,3629,2928,5920
Tmc6,114,167,87,177
Tmc8,17,7,8,17
Syngr2,32,44,36,62
Tk1,4,6,6,16
Afmid,65,72,69,133
Birc5,1,2,0,5
Tha1,54,98,82,115
Gm11725,2,1,8,18
Gm57331,0,2,2,3
Socs3,161,81,207,310
Gm57366,5,3,5,6
Pgs1,106,136,82,189
Dnah17,9,3,9,14
Cyth1,804,1084,688,1559
Usp36,602,564,506,1442
Timp2,90,73,72,214
Cep295nl,3,6,0,8
Lgals3bp,181,282,472,502
Cant1,39,60,51,97
C1qtnf1,0,4,1,4
Engase,15,11,7,19
Rbfox3,152,122,99,152
Gm11750,0,1,1,1
Cbx2,10,8,3,7
Cbx8,27,15,36,50
Gm57380,2,2,3,0
Cbx4,315,217,326,597
Gm11755,22,13,14,36
Tbc1d16,996,1575,1116,1997
Gm11753,1,2,2,1
Gm11752,1,0,1,2
Ccdc40,78,61,71,122
Gaa,256,218,241,435
Eif4a3,217,152,155,448
Gm57376,0,2,0,2
Sgsh,10,16,12,27
Slc26a11,34,36,52,51
Rnf213,634,566,506,1023
A930037H05Rik,73,132,91,165
Endov,87,100,87,161
Nptx1,148,150,159,336
Gm11762,41,66,58,89
Rptor,2080,2636,1806,4205
Rptoros,32,35,44,69
Chmp6,14,14,15,16
Gm11767,1,5,3,2
Baiap2,65,67,38,78
Aatk,210,229,159,262
Cep131,73,100,75,134
Tepsin,30,39,22,53
Ndufaf8,6,11,9,8
Slc38a10,988,1284,1109,2329
Gm11769,9,14,17,20
Reno1,42,76,57,64
2900052L18Rik,148,257,294,423
Bahcc1,237,231,181,350
Gm11772,1,0,2,2
Actg1,1230,1115,1691,3137
0610009L18Rik,9,16,31,23
Fscn2,1,3,5,2
Faap100,39,51,55,102
Nploc4,420,518,383,873
Pde6g,3,1,2,1
Oxld1,10,15,16,10
Ccdc137,62,60,53,96
Arl16,14,17,21,40
Hgs,103,119,68,148
Mrpl12,8,19,16,33
Slc25a10,5,6,9,8
Gm11789,2,1,1,1
Gcgr,9,16,2,12
Mcrip1,148,193,137,348
P4hb,451,450,382,853
Gm57341,6,9,9,4
Arhgdia,88,69,59,152
Alyref,64,36,39,82
Anapc11,52,94,45,112
Npb,1,2,1,3
Pcyt2,158,186,175,299
Sirt7,175,234,140,291
Mafg,722,832,718,1638
Gm17586,31,28,38,82
Pycr1,33,53,46,54
Myadml2,1,9,3,1
Myadml2os,7,11,14,15
Aspscr1,110,140,103,202
Gm17178,7,11,10,20
Cenpx,15,23,22,38
Lrrc45,260,261,153,409
Rac3,8,10,3,13
Dcxr,4,2,5,8
Hmga1b,2,2,1,1
Rfng,20,22,14,48
Gps1,97,125,72,182
Dus1l,57,82,38,70
Fasn,63,86,54,101
Ccdc57,366,330,424,705
Slc16a3,5,1,0,2
Csnk1d,500,477,355,908
Gm28192,0,4,1,5
Gm57327,2,4,5,10
Ogfod3,14,23,23,55
Hexdc,80,129,108,179
Cybc1,23,33,18,55
Narf,95,119,104,181
Foxk2,439,492,334,665
Wdr45b,518,378,431,1076
Rab40b,131,240,178,279
Fn3krp,9,24,18,17
Fn3k,42,34,51,42
Tbcd,541,738,514,1082
Zfp750,5,7,5,11
B3gntl1,259,308,323,535
Metrnl,5,11,2,9
Rab10os,182,159,168,464
Rab10,898,1394,809,1655
Gm26520,4,3,1,0
Kif3c,169,167,126,231
Gm48512,24,40,20,54
1110002L01Rik,179,203,165,312
Asxl2,1404,1547,1612,2868
Dtnb,2066,2602,2078,4244
Dtnbos,31,70,93,122
Dnmt3a,3604,3880,2529,5373
Dnmt3aos,9,20,7,16
Pomc,6,10,3,15
Efr3b,134,175,141,270
Dnajc27,143,146,166,294
Adcy3,184,163,104,344
Cenpo,79,122,98,140
Ptrhd1,10,12,19,15
Gm56543,7,14,13,17
4921501I09Rik,3,2,1,5
Ncoa1,2972,2598,2946,5510
2900045O20Rik,5,3,7,6
Gm46332,13,9,11,33
Gm48610,3,3,8,9
Gm3625,25,17,24,28
Itsn2,2152,2017,1603,3426
Gm48678,74,120,105,191
Fam228a,15,20,15,20
Fam228b,99,103,69,157
Pfn4,2,4,2,3
Sf3b6,115,185,185,309
Fkbp1b,5,10,0,7
Wdcp,43,80,55,78
Mfsd2b,19,20,11,43
Ubxn2a,285,297,336,758
Atad2b,1615,1313,1389,2892
Klhl29,51,32,21,31
2810032G03Rik,1,4,0,1
Gm32828,35,15,15,26
Gm48633,56,48,107,130
Apob,8,9,26,32
Gm33037,253,236,205,420
Ldah,427,519,437,756
Hs1bp3,53,71,49,71
Rhob,98,332,158,164
Gm56532,1,6,5,11
5033421B08Rik,182,239,117,347
Slc7a15,9,7,11,22
Gm56555,101,76,79,152
Gm56531,17,21,20,37
Pum2,1168,1189,1051,2137
Sdc1,0,1,1,2
Laptm4a,331,307,387,653
Wdr35,296,250,265,547
Ttc32,30,49,38,57
Osr1,0,0,0,0
Rdh14,22,36,34,47
Kcns3,0,1,2,5
9530020I12Rik,3,2,0,1
Gen1,18,16,8,42
Smc6,1619,1398,1378,2936
Vsnl1,117,100,116,245
Rad51ap2,89,58,174,215
Gm47833,7,3,12,24
Gm34237,44,27,94,104
Cyria,47,35,21,68
Mycn,3,3,0,0
Ddx1,404,434,394,761
Nbas,1366,2156,1438,2894
Lratd1,18,19,6,23
Gm16497,1,4,7,6
Trib2,24,25,8,9
Gm5432,9,4,5,13
Gm48606,1,0,0,0
Lpin1,317,302,370,849
Greb1,1,1,0,2
E2f6,42,56,43,69
Rock2,1040,976,905,1949
Pqlc3,0,2,0,1
2410004P03Rik,4,3,6,6
Kcnf1,0,4,0,1
Pdia6,314,521,352,704
Atp6v1c2,1,0,0,1
Nol10,358,312,272,789
Gm36752,5,5,1,3
Odc1,1021,670,671,1961
Gm36862,0,2,1,11
Hpcal1,305,473,274,575
ENSMUSG00000121307,130,174,187,269
ENSMUSG00000121309,5,11,8,16
5730507C01Rik,4,2,4,2
Gm49957,4,6,0,1
Gm5784,12,12,17,20
Gm49692,8,4,0,1
Gm10479,0,1,0,0
Gm48693,45,54,83,128
Gm49700,4,8,11,12
ENSMUSG00000121317,26,28,27,61
ENSMUSG00000121318,2,1,2,7
ENSMUSG00000121319,2,2,4,1
Asap2,653,689,627,1145
Itgb1bp1,41,62,40,69
Gm20535,13,13,11,23
Cpsf3,243,335,230,421
Iah1,27,48,24,75
Adam17,317,284,240,491
Ywhaq,1097,988,1085,2507
Gm4419,38,93,66,81
ENSMUSG00000121487,7,14,13,15
9030624G23Rik,37,46,43,58
Taf1b,299,319,302,603
Grhl1,141,121,141,290
Klf11,153,162,150,274
Cys1,26,19,25,46
Gm36129,12,6,3,15
Rrm2,1,0,0,0
2900060N12Rik,10,26,13,15
Mboat2,1008,1283,915,1782
Kidins220,1906,2210,1833,3828
Id2,39,35,39,41
Gm36287,0,0,0,3
Gm36723,1,0,4,0
Rnf144a,45,35,9,40
4930549C15Rik,2,3,0,1
Rsad2,56,58,69,160
Cmpk2,29,30,34,44
Sox11,1,0,0,0
Colec11,0,2,2,0
Rps7,165,214,176,220
Rnaseh1,44,74,61,105
Adi1,49,53,89,88
Trappc12,319,466,343,706
Eipr1,340,451,329,835
Gm56534,8,9,4,17
Gm31508,9,21,21,33
Gm31333,2,5,17,20
Gm20208,35,59,66,78
Myt1l,4964,5072,4713,9701
C630031E19Rik,1,1,5,17
Pxdn,53,69,81,113
Tpo,1,9,3,12
Sntg2,427,1192,651,673
2310016D03Rik,0,1,0,0
Tmem18,49,57,43,104
Alkal2,1,8,3,8
Acp1,116,116,119,229
Sh3yl1,120,145,141,222
Fam110c,7,5,3,4
Lamb1,47,32,57,113
Dld,262,183,242,594
Slc26a3,1,1,1,1
Cbll1,120,115,102,229
Bcap29,192,217,226,426
Dus4l,37,75,50,134
Cog5,1426,1920,1680,3310
Hbp1,431,420,634,1090
Prkar2b,137,157,99,253
Pik3cg,13,6,0,1
Ccdc71l,5,7,0,0
Gm40375,1,0,0,4
Nampt,244,165,188,549
4933406C10Rik,70,96,144,230
Sypl,275,335,348,639
Cdhr3,5,5,2,12
F730043M19Rik,370,477,339,565
Gm16267,6,10,4,7
Atxn7l1,3371,3430,2862,6334
Atxn7l1os1,48,77,51,121
Atxn7l1os2,9,16,14,33
Efcab10,4,8,5,6
Polr1f,109,92,122,237
Hdac9,648,579,200,839
Gm47357,4,1,2,7
Snx13,801,732,820,1704
Ahr,57,44,46,89
Gm48236,3,11,4,6
Tspan13,740,732,708,1414
Bzw2,343,323,256,611
Ankmy2,230,215,222,385
D630036H23Rik,1,5,8,11
Crppa,409,389,310,803
Gm40394,1,0,0,3
Gm48617,1,1,1,1
Meox2,0,0,1,3
Agmo,13,3,29,43
Dgkb,1075,2043,1179,1293
Gm48715,0,6,1,2
4930428E07Rik,9,11,7,7
Etv1,6048,9054,5238,15778
Gm34611,8,11,11,32
Gm34662,5,9,2,9
Gm34809,6,20,14,28
Arl4a,177,178,175,314
Arl4aos,3,9,4,3
Scin,84,60,117,162
Lsmem1,37,21,21,83
Gm17056,5,3,7,21
Ifrd1,1986,907,1538,5395
Gm17024,14,7,11,52
Gm7008,0,0,2,8
Zfp277,405,495,493,974
Dock4,706,923,720,1772
Immp2l,3246,3493,3300,6145
Gm47376,0,5,5,3
Gm47368,5,11,4,7
Lrrn3,69,123,114,177
Gm47371,8,16,17,29
Gm46348,4,3,2,1
Gm47013,1,1,0,2
Dnajb9,310,460,385,613
Gm47096,53,61,77,89
Pnpla8,768,831,1006,2303
Nrcam,609,315,223,1283
Stxbp6,1693,2463,1869,3101
Gm15902,38,90,54,82
Nova1,797,902,639,1913
1810007C17Rik,1,2,0,0
Prkd1,5134,6332,5244,13537
G2e3,347,376,378,828
Scfd1,1559,2300,1522,3193
Coch,3,1,2,2
Strn3,2651,2776,2969,6594
Ap4s1,292,243,314,621
Hectd1,1615,1230,1520,3279
Gm34894,0,1,1,2
Heatr5a,351,438,390,749
Dtd2,36,40,38,108
Nubpl,326,323,383,760
Gm47431,43,36,69,156
Gm35071,0,0,3,0
Gm35188,105,169,181,236
Arhgap5,1267,1371,1383,2858
1700031P21Rik,1,2,3,2
Gm35239,2,2,3,9
Akap6,66,85,53,65
Npas3,555,1008,1037,1356
Egln3,0,1,0,2
Sptssa,47,89,66,112
Eapp,110,153,118,180
Snx6,705,676,644,1175
Cfl2,452,471,673,993
1700081N11Rik,1,6,3,3
Baz1a,147,147,83,191
2700097O09Rik,294,421,299,624
Srp54a,142,153,190,349
Fam177a,3,3,9,7
Srp54b,5,10,7,22
Srp54c,126,146,144,263
Ppp2r3c,171,191,192,383
Prorp,302,346,284,501
Psma6,124,149,158,262
Gm56554,1,3,1,4
Nfkbia,171,110,259,335
Gm36634,0,1,1,2
Ralgapa1,3460,3267,3437,6848
Brms1l,144,270,152,334
Mbip,287,307,294,589
Slc25a21,0,9,3,12
Prps1l3,41,28,27,65
Mipol1,485,598,646,1192
Ttc6,10,3,47,45
Gm46329,2,3,3,8
Sstr1,1,0,1,3
Clec14a,0,6,0,3
Gm17529,13,13,29,22
Sec23a,912,1090,995,2010
Gemin2,43,79,40,94
Trappc6b,235,279,216,430
Pnn,1109,1359,1109,1930
Mia2,1263,1604,1291,2550
Fbxo33,319,297,315,636
Lrfn5,4,3,1,2
Gm48421,0,1,3,4
Gm48422,8,8,10,14
Gm527,24,20,15,46
Klhl28,87,163,136,200
Togaram1,819,692,828,1523
Prpf39,1444,1124,1329,2687
Fkbp3,149,189,161,307
Fancm,307,238,242,555
Mis18bp1,3,0,1,2
Mdga2,163,173,15,264
Rps29,76,110,119,120
Rpl36al,56,152,106,113
Mgat2,25,20,27,31
Dnaaf2,43,18,43,62
9330151L19Rik,21,37,29,66
Pole2,5,7,7,8
Klhdc1,112,152,130,260
Gm15561,5,13,5,22
Klhdc2,426,454,479,965
Nemf,859,1009,781,1641
Gm9887,5,13,16,19
Arf6,24,16,21,20
Gm56517,11,11,10,13
5830428M24Rik,10,5,5,5
Vcpkmt,19,22,21,28
Sos2,940,925,902,2052
L2hgdh,96,120,112,193
Dmac2l,105,163,121,210
Cdkl1,272,307,384,553
4930512B01Rik,35,43,45,88
Map4k5,1332,1294,1365,2927
Atl1,219,273,332,552
Sav1,201,155,181,406
Nin,254,182,245,345
Pygl,91,91,80,176
F730035M05Rik,2,6,2,6
Trim9,619,861,627,1386
Gm48747,6,12,11,22
Gm32151,0,13,10,11
Tmx1,151,195,189,344
Gm40437,4,4,4,4
Frmd6,89,92,85,184
Actr10,164,233,214,333
Gm56524,19,21,45,45
Psma3,870,672,810,1923
3110056K07Rik,137,157,199,338
Arid4a,1312,1049,1075,1975
Tomm20l,0,2,2,2
Timm9,111,185,127,243
2700049A03Rik,509,572,522,1043
Dact1,117,79,96,145
Gm40438,46,78,48,105
4930404H11Rik,29,29,31,73
9630002D21Rik,14,15,12,29
Daam1,2241,2116,1747,4382
Gpr135,9,14,6,7
L3hypdh,6,18,12,13
Jkamp,95,179,135,217
Rtn1,2218,1941,2058,4513
Lrrc9,39,49,42,98
Pcnx4,160,137,177,333
Gm4756,10,15,5,10
Dhrs7,41,65,68,73
Ppm1a,587,534,642,1410
5033425G24Rik,10,29,27,28
4930447C04Rik,6,4,3,2
Six4,129,119,96,247
Mnat1,936,1151,867,1919
Trmt5,29,26,18,55
Slc38a6,344,455,475,764
Gm48653,10,12,16,23
D830013O20Rik,0,3,1,0
Tmem30b,4,3,6,4
2210039B01Rik,1,0,2,2
Prkch,225,230,0,31
Gm34189,1,3,0,2
Gm8075,0,0,0,0
Gm15283,63,95,130,196
Hif1a,614,567,480,1110
Snapc1,453,414,417,1134
Syt16,2266,1773,3203,4751
Gm29587,4,13,22,33
Dbpht2,320,336,491,538
Gm34552,27,23,36,57
Kcnh5,91,62,1,21
Rhoj,59,122,42,74
Ppp2r5e,1021,1257,971,1909
Gm47689,3,10,1,6
Wdr89,21,78,23,54
Gm56535,0,2,2,4
Sgpp1,91,117,120,158
Syne2,690,314,398,1002
Esr2,2,0,1,0
Mthfd1,340,417,371,667
Gm34868,16,39,26,52
Akap5,8,8,7,22
Zbtb25,90,98,93,193
Zbtb1,114,161,90,178
Gm56540,0,5,1,2
4930426I24Rik,7,12,8,9
Hspa2,20,36,15,20
Ppp1r36,5,6,10,16
Gm10451,7,21,10,37
Plekhg3,465,584,485,747
AI463170,0,3,5,2
Sptb,400,421,401,823
Churc1,50,55,89,108
Fntb,313,394,367,696
Gpx2,0,3,2,3
Rab15,7,9,16,19
Max,345,445,299,695
9530018F02Rik,8,3,5,6
Fut8,716,710,721,1375
Gm48226,15,21,38,40
Gphn,18392,14920,13912,23197
Garin2,12,15,32,60
Pals1,466,497,536,1102
Atp6v1d,230,195,202,426
Eif2s1,137,181,116,201
Plek2,6,7,4,7
Tmem229b,209,250,169,327
Plekhh1,94,128,86,191
Pigh,13,26,16,31
9230116L04Rik,3,2,4,9
Arg2,4,4,1,4
Gm48780,9,3,7,10
Vti1b,226,283,302,571
Rdh11,41,34,44,90
Rdh12,1,6,1,4
Zfyve26,539,495,532,1047
Rad51b,58,74,50,160
Gm36660,7,5,3,4
Zfp36l1,42,42,1,12
Gm56530,20,27,19,32
Gm56519,12,13,12,10
1300014J16Rik,5,12,6,12
2310015A10Rik,98,94,112,156
Actn1,431,436,282,655
Gm47767,2,1,0,1
Dcaf5,1377,1499,1226,2498
Gm30025,2,6,6,7
Exd2,107,122,133,167
2310002D06Rik,4,2,1,8
Galnt16,3,9,3,9
Erh,165,123,183,365
Slc39a9,297,462,376,599
Plekhd1,0,5,4,7
Gm47941,2,4,1,0
Susd6,1153,1296,1402,3554
Gm20337,7,13,8,15
Srsf5,1948,1972,2072,4016
Slc10a1,1,2,6,11
Smoc1,64,217,80,111
Slc8a3,14,26,6,27
Cox16,2736,3425,2720,5000
Gm4787,28,23,12,35
Adam4,70,60,35,81
Gm28370,4,14,18,9
Synj2bp,448,692,515,901
Gm17191,2,6,4,5
6530401F13Rik,15,8,4,13
Adam21,0,1,8,6
Med6,167,187,219,437
Gm16572,2,8,8,6
Ttc9,120,144,107,228
Gm49654,4,6,3,9
Map3k9,114,72,75,167
Pcnx,1143,1180,971,2158
Sipa1l1,1440,1388,967,2141
Rgs6,382,97,200,333
Dpf3,864,1028,837,1672
Dcaf4,63,65,78,130
Zfyve1,272,355,255,453
Rbm25,2665,2600,2440,5018
Gm29361,4,4,6,13
Gm56548,24,19,18,53
Psen1,553,613,583,1217
Papln,5,2,3,10
Numb,1112,1127,1084,1992
Gm46367,13,36,34,51
Gm26571,2,1,2,6
Riox1,5,1,1,0
Heatr4,2,5,1,3
Acot2,12,9,10,12
Acot1,0,4,4,2
Acot4,2,11,11,12
4732463B04Rik,27,59,62,46
Acot3,2,4,0,1
Acot6,31,41,35,48
Dnal1,256,399,335,500
Pnma1,6,2,5,7
Mideas,976,518,644,2269
Gm56545,0,1,0,2
Gm31513,11,3,12,25
Ptgr2,155,243,204,366
Gm47484,10,11,12,9
Zfp410,256,277,260,505
Fam161b,55,58,35,66
Coq6,28,37,20,57
Entpd5,107,123,114,218
Bbof1,185,260,301,409
Rnf113a2,21,54,21,36
Aldh6a1,168,161,234,389
Lin52,506,617,505,1251
Abcd4,56,80,58,104
Syndig1l,132,314,191,484
Npc2,187,200,297,412
Isca2,38,44,61,88
Ltbp2,28,18,9,13
Arel1,224,341,210,457
Fcf1,71,94,58,151
Ylpm1,1204,1354,1125,2270
Prox2os,4,10,9,15
Prox2,29,49,25,57
Dlst,309,360,303,674
Rps6kl1,176,156,165,328
Pgf,41,42,34,52
Eif2b2,131,104,114,199
Mlh3,390,419,321,679
Acyp1,15,38,29,41
Zc2hc1c,49,39,51,52
Nek9,471,565,477,1084
Tmed10,863,845,1180,1996
Gm47819,8,18,13,19
Gm40477,52,53,29,112
Gm56522,8,7,13,15
Gm56509,2,6,3,2
Fos,3903,5545,4343,5647
Gm56541,2,10,10,14
Gm47863,6,5,11,7
Jdp2,33,68,86,70
Batf,28,19,18,37
Flvcr2,52,35,82,60
Erg28,86,128,133,206
Ttll5,1311,1304,1144,2586
Gm26531,2,18,11,12
Tgfb3,20,16,21,57
Ift43,306,336,308,684
Gm805,1,1,0,2
Gm56527,2,1,0,3
Gpatch2l,262,299,305,648
4732487G21Rik,2,2,4,7
Esrrb,9,8,2,5
Vash1,10,17,6,2
Angel1,29,24,20,38
Gm56533,2,5,4,1
Irf2bpl,55,100,47,68
Gm26698,1,0,0,2
Gm32934,11,14,22,19
Cipc,78,121,81,125
Zdhhc22,3,2,0,6
Tmem63c,313,420,326,682
Ngb,5,8,7,12
Pomt2,379,465,384,740
Gstz1,1708,2293,2234,3461
Gm6566,30,39,71,120
Tmed8,579,817,643,1102
Samd15,24,24,32,34
Noxred1,6,27,15,34
Vipas39,207,266,218,383
Ahsa1,50,71,52,100
Ism2,8,3,16,41
Sptlc2,381,394,381,830
Alkbh1,427,567,457,914
Slirp,16,43,15,23
Snw1,245,256,321,519
Adck1,292,305,234,501
3200001D21Rik,4,10,14,12
4930473H19Rik,4,6,8,7
Nrxn3,3365,9410,7219,5575
4930544I03Rik,2,0,2,21
Cep128,238,246,364,630
5430427M07Rik,0,2,4,6
Tshr,4,1,1,13
Gtf2a1,435,580,505,790
Gm56560,17,20,23,31
Ston2,713,779,808,1470
Gm8378,12,14,8,25
Gm16876,3,10,10,7
Sel1l,519,615,524,1040
Flrt2,1,4,0,2
Galc,75,118,84,157
Gpr65,7,5,0,1
Kcnk10,4,15,5,10
Spata7,425,306,494,925
Ptpn21,258,292,272,452
Zc3h14,704,806,581,1362
Eml5,3406,3170,2855,6209
Ttc8,596,622,655,1101
Foxn3,3595,3262,3091,6197
Gm20682,30,24,27,45
3300002A11Rik,90,109,201,252
Gm26839,13,5,13,32
1700064M15Rik,1,2,1,3
Gm19951,1528,814,2495,1204
Efcab11,97,82,113,203
Tdp1,174,246,192,286
Kcnk13,75,26,33,147
Psmc1,135,171,144,259
Nrde2,113,97,122,226
Gm56516,13,29,18,26
Gm10433,3,9,10,19
Calm1,1204,854,834,1781
Gm40557,22,12,42,54
Gm10432,34,34,38,39
Ttc7b,779,796,721,1468
Gm48383,21,29,33,50
Rps6ka5,778,376,875,1717
Dglucy,593,744,1181,1496
Gm56544,2,4,3,9
Gpr68,40,29,51,60
Ccdc88c,536,558,431,956
Gm36756,27,32,21,58
Ppp4r3a,1183,965,966,2190
D130020L05Rik,7,19,12,12
Catsperb,1,2,6,6
Tc2n,38,24,27,65
Fbln5,27,12,39,33
Trip11,1806,2007,1613,3255
Gm20036,1,7,6,7
Atxn3,195,230,216,370
Ndufb1,67,78,96,130
Cpsf2,58,59,57,94
Rin3,20,19,3,2
Lgmn,35,69,33,80
Gm30198,2,0,1,1
Golga5,428,614,577,987
Chga,8841,8671,18082,32537
Itpk1,281,272,140,420
Moap1,11,9,10,17
Tmem251,23,20,18,46
Gon7,110,112,143,202
Ubr7,146,157,139,267
Btbd7,1083,1068,1092,2184
Gm47167,18,33,34,45
Unc79,4131,5352,3619,8115
Prima1,0,0,0,1
Asb2,2,3,0,0
Gm15523,0,1,0,0
Otub2,31,26,16,28
Ddx24,640,565,501,1231
Ifi27,47,46,22,75
Ppp4r4,518,516,551,1205
Serpina10,239,374,405,613
Serpina1b,2,0,2,0
Serpina3g,3,2,0,0
Serpina3n,0,0,0,1
Dicer1,1119,1212,1065,2263
6230426M11Rik,4,8,11,10
Clmn,71,97,123,116
Gm28875,2,2,0,5
Syne3,46,37,36,61
Gm47648,6,1,12,17
Snhg10,5,12,13,18
Glrx5,40,52,17,47
Tunar,0,0,0,1
D430019H16Rik,57,14,38,63
Bdkrb2,16,12,3,18
Bdkrb1,0,0,0,0
Atg2b,742,625,595,1175
Gskip,47,66,57,129
Ak7,23,16,29,65
Papola,1821,2391,1820,3756
Vrk1,177,213,150,331
Gm46378,6,3,1,13
Bcl11b,70,103,1,13
Setd3,714,720,588,1304
Ccnk,403,255,300,741
Ccdc85c,143,164,109,192
Hhipl1,1,0,0,0
Cyp46a1,66,47,60,118
Eml1,447,465,383,866
Gm16596,0,3,2,4
Evl,716,696,741,1375
Degs2,8,25,17,25
Gm40572,21,12,43,32
Yy1,640,695,544,1217
Slc25a29,15,19,14,15
Slc25a47,24,48,30,55
Wars1,129,168,97,221
Wdr25,350,396,282,580
Begain,1,2,0,3
Dlk1,0,1,6,0
Gm34081,10,9,14,8
Meg3,24303,27789,21659,44284
Rtl1,39,55,54,128
Rian,3249,4684,3518,6626
B830012L14Rik,790,1189,967,2010
Mirg,235,280,231,509
Ppp2r5c,1102,1365,1017,2234
Gm19605,56,96,55,126
9430024F10Rik,2,9,9,18
B930059L03Rik,2,4,3,2
Dync1h1,1303,1226,963,1816
1700001K19Rik,25,18,7,44
Hsp90aa1,2109,1633,1180,2059
Wdr20,661,755,640,1230
Mok,201,169,246,313
Gm26912,0,2,3,2
Zfp839,55,79,60,129
Cinp,26,74,54,82
Tecpr2,324,353,248,508
Ankrd9,2,0,0,0
Rcor1,815,925,658,1334
4930595D18Rik,25,53,44,66
Traf3,1187,1429,1151,2245
A230087F16Rik,4,7,3,8
Cdc42bpb,705,694,545,1045
Exoc3l4,3,3,0,3
Tnfaip2,16,7,6,38
Gm40578,1,2,0,4
Gm56546,10,35,25,36
Eif5,1488,918,1153,2410
2810029C07Rik,14,22,10,35
Mark3,1661,1760,1423,2955
Gm48286,2,5,6,9
Ckb,63,37,34,89
Trmt61a,5,13,10,15
Bag5,26,33,29,58
Coa8,191,236,160,273
Gm15996,3,2,1,11
Klc1,1105,1123,939,1860
Xrcc3,25,27,16,35
Zfyve21,60,77,79,108
Ppp1r13b,781,1105,751,1519
5033406O09Rik,4,8,1,4
Atp5mpl,12,39,28,43
Tdrd9,6,3,2,6
Kif26a,0,0,0,1
Tmem179,4,13,1,10
Inf2,3,6,0,4
Adssl1,1,2,6,5
Siva1,13,12,11,23
Akt1,87,94,79,133
Zbtb42,3,0,5,0
Cep170b,152,176,100,256
Pld4,3,6,3,3
Ahnak2,21,28,39,20
Clba1,13,14,14,31
Cdca4,3,12,5,3
Gm56552,0,7,3,1
Gpr132,30,33,1,1
Jag2,23,13,12,17
Nudt14,14,19,9,31
Gm26583,2,2,3,4
Brf1,520,496,371,859
Btbd6,10,12,10,28
9230104M06Rik,1,1,1,4
Pacs2,295,290,210,443
Tex22,5,4,3,8
Mta1,191,263,178,372
Crip2,21,4,16,46
Crip1,8,19,25,33
Gm56538,2,0,6,2
Tedc1,7,10,13,20
Tmem121,7,8,1,0
Ighd,22,9,0,0
Ighm,60,161,20,0
Gm56536,5,6,0,0
Zfp386,115,174,151,252
Vipr2,10,31,34,25
Gm20658,0,0,1,2
Dync2i1,216,216,146,327
Gm48079,4,0,2,2
Esyt2,1509,1627,1601,3139
D430020J02Rik,4,4,7,13
Ncapg2,60,80,107,154
Ptprn2,52011,57831,53549,109712
Gm10421,6,15,15,26
Gm5441,127,214,323,541
Rapgef5,47,34,3,60
Cdca7l,12,11,5,15
Dnah11,544,669,480,794
Gm49602,29,28,34,70
Sp4,601,556,648,1303
Gm56549,36,73,68,94
Itgb8,69,56,6,42
Macc1,7,2,13,4
Tmem196,3,13,2,16
Gdi2,483,566,570,1031
Tasor2,906,792,827,1562
Asb13,68,135,76,114
Net1,29,32,28,47
Ucn3,36,24,1,17
Akr1c14,34,49,27,67
Gm47904,3,1,2,8
Akr1c13,26,28,48,58
Akr1c19,156,189,303,476
Akr1c12,139,134,135,286
Akr1e1,136,165,125,239
Gm5444,0,5,1,9
Gm47450,1,0,0,2
Klf6,252,358,510,347
Pitrm1,207,220,223,344
Pfkp,329,237,211,494
Gm40662,1,1,0,2
Adarb2,1100,68,171,1942
Wdr37,493,472,459,955
Idi1,15,36,50,90
Gtpbp4,264,227,217,570
Gm36264,16,10,12,31
Larp4b,1177,1351,1266,2553
A130023E24Rik,76,72,44,96
Dip2c,6263,7777,5583,13023
Gm36423,2,5,0,16
Zmynd11,1567,1545,1436,3042
Gm47802,8,13,17,31
Chrm3,1223,1249,160,892
Gm47405,14,27,3,15
Gm47404,6,3,0,4
Gm26861,1,6,0,15
Ryr2,3,0,0,0
Mtr,309,289,258,606
Actn2,127,122,347,329
Heatr1,176,153,110,291
Lgals8,400,463,391,801
Edaradd,6,49,26,19
Gm30239,11,7,5,3
Ero1b,2764,4853,2382,5184
ENSMUSG00000121485,219,291,195,470
Prl2c3,1,11,6,3
Gpr137b,189,231,216,447
Nid1,357,442,266,908
Gm48682,8,7,5,18
Lyst,1185,1255,999,2190
Gng4,707,1432,920,1904
Gm47882,93,93,90,169
B3galnt2,185,264,198,409
Tbce,588,625,584,1096
Ggps1,522,557,668,1279
Arid4b,2564,2086,2094,4396
Gm48027,70,59,64,125
Hecw1,2,1,0,1
Mrpl32,10,25,13,16
Psma2,130,167,125,240
AW209491,9,36,20,28
Gli3,2,0,1,5
4933412O06Rik,1,0,1,1
Inhba,6,7,1,4
Gm48492,3,3,4,2
Sugct,816,834,1151,1558
Gm48503,0,4,2,2
Mplkip,39,128,77,123
Cdk13,1742,1634,1723,3714
Rala,334,391,349,562
Gm48754,1,2,2,2
Yae1d1,23,76,44,58
Gm48799,2,2,2,3
4930448F12Rik,8,8,12,31
Pou6f2,4912,4972,4306,10117
Gm48829,0,0,0,0
Vps41,1454,1604,1295,2854
Amph,1380,2523,1782,2547
Gm47658,1,0,2,2
Gm47661,13,22,13,19
Stard3nl,83,121,103,195
Epdr1,3,5,3,2
Gpr141,0,1,0,0
Elmo1,527,549,58,559
Gm32036,3,16,0,3
Gm47664,17,14,1,38
Aoah,4,2,1,3
Gm47806,4,4,4,1
Trim27,80,161,82,165
Zscan12,70,80,68,142
Zkscan3,424,764,560,1162
Pgbd1,31,48,36,62
4930470G03Rik,5,19,5,14
Zscan26,486,593,553,861
Nkapl,11,26,12,17
Zkscan4,5,8,4,2
AK157302,2,3,6,6
Cox5b-ps,2,3,4,1
Zkscan8,69,109,100,163
H2ac13,1,0,3,0
H4c11,0,0,0,0
H2ac15,2,7,2,0
H2bc15,3,2,6,8
H1f5,26,51,54,100
H3c11,2,5,3,5
H2ac22,0,3,1,2
H4c18,0,4,0,0
H2ac24,4,1,1,1
H2bc24,4,1,0,7
Zfp184,80,36,78,247
Prss16,1,3,0,2
Gm11290,16,25,20,19
H4c9,2,3,2,10
H2bc11,3,0,3,1
4930586N03Rik,4,10,8,11
Zfp322a,100,163,97,193
Abt1,17,19,22,33
C230035I16Rik,3,8,7,5
Gm46404,24,34,12,26
Gm11335,0,0,0,2
H4c8,4,3,2,1
H2bc9,0,2,0,1
H3c7,2,7,4,0
H1f3,136,311,208,188
H3c6,6,26,23,15
H2ac8,5,8,5,10
H2bc8,16,18,38,36
H2ac7,10,9,14,18
H3c4,21,35,25,33
H4c4,23,39,46,51
H2bc6,290,327,283,640
H1f4,611,789,637,870
H2ac6,53,169,65,62
H2bc4,876,1638,1299,1317
H1f6,2,4,1,1
H4c3,8,16,11,10
Hfe,10,17,24,37
H1f2,256,381,292,366
H2bc3,1,5,2,5
H2ac4,0,2,1,6
H4c1,3,3,3,4
H3c1,9,9,10,22
H1f1,2,3,7,1
Trim38,3,1,5,0
Slc17a2,1,3,1,3
Slc17a4,12,13,14,15
Scgn,875,1005,1202,2107
Gm11339,43,80,85,150
Carmil1,2738,3124,2455,6748
Cmah,68,39,2,1
Gm11342,2,5,2,0
Ripor2,202,167,7,32
Gmnn,14,22,11,28
BC005537,1004,872,857,2155
Acot13,35,89,61,71
Tdp2,100,122,112,196
D130043K22Rik,82,87,72,177
4932702P03Rik,2,2,1,1
Aldh5a1,98,130,150,232
9330162012Rik,28,42,40,97
Gpld1,199,174,269,443
Mrs2,180,313,189,383
Dcdc2a,56,52,25,73
Nrsn1,29,46,25,65
Gm40841,1,1,0,0
2610307P16Rik,5,22,1,15
Sox4,43,68,38,37
A330102I10Rik,11,9,25,54
Cdkal1,1640,1980,1496,3335
E2f3,316,553,276,537
Mboat1,17,21,8,30
Agtr1a,0,2,0,0
Gm48161,0,1,1,0
Uqcrfs1,37,45,61,50
Dusp22,103,172,116,239
Irf4,10,20,0,0
Gm29675,10,14,5,14
Exoc2,971,1042,918,1994
Hus1b,3,5,1,9
Gm11379,0,1,1,1
Foxc1,1,4,4,2
Gmds,2150,4639,3163,5234
Wrnip1,130,89,112,224
Serpinb1a,5,1,0,0
Serpinb6b,2,0,3,0
Serpinb9,6,20,11,22
Serpinb6c,2,2,3,4
Serpinb6a,410,474,585,936
1110046J04Rik,55,61,98,189
Nqo2,20,29,18,33
Ripk1,393,262,409,929
Bphl,178,247,264,482
Tubb2a,253,233,309,709
4930447K03Rik,5,5,3,5
Tubb2b,10,3,5,8
Gm36500,2,2,2,1
Psmg4,34,46,35,82
Slc22a23,966,1024,621,1345
Pxdc1,9,4,3,8
Gm36839,9,31,15,26
Prpf4b,2055,2182,1911,3586
Fam217a,9,15,10,15
Tex56,1,1,0,0
Eci3,7,5,12,15
Gm16984,16,8,11,34
Eci2,293,313,431,709
Gm40910,4,5,3,10
Cdyl,544,606,484,1071
Gm48708,0,5,3,7
Rpp40,15,16,14,21
Gm48746,0,2,6,0
Lyrm4,193,166,172,357
Gm48770,4,5,8,12
Gm48765,17,51,55,75
Fars2,2604,2764,2677,5577
Gm46409,4,4,4,5
Nrn1,3,0,0,0
F13a1,2,2,0,0
Ly86,12,7,0,1
Gm47734,2,3,3,5
Gm47754,0,0,0,0
Gm40918,21,25,16,41
Rreb1,1288,1693,1293,2122
Gm46411,1,3,2,1
Ssr1,473,584,467,933
Cage1,40,58,37,65
Riok1,411,432,407,787
Dsp,44,35,72,41
Snrnp48,418,549,443,785
Gm47990,0,1,0,1
Bmp6,19,17,4,34
Txndc5,213,279,229,444
Gm31834,1,3,2,1
Bloc1s5,95,90,86,171
Eef1e1,12,27,7,20
Gm47509,1,2,1,0
Slc35b3,157,237,177,333
5033403F01Rik,14,17,16,30
Ofcc1,1,3,3,6
Tfap2a,0,1,0,0
Gcnt2,3041,2952,3133,10030
Gm31683,14,22,23,79
A730081D07Rik,56,74,46,57
Pak1ip1,141,112,146,262
Tmem14c,12,31,21,27
Mak,27,16,37,56
Elovl2,60,167,136,256
Gm32063,26,79,29,60
Smim13,130,203,173,220
Nedd9,809,600,804,2066
Gm26877,2,2,2,1
Gm32401,6,3,0,0
Gm32184,2,1,0,0
Tmem170b,194,261,255,604
Gm28707,4,9,2,7
Hivep1,960,940,735,2192
Edn1,0,0,0,0
Phactr1,12490,15587,7295,19216
Gm15810,20,56,12,29
Gm15809,11,15,8,15
Gm15813,2,8,5,9
Tbc1d7,25,55,48,53
Gfod1,511,559,447,669
Sirt5,52,110,87,96
Nol7,94,116,113,164
Ranbp9,1466,1531,1336,2685
Mcur1,169,210,146,333
Rnf182,40,39,13,34
Gm47728,1,1,2,4
Gm20751,3,1,3,6
Cd83,82,74,55,61
Gm33195,15,11,9,11
Jarid2,2147,2480,2676,4886
Dtnbp1,291,330,290,634
Mylip,110,126,110,216
Gmpr,446,393,345,953
Atxn1,5570,6093,4939,11058
Gm47460,6,22,10,38
5033430I15Rik,20,19,36,34
Gm10113,1,3,4,6
Rbm24,76,121,79,130
Cap2,445,582,484,810
Gm47523,1,7,2,7
Fam8a1,138,170,170,294
Nup153,810,584,717,1840
Gm46412,14,13,20,14
Kif13a,701,743,697,1258
Gm48250,8,16,9,17
2010001K21Rik,2,1,7,4
Nhlrc1,1,3,4,2
Tpmt,14,19,20,23
Kdm1b,44,50,58,97
Dek,357,255,281,557
1700026N04Rik,1,3,1,0
Rnf144b,1,2,4,8
4931429P17Rik,9,10,8,26
Id4,13,8,13,26
Zfp169,223,225,213,419
6720427I07Rik,194,250,347,611
Ptpdc1,173,182,191,335
Phf2,436,500,375,691
Phf2os1,32,40,33,68
Fam120a,1642,1789,1512,2945
Fam120aos,12,21,20,34
Wnk2,1423,1484,1058,2604
Ninj1,57,63,65,143
Card19,38,45,46,77
Susd3,4,1,1,1
Fgd3,28,16,1,2
Bicd2,67,91,42,96
Ippk,294,396,305,534
Cenpp,108,132,115,302
Tes3-ps,2,4,3,1
Ecm2,17,7,10,10
Aspn,3,4,2,6
Ogn,0,1,1,1
Nol8,178,205,172,328
Iars,390,338,246,638
Gm8739,2,5,2,6
Fbxw17,39,64,33,67
Spin1,197,190,200,328
S1pr3,0,4,0,1
Shc3,19,72,23,30
Cks2,5,6,1,0
Secisbp2,351,366,260,636
Sema4d,444,393,329,726
Gadd45g,139,184,141,240
4921525O09Rik,2,4,2,4
Diras2,5,2,5,37
Gm56592,10,0,0,0
Gm2848,0,4,0,0
Syk,79,57,0,4
Auh,748,695,691,1312
Nfil3,709,291,396,762
Gm33424,4,11,34,57
Ror2,1628,2894,1787,4006
Sptlc1,230,277,233,568
Gm2762,7,3,0,8
Sfxn1,404,440,396,758
Hrh2,7,11,11,8
Gm48623,36,49,24,74
Gm48622,2,5,3,9
Cplx2,586,710,825,1174
Thoc3,38,65,43,57
Simc1,473,528,461,769
4833439L19Rik,205,257,158,338
Arl10,10,29,32,35
Gm56582,5,11,8,12
Nop16,17,18,6,20
Higd2a,14,17,19,18
Cltb,412,335,378,945
Faf2,855,661,838,2046
Rnf44,106,139,89,226
Cdhr2,11,11,7,11
Gprin1,68,78,51,91
Sncb,35,42,17,56
Tspan17,46,56,53,82
Unc5a,96,106,91,138
Hk3,2,6,7,25
Uimc1,778,888,917,1631
Zfp346,282,326,306,497
Fgfr4,7,4,6,8
Nsd1,3382,3514,2774,5682
Rab24,105,140,120,224
Prelid1,38,38,29,61
Mxd3,1,0,2,3
Lman2,140,204,152,273
Rgs14,1,2,0,0
Slc34a1,3,2,1,0
Grk6,132,152,94,199
Prr7,51,34,37,90
Dbn1,55,68,72,91
Pdlim7,146,99,137,299
Dok3,20,34,17,35
Ddx41,100,159,86,209
Fam193b,816,1042,543,1130
Tmed9,217,370,328,508
B4galt7,36,65,27,77
Caml,111,145,110,201
Ddx46,644,717,435,853
B230219D22Rik,130,235,173,352
Txndc15,73,101,91,145
Pcbd2,232,336,306,407
Catsper3,41,41,50,97
Gm47071,698,723,821,1407
Macroh2a1,1160,1258,828,2008
Tifab,1,0,0,0
Fbxl21,23,16,28,22
Tgfbi,1,3,1,1
Smad5,232,273,233,436
Smim32,0,1,0,0
Trpc7,210,197,186,296
Spock1,264,404,45,243
Klhl3,434,407,471,885
Hnrnpa0,39,68,64,77
Gm56576,1,6,8,12
Idnk,78,98,81,154
Ubqln1,469,371,389,773
Gm48357,8,7,10,13
Gm56570,4,3,2,3
Gkap1,370,346,441,709
Gm26555,5,11,8,10
Kif27,36,35,73,122
2210016F16Rik,21,30,25,46
Hnrnpk,702,618,619,1372
Rmi1,84,95,67,135
Slc28a3,3,8,4,4
Ntrk2,200,444,126,332
Gm47423,1,5,1,9
4930415C11Rik,1,2,0,1
Gm34354,0,0,0,2
Gm47359,2,2,1,0
Agtpbp1,839,1080,771,1758
Naa35,419,455,330,741
Golm1,152,217,131,350
Spata31d1a,0,7,14,11
1700014D04Rik,0,4,2,6
Isca1,488,240,421,884
Etohd2,20,29,18,39
Tut7,1402,1560,1422,2709
Gm48194,0,3,3,2
Gm34961,14,22,12,22
Gas1,0,0,0,0
Gm48500,3,6,13,15
A530001N23Rik,1,4,8,4
Dapk1,2373,2474,2257,4519
4930486L24Rik,0,0,0,0
Ctla2b,1,0,0,0
Ctla2a,7,2,0,15
Gm49357,1,2,3,2
Gm48228,2,4,9,2
Zfp808,151,171,138,240
Gm3604,10,9,14,22
Zfp935,57,101,85,115
Zfp934,233,257,272,405
6720489N17Rik,6,6,12,3
Platr25,170,138,159,349
Gm5141,28,41,37,45
Fbp1,52,93,109,182
Aopep,2933,2887,2701,6529
Fancc,555,570,510,1076
Gm16133,10,2,4,6
Gm16132,0,1,0,4
Ptch1,484,423,501,750
C030010C08Rik,7,7,4,9
Ercc6l2,606,641,642,1186
Gm47424,2,2,1,5
Hsd17b3,15,14,31,34
Slc35d2,123,156,116,222
Zfp367,74,62,63,127
Habp4,125,181,169,259
Cdc14b,1024,950,874,2005
1810034E14Rik,72,63,99,161
Prxl2c,310,338,368,703
Gm47003,1,1,11,8
Ctsl,191,173,299,521
Gm47123,3,1,3,4
Cdk20,24,30,22,36
Gm31218,1,1,0,3
Mfsd14b,390,330,395,819
Nlrp4f,5,0,0,7
Gm36445,80,53,90,163
Gm10775,8,9,11,9
Gm56590,10,25,14,21
Zfp369,203,276,222,455
Uqcrb,22,54,31,61
Gm10767,8,16,11,5
Mterf3,182,216,187,357
Ptdss1,265,212,238,521
4933433G19Rik,11,17,19,29
Zfp712,10,19,22,13
Gm46440,51,52,57,70
Zfp708,11,28,14,23
Rslcan18,5,8,10,8
Zfp759,18,32,11,22
Rsl1,4,16,5,5
Zfp455,6,8,6,7
Gm49064,7,7,2,9
Zfp458,74,109,55,114
Zfp457,16,28,14,40
Gm48824,1,1,1,5
Zfp595,53,82,46,116
Zfp953,27,26,18,29
Zfp456,2,1,3,1
Zfp429,14,12,4,4
Gm48900,0,1,3,0
Zfp459,5,12,6,20
Zfp874a,16,27,21,43
Zfp874b,26,44,20,36
Zfp58,42,49,33,73
Zfp87,8,24,8,14
Zfp748,15,26,13,20
9430065F17Rik,14,37,36,37
Zfp729b,53,101,56,99
Zfp729a,77,91,79,116
Zfp738,129,194,141,216
Zfp65,41,60,42,40
Zfp85os,28,31,21,21
Zfp85,4,8,1,4
Zfp493,3,5,5,3
4930525G20Rik,20,33,14,14
Zfp273,7,23,6,8
Gm10037,19,20,8,16
Mtrr,47,51,41,101
Fastkd3,9,16,7,11
Adcy2,35,95,37,131
Gm35161,0,1,0,1
Tent4a,129,112,72,190
Nsun2,165,201,176,341
A530095I07Rik,2,2,2,2
Srd5a1,3,11,7,6
Gm17108,4,4,3,17
Ube2ql1,13,6,5,21
Med10,40,37,21,56
Gm3772,3,1,2,0
AU017674,1,3,1,0
Ice1,552,617,429,992
Adamts16,2,0,0,1
Gm40999,142,334,263,680
Irx1,152,332,178,292
Gm20554,88,193,131,182
Irx2,475,828,573,924
Ndufs6,17,38,17,44
Mrpl36,12,19,22,20
Lpcat1,104,140,75,177
Clptm1l,140,210,134,315
Tert,118,162,102,194
Slc6a19,4,6,0,2
Slc6a19os,3,0,0,0
Slc12a7,113,51,57,124
Nkd2,0,2,3,1
Trip13,9,11,19,24
Brd9,240,218,229,446
Zdhhc11,2,1,0,2
Gm15912,0,0,1,1
Tppp,5,1,3,6
Cep72,9,11,13,28
Exoc3,405,497,428,854
Ahrr,0,0,0,3
Pdcd6,217,183,249,542
Sdha,500,584,554,994
Ccdc127,78,159,130,190
Lrrc14b,1,2,1,2
Zfp72,20,19,17,19
Ftl1-ps1,9,7,6,13
E430024I08Rik,117,185,153,235
Zfp825,34,46,40,49
Gm47467,7,15,16,28
Gm47469,21,35,39,59
Gm46430,74,91,70,118
Gm56577,3,2,1,7
Erap1,287,315,317,648
Cast,330,284,266,735
Pcsk1,118,175,29,153
1700037F03Rik,17,37,44,45
Ell2,1039,1373,1131,2579
Gm48302,16,29,20,65
Glrx,23,34,19,14
Rhobtb3,257,370,336,663
Rfesd,37,89,49,78
Arsk,46,60,48,95
Skic3,758,922,801,1560
Mctp1,189,266,109,426
Slf1,573,460,635,1022
2210408I21Rik,2295,3064,2832,5355
Fam172a,4343,4482,4877,9175
Pou5f2,46,54,45,147
Gm38604,29,42,58,83
3110006O06Rik,6,3,10,36
Nr2f1,0,0,0,0
A830082K12Rik,1,4,0,2
Gm32067,1,1,5,1
Gm28526,3,3,1,7
Arrdc3,384,309,500,845
1700023H06Rik,18,19,14,27
Gm4211,7,7,2,9
9330111N05Rik,90,104,128,221
Adgrv1,304,213,160,420
Lysmd3,448,388,449,930
Polr3g,78,82,74,124
Mblac2,245,371,306,532
Gm17259,6,24,13,25
Cetn3,65,69,51,128
Gm48155,0,0,0,1
2310067P03Rik,0,2,0,1
Mef2c,223,205,20,83
Gm55122,4,9,2,0
C130071C03Rik,10,3,0,6
A230107N01Rik,0,6,1,0
Tmem161b,378,429,392,640
Gm49223,4,3,2,4
Ccnh,188,284,294,480
Rasa1,1025,945,948,1882
Cox7c,135,235,193,288
Edil3,163,28,27,272
Hapln1,155,329,216,449
Vcan,68,80,47,81
Gm4117,161,364,46,349
Xrcc4,1133,1133,1134,2067
Tmem167,350,507,409,870
Rps23,141,202,215,246
Atg10,1348,1406,1544,2744
A830009L08Rik,2,3,0,4
Ssbp2,2180,1874,1876,3915
4833422C13Rik,25,17,48,47
Acot12,3,3,5,9
Zcchc9,156,167,153,317
Ckmt2,18,13,10,44
1700119I11Rik,0,1,0,0
Rasgrf2,3389,4161,3233,8428
Msh3,438,505,479,1088
Gm20379,1,1,1,2
Dhfr,36,43,35,107
Ankrd34b,2,2,1,7
Fam151b,92,79,46,137
Zfyve16,378,418,344,745
Gm56588,4,11,8,11
Serinc5,810,997,816,1776
Mtx3,104,110,124,247
Cmya5,185,210,179,385
Gm4814,10,10,22,15
Tent2,692,804,827,1650
Homer1,319,428,517,1328
Jmy,887,650,883,2005
Bhmt2,0,2,1,2
Arsb,1095,966,1066,2045
Lhfpl2,192,339,177,280
Scamp1,925,835,758,1885
Gm32089,9,4,12,19
Gm9776,6,7,2,7
Ap3b1,1221,1427,1180,2403
Tbca,203,357,282,427
Wdr41,355,437,323,689
Gm48350,2,4,9,12
Gm48420,12,11,14,30
Pde8b,88,156,187,190
Zbed3,50,53,56,81
Aggf1,196,254,192,418
Crhbp,3,0,1,6
S100z,1,0,0,2
F2rl1,17,16,9,30
F2r,0,5,0,3
Iqgap2,47,79,11,31
Gm32702,5,3,1,0
Sv2c,12,22,8,64
Btf3l4b,0,0,1,1
Poc5,171,179,201,354
Ankdd1b,1,6,3,3
Polk,257,334,397,601
Cert1,1348,1280,1237,2558
Hmgcr,373,483,436,998
Ankrd31,4,2,0,1
Gcnt4,152,130,173,266
Fam169a,221,198,155,399
Nsa2,128,156,133,108
Gfm2,444,512,410,807
Hexb,61,54,83,134
Enc1,2,20,7,17
Gm56591,1,1,0,0
Gm33447,0,3,0,0
Lncenc1,1,2,0,9
Gm5086,1,1,2,0
Gm41031,8,1,3,1
Gm34388,3,4,9,7
Arhgef28,1487,1393,1470,2765
Utp15,109,60,99,235
Ankra2,118,159,153,320
Btf3,216,182,190,547
Gm9828,13,41,16,41
Gm9465,2,1,1,4
Fcho2,1388,1535,1499,3215
D130062J10Rik,22,22,35,60
Gm47551,4,4,4,10
Tnpo1,2105,2282,2110,4589
Gm35215,1,2,2,3
2310020H05Rik,1,2,0,3
Zfp366,9,16,0,1
Ptcd2,64,75,62,90
Mrps27,143,226,161,303
6430562O15Rik,6,10,9,17
Map1b,3638,3774,3174,6003
Gm26559,21,43,68,65
Cartpt,8,2,39,6
Mccc2,232,315,258,500
Bdp1,1261,1131,1093,2236
Serf1,5,10,9,14
Smn1,88,100,78,187
Naip2,220,239,231,414
Naip5,22,18,12,31
Gm56585,0,0,1,3
Naip6,3,4,6,7
Gtf2h2,196,251,155,290
Ocln,35,22,10,46
Gm48596,1,0,1,0
Marveld2,115,111,77,199
Rad17,239,285,246,416
Ak6,15,22,12,24
Taf9,2,2,8,5
Ccdc125,6,15,9,7
Cdk7,327,443,466,696
Mrps36,27,29,25,56
Cenph,9,11,12,23
Slc30a5,531,589,557,1187
Gm29502,2,3,2,0
Pik3r1,1278,873,849,2976
Cd180,19,15,7,10
Mast4,12408,17401,11774,23332
Gm17160,2,1,1,0
Gm30551,720,977,909,1153
Srek1,2708,2554,2607,5212
Gm52054,1,2,3,4
Erbin,1746,1569,1643,3401
Gm47849,7,5,17,16
Nln,87,140,114,219
Sgtb,129,148,247,457
Trappc13,171,283,143,279
Shld3,16,11,9,27
Trim23,281,286,379,660
Ppwd1,219,226,256,431
Cenpk,27,26,15,34
Adamts6,963,1024,911,2330
Gm56573,15,15,18,31
Cwc27,1078,1075,1076,1989
2610204G07Rik,5,8,3,8
Srek1ip1,82,148,93,150
Shisal2b,22,45,20,48
Rgs7bp,913,773,753,2291
Rnf180,567,422,675,1308
Ipo11,451,504,513,1082
Dimt1,112,130,99,188
Kif2a,562,617,464,1047
3830408C21Rik,35,52,49,69
Gm48684,2,0,3,3
Gm31452,2,2,4,7
AI197445,1,2,8,1
Zswim6,1088,705,839,2562
Ndufaf2,215,253,220,411
Smim15,13,17,16,16
Ercc8,76,106,72,137
Elovl7,108,145,167,239
Pde4d,28674,38222,21964,60048
Rab3c,2279,2744,2148,5586
Plk2,211,151,217,338
Gpbp1,824,851,825,1868
Mier3,199,226,201,385
Map3k1,535,573,425,921
Gm15327,13,14,27,36
Gm15326,5,11,6,18
Ankrd55,79,70,180,152
6720470G18Rik,3,0,2,3
Il6st,442,442,549,828
Il31ra,58,29,29,14
Ddx4,5,8,4,8
Slc38a9,455,488,544,865
Gm47827,2,10,4,4
Plpp1,58,40,26,107
Mtrex,491,461,472,991
Dhx29,147,211,123,237
Ccno,4,1,3,5
Gpx8,0,1,0,0
Gzmk,1,19,3,3
Esm1,14,28,0,13
Cspg4b,73,77,114,150
Gm34471,27,13,21,52
Snx18,731,659,463,969
Arl15,2573,3277,2659,5040
A430090L17Rik,8,24,22,32
Ndufs4,925,1009,1016,2002
Mocs2,84,105,69,152
Itga2,13,17,4,7
Itga1,16,25,2,10
Pelo,13,26,17,19
Gm10734,7,3,1,4
Isl1,1816,2196,1601,3196
Gm47914,28,17,23,50
4930435F18Rik,3,2,0,17
Parp8,3038,4017,2744,6185
Emb,1168,1367,1328,2295
Gm17509,0,4,4,4
Hcn1,540,409,100,1004
Mrps30,44,38,41,73
Nnt,28,38,44,58
Paip1,300,330,264,588
4833420G17Rik,560,549,532,1014
Gm9752,3,4,6,2
Tmem267,13,13,5,23
Ccl28,12,24,10,31
Hmgcs1,160,210,171,373
Gm48342,1,1,3,10
Nim1k,180,157,177,280
Gm41077,132,253,221,319
Zfp131,328,314,287,804
Gm56589,1,0,2,2
Gm48099,6,1,0,0
Ube2e2,4209,4817,4179,8286
Ube2e1,484,573,490,984
Nkiras1,132,149,126,229
Rpl15,129,176,142,196
Nr1d2,1019,813,1209,3129
Thrb,2376,3289,2697,5097
Gm48321,20,45,41,65
Rarb,607,338,285,1424
Top2b,1284,1193,1137,2364
Gm48163,24,14,12,26
Ngly1,353,390,391,721
Gm47798,11,8,11,26
5430414B19Rik,4,3,6,4
Oxsm,11,16,6,15
Gm47782,5,14,0,1
B230110C06Rik,0,1,0,1
Lrrc3b,5,11,1,5
Nek10,227,297,263,573
Slc4a7,884,1119,685,1463
Il3ra,26,13,15,32
Gm48860,47,43,50,76
Gm48857,2,2,0,0
Or2t6,0,0,1,1
Psmd6,109,136,108,213
Atxn7,1705,1598,1586,3818
Thoc7,230,278,215,374
Gm11100,2,2,6,4
Cdhr18,42,23,27,20
Synpr,1694,2620,1552,2798
Gm5087,22,59,15,38
Cadps,15681,12977,17543,30210
Gm48239,18,27,33,42
D030051J21Rik,7,4,12,15
3830406C13Rik,157,196,231,374
ENSMUSG00000121513,963,2445,1485,1692
Gm3839,1,5,1,1
Fhit,8222,8691,8996,17718
Fhitos,16,12,15,32
Cfap20dc,91,89,106,211
Fam3d,23,50,30,47
2610318M16Rik,2,4,4,9
Fam107a,6,10,7,16
Kctd6,36,45,36,88
Pdhb,237,229,242,538
Pxk,854,1086,540,1370
Rpp14,53,68,54,113
Abhd6,329,345,335,587
Dnase1l3,5,3,0,0
Flnb,2011,1459,1431,4464
ENSMUSG00000121456,89,98,112,168
Gm16741,10,8,13,20
Gm3558,1,0,0,0
Gm3739,1,4,0,1
Gm3696,1,0,0,1
Gm10406,0,0,0,0
Gm3667,1,3,1,3
Gm26680,0,1,1,0
Gm8206,0,2,0,1
Gm3373,2,0,0,1
Gm3264,1,0,0,0
Gm26655,1,0,1,1
2610042L04Rik,2,1,0,0
Gm2974,0,1,0,0
Gm8108,0,0,0,0
Gm3095,1,2,0,4
Gm2897,3,3,2,7
Gm2237,1,0,0,0
Nid2,2,2,0,4
Rtraf,81,106,100,163
Gng2,313,423,334,558
Saysd1,22,49,25,47
Gm56764,12,28,28,27
Kcnk5,4,4,0,5
Kcnk16,187,369,340,501
Nudt13,334,389,379,637
Ecd,300,316,281,608
Fam149b,321,439,402,632
Gm30054,45,37,49,72
Dnajc9,37,55,34,62
Mrps16,11,40,17,34
Cfap70,82,54,61,138
Anxa7,323,428,358,837
Mss51,52,85,41,99
Ppp3cb,575,807,640,1278
1810062O18Rik,56,68,87,129
Usp54,311,279,278,627
2810402E24Rik,56,83,58,96
Sec24c,375,498,331,768
6230400D17Rik,55,76,99,139
Fut11,33,44,23,78
Chchd1,43,44,45,71
Zswim8,568,562,468,912
Ndst2,53,46,50,98
Camk2g,505,614,492,1021
Plau,0,0,0,0
Vcl,733,378,1431,2845
Ap3m1,258,435,338,538
Adk,3684,4585,4399,8995
Gm30363,13,11,10,26
Kat6b,1694,1600,1475,3267
Samd8,310,295,248,509
Vdac2,89,156,103,183
Comtd1,4,5,5,2
A430057M04Rik,1,0,0,3
Zfp503,0,6,1,0
Lrmda,578,747,297,695
4930405A10Rik,1,1,1,0
Gm47601,2,2,0,2
Kcnma1,8825,12564,9383,20091
4930519K11Rik,14,17,10,13
Gm52992,17,30,27,40
Dlg5,521,557,427,894
Gm47814,12,22,20,36
Polr3a,206,207,185,325
Rps24,327,557,383,540
4930428N03Rik,41,54,40,60
Gm32123,4,1,1,2
Gm32224,3,1,1,0
Zmiz1os1,151,165,218,303
Gm26660,48,30,44,84
Gm41113,1,1,2,4
Zmiz1,1334,1476,1033,1969
Gm47920,18,19,6,11
Gm56760,1,0,7,2
Ppif,15,12,27,37
Zcchc24,0,1,0,2
Anxa11,155,179,179,342
Anxa11os,3,5,2,5
Plac9,4,8,1,0
Tmem254,13,18,14,23
Duxbl1,43,9,15,53
4933413J09Rik,1,0,4,2
Slmap,1284,1198,1267,2515
Dennd6a,510,715,589,1050
Arf4os,7,9,11,18
Arf4,1689,1330,1923,3711
Pde12,31,33,45,79
9930004E17Rik,2,2,0,3
Dnah12,4,6,1,14
Asb14,1,4,0,5
Appl1,888,746,867,1671
Il17rd,32,15,12,37
Arhgef3,451,564,600,1136
Tasor,1676,1844,1441,2942
Ccdc66,258,348,241,405
Erc2,1838,2419,1381,3076
Gm45645,2,7,4,6
Wnt5a,7,8,10,19
Cacna2d3,890,1039,717,1543
Lrtm1,3,3,8,8
Gm48006,0,1,0,2
Gm48003,0,4,2,10
Gm47414,7,7,5,12
Selenok,362,467,387,659
Actr8,154,199,168,336
Il17rb,1,6,4,9
Chdh,20,29,16,37
Cacna1d,9099,9966,7902,17680
Gm50467,24,38,38,88
Dcp1a,430,565,501,892
Tkt,39,54,63,77
Prkcd,96,100,84,123
Gm7644,0,2,2,3
Rft1,126,157,155,217
Sfmbt1,1556,1562,1502,2725
1700087M22Rik,21,24,25,42
Stimate,80,100,65,160
Mustn1,0,0,0,5
Itih4,3,0,1,2
Itih1,2,1,0,0
Nek4,189,196,185,312
Spcs1,27,72,60,76
Glt8d1,258,410,305,572
Gnl3,483,463,601,1131
Pbrm1,1323,1344,1247,2358
Uqcc5,35,74,85,112
Nt5dc2,26,37,20,45
Stab1,9,7,4,43
Nisch,2582,2934,2408,5148
Tnnc1,19,13,14,41
Sema3g,1,1,2,6
Phf7,51,73,79,120
Bap1,77,51,65,163
Capn7,638,639,558,1212
Sh3bp5,103,97,49,106
Mettl6,185,137,154,307
Eaf1,73,112,59,120
Colq,2,0,0,6
Hacl1,100,130,195,246
Btd,30,32,26,49
Ankrd28,1060,1274,1163,2603
Galnt15,3,1,0,6
Dph3,197,177,224,504
Oxnad1,66,123,80,149
Ncoa4,90,115,69,169
Timm23,218,265,291,598
Parg,595,734,518,1222
Gm46447,11,15,18,17
Gm48914,5,12,10,15
Ogdhl,140,149,129,260
Ercc6,468,531,356,892
3425401B19Rik,23,30,20,64
Tmem273,1,0,2,1
Vstm4,4,3,0,9
Wdfy4,74,49,1,15
Lrrc18,43,36,62,153
Arhgap22,9,1,1,15
Gm15512,2,0,1,1
Mapk8,788,815,987,2132
Frmpd2,1,1,10,8
Gdf10,0,0,1,1
Gprin2,8,7,6,19
Syt15,0,2,2,8
Gm49201,1,4,6,7
Shld2,427,452,480,727
Glud1,1331,1277,1427,3001
Sncg,1,1,3,4
Mmrn2,7,4,3,13
Bmpr1a,1587,1748,1950,3409
Ldb3,10,21,16,24
5830448L01Rik,3,8,7,11
Wapl,1497,1282,1345,2691
Grid1,128,76,93,207
Ccser2,451,361,418,750
Cdhr1,13,10,13,40
Gpr15lg,1,1,1,14
Ghitm,166,124,218,431
Nrg3,74,111,206,170
Sh2d4b,9,9,8,25
Tspan14,149,171,119,244
Prxl2a,212,197,304,382
Gm47547,0,0,4,1
Dydc1,5,0,0,6
Mat1a,446,667,441,1249
Sftpa1,9,19,8,25
Sftpd,2,2,0,0
Gm2832,0,1,0,0
Gm7324,1,2,1,4
Gm49965,0,1,1,1
Ear1,0,1,1,1
Gm8113,0,0,0,2
Txndc16,321,273,365,604
Gpr137c,180,190,161,304
Ero1a,188,231,192,394
Psmc6,297,373,362,699
Styx,182,310,256,436
Gnpnat1,82,86,101,234
Fermt2,867,664,918,2102
4930527F14Rik,17,15,38,34
Gm15601,1,4,6,8
Ddhd1,889,1016,951,1780
Gm15218,0,4,1,2
Bmp4,0,0,0,0
Cnih1,47,62,85,111
Gmfb,207,247,207,457
Gm10101,0,10,1,0
Cgrrf1,96,120,113,211
Gm48949,7,7,0,7
Gm34934,5,0,4,9
Samd4,747,1124,731,1289
2810457G06Rik,1,5,3,9
Gm10371,5,1,4,3
Gch1,982,818,1094,2769
Wdhd1,113,77,96,149
Socs4,119,137,179,290
Mapk1ip1l,584,562,588,1340
Gm49189,17,23,25,57
Lgals3,0,7,1,2
Dlgap5,8,2,6,4
Fbxo34,566,825,734,1403
Gm35166,1,9,14,15
Atg14,158,139,112,218
Ktn1,1531,1408,1230,2357
Peli2,412,193,452,795
Tmem260,461,667,511,1069
Gm49519,38,19,41,63
4930572G02Rik,3,3,5,4
Exoc5,452,470,398,809
Ap5m1,95,187,111,186
Naa30,155,157,142,287
Slc35f4,73,117,13,88
Armh4,21,26,22,71
Ttc5,184,321,325,507
Ccnb1ip1,38,24,7,9
Parp2,125,163,125,285
Tep1,274,278,217,388
Gm26782,115,192,173,280
Klhl33,47,69,53,88
Osgep,136,144,125,259
Apex1,10,20,17,29
Pip4p1,226,248,330,574
Pnp,45,71,39,55
Rnase4,89,87,90,116
Ang,32,28,23,49
Rnase6,6,2,2,0
Rnase1,7,11,0,4
Gm7247,5,7,8,7
Mettl17,90,111,111,206
Slc39a2,1,5,2,3
Ndrg2,0,0,1,1
Arhgef40,28,31,26,47
Zfp219,83,121,62,121
Tmem253,6,11,7,7
Gm49086,2,3,1,1
Hnrnpc,1064,1021,1135,2469
Rpgrip1,16,22,24,26
Supt16,562,672,558,1031
Gm26590,37,36,42,60
Chd8,986,981,763,1519
Rab2b,159,176,179,326
Tox4,560,400,526,1094
Mettl3,58,109,100,160
Sall2,16,17,15,21
Gm43647,0,4,5,2
Gm43434,3,4,2,6
Trac,19,18,0,1
Dad1,227,287,315,554
Abhd4,56,62,94,153
Gm43305,53,48,106,98
5330426L24Rik,0,0,0,0
Oxa1l,91,115,122,169
Slc7a7,54,120,81,114
Mrpl52,48,70,56,92
Mmp14,2,6,8,3
Gm56768,0,1,2,1
Gm10366,1,2,1,2
Lrp10,74,79,100,116
Rem2,54,21,56,127
Prmt5,50,108,63,121
Haus4,17,16,19,18
Ajuba,2,1,0,0
4931414P19Rik,37,81,37,76
Psmb5,10,39,13,25
Cdh24,17,17,7,38
Acin1,1821,1916,1434,2838
4930579G18Rik,14,22,22,32
1700123O20Rik,10,21,14,19
Slc7a8,2007,2005,1927,3101
Rnf212b,32,44,33,53
Homez,13,26,17,17
Ppp1r3e,31,24,20,35
Bcl2l2,91,168,81,166
Pabpn1,564,680,669,932
Slc22a17,272,345,263,524
Efs,0,1,0,0
Ngdn,96,85,88,150
Zfhx2os,29,38,21,64
Zfhx2,956,1233,644,1661
Thtpa,7,19,5,20
Ap1g2,33,27,20,28
Jph4,17,15,17,28
Dhrs4,32,57,24,59
Carmil3,183,200,83,173
Cpne6,0,0,0,0
Pck2,167,172,142,224
A730061H03Rik,1,2,1,2
Dcaf11,228,284,210,421
Gm15932,1,2,4,6
Psme1,51,74,42,81
Emc9,31,44,41,40
Psme2,38,58,46,98
Rnf31,100,96,73,111
Irf9,81,82,42,101
Rec8,49,136,31,64
Ipo4,114,139,96,179
Tm9sf1,86,121,135,231
Gm49747,3,7,2,6
Tssk4,2,3,3,4
Mdp1,28,36,17,36
Nedd8,53,107,49,50
Gmpr2,14,59,48,66
Tinf2,76,45,60,158
Gm49067,20,33,12,15
Rabggta,29,44,34,55
Dhrs1,14,27,16,23
Nop9,59,51,40,90
Adcy4,0,1,0,0
Ripk3,1,0,0,0
Nfatc4,0,0,0,4
Nynrin,55,92,89,127
Cbln3,3,0,0,1
Khnyn,194,174,205,450
Sdr39u1,19,42,30,43
Rnf17,72,70,43,211
Cenpj,169,147,176,256
Parp4,505,542,471,878
Gm16573,2,5,9,16
Mphosph8,394,424,389,625
Gm16973,77,73,64,141
Pspc1,819,902,965,1777
Zmym5,596,555,563,1018
2410022M11Rik,14,13,17,21
Zmym2,1501,1397,1270,2415
Cryl1,352,274,262,495
Ift88,533,601,579,1128
Ift88os,4,1,5,7
Il17d,29,20,21,50
Eef1akmt1,22,69,43,91
Xpo4,581,636,527,1103
Lats2,50,65,55,62
Sap18,85,86,94,149
Ska3,6,1,1,3
Mrpl57,7,26,9,8
Zdhhc20,1102,1099,1175,2229
Micu2,926,1125,1055,1951
3110083C13Rik,3,19,10,14
Fgf9,112,119,111,206
Gm33321,5,8,2,9
Rcbtb1,411,541,472,881
Phf11a,1,0,0,0
Phf11b,1,2,0,1
Phf11d,3,5,1,3
Phf11c,12,19,8,20
Setdb2,108,136,68,170
Cab39l,505,591,595,1088
Cdadc1,481,484,412,948
Shisa2,1,1,3,4
Atp8a2,1051,778,979,1774
Gm49336,399,388,391,782
Mtmr6,403,445,330,880
Amer2,168,130,184,263
Gm29266,22,32,44,33
Spata13,579,548,554,1106
C1qtnf9,1,3,1,3
Mipep,280,291,244,533
Tnfrsf19,2,3,3,11
Sacs,180,148,101,284
Ebpl,57,74,93,120
Kpna3,669,685,559,1256
Spryd7,136,138,134,206
Trim13,16,8,16,24
Dleu2,1175,1333,1767,3789
Kcnrg,6,21,9,12
Gm27010,5,6,6,9
Gm27017,46,83,62,155
Gm56761,1,4,4,13
Gm35419,2,5,1,0
Rnaseh2b,51,54,69,104
Fam124a,19,6,5,34
Serpine3,2,6,1,7
Ints6,1214,1345,1161,2404
Wdfy2,624,628,598,1217
Ctsb,191,277,298,446
Fdft1,215,292,251,415
Neil2,131,121,92,213
Gata4,6,22,10,20
Blk,28,12,2,9
Fam167a,24,44,12,52
Mtmr9,113,129,103,194
Gm15918,84,91,76,179
Xkr6,3317,4191,2862,6458
Gm56759,8,16,12,18
Pinx1,82,142,81,178
Sox7,1,1,1,4
Msra,396,515,266,734
Mir124a-1hg,6,5,0,2
Kif13b,1451,1579,1242,2903
Hmbox1,1132,1339,1111,2219
Ints9,304,334,302,556
Extl3,240,244,190,397
Gm41177,2,10,2,8
Fzd3,320,375,312,537
Fbxo16,195,262,278,457
Gm48433,1,0,2,8
Zfp395,642,846,568,1044
Pnoc,2,4,4,9
Elp3,424,578,459,911
Nuggc,17,15,9,23
Ccdc25,94,118,90,145
Scara3,0,5,1,4
Clu,73,112,67,111
Gulo,0,1,1,3
Ephx2,19,16,27,27
Ptk2b,1239,1399,1702,2917
1700001G11Rik,6,14,12,7
Trim35,863,1264,1232,1894
Adra1a,45,40,121,66
Dpysl2,557,603,503,917
Gm5464,0,2,2,2
Pnma2,6,5,0,4
Bnip3l,304,305,354,633
Ppp2r2a,938,913,680,1948
Ebf2,0,0,0,0
Cdca2,6,6,3,6
Kctd9,94,119,101,204
Gnrh1,6,21,7,24
Dock5,366,343,370,717
Nefm,200,140,225,261
Gm31227,16,32,12,43
Adam28,0,0,1,3
Stc1,2,0,1,7
Slc25a37,33,104,54,90
Gm27222,5,3,0,1
Gm16867,5,7,7,6
Loxl2,15,28,5,11
R3hcc1,28,38,17,38
Chmp7,53,74,41,120
Tnfrsf10b,7,13,20,40
Rhobtb2,84,107,74,138
Pebp4,5,6,0,3
Gm33524,10,2,0,1
Egr3,55,15,69,178
Bin3,252,255,285,526
Ccar2,158,180,128,316
9930012K11Rik,0,2,1,1
Pdlim2,0,0,0,0
Sorbs3,52,62,67,135
Gm49417,121,160,218,350
Ppp3cc,662,777,675,1459
1700031C06Rik,7,4,1,5
Slc39a14,322,438,358,717
Piwil2,7,8,4,27
Polr3d,207,250,219,431
Phyhip,9,9,13,13
Bmp1,72,77,70,78
Lgi3,1,0,0,0
Reep4,26,20,22,35
Hr,0,2,0,0
Nudt18,24,19,19,73
Fhip2b,98,121,71,164
Dmtn,11,14,22,18
Fgf17,2,1,0,0
Npm2,10,9,5,18
Xpo7,1604,1873,1802,3427
Gm56755,6,10,6,13
Dok2,19,21,19,26
Gfra2,0,0,4,1
Fndc3a,5590,6254,5864,14948
Gm16549,4,11,13,21
Gm41206,6,6,10,23
Cysltr2,21,9,18,59
Rcbtb2,210,202,210,392
Gm17233,5,3,6,16
Rb1,1050,1105,1160,2379
Lpar6,27,67,36,61
Itm2b,1290,1208,2357,3115
Med4,81,88,83,187
Nudt15,26,9,12,49
Sucla2,144,247,140,231
Gm49164,1,8,0,4
Gm49171,8,5,2,7
Htr2a,0,0,1,0
Esd,116,153,132,252
Lrch1,2581,2888,2617,4766
Gm10847,3,8,3,6
Rubcnl,15,2,1,4
Lrrc63,0,1,0,7
Lcp1,41,60,17,24
Cpb2,5,0,0,0
Zc3h13,1086,1030,887,1885
Gm49200,1,3,2,3
Siah3,7,51,33,16
Cog3,491,587,510,1004
Slc25a30,53,68,48,125
Gm4285,31,52,41,52
Tpt1,688,832,644,1317
Gtf2f2,683,796,702,1380
Kctd4,10,22,18,36
Gpalpp1,123,116,137,324
Nufip1,186,207,163,372
Tsc22d1,1325,1817,1428,2674
E130202H07Rik,3,1,2,3
Serp2,147,183,126,303
1700108F19Rik,2,5,3,7
4930431P22Rik,3,0,1,5
Gm48968,1,1,2,7
Lacc1,73,74,70,97
Ccdc122,118,148,162,243
Enox1,1219,1744,980,3148
Gm6994,4,13,9,19
Gm56765,1,8,4,15
Gm49003,6,18,9,38
Dnajc15,135,197,224,273
Epsti1,82,84,27,80
Akap11,655,838,652,1245
Dgkh,569,246,304,1174
Vwa8,1827,2213,2042,3801
Gm4632,2,3,5,14
Rgcc,58,37,40,97
Naa16,445,473,450,695
Mtrf1,19,39,36,52
Kbtbd7,12,22,7,22
Wbp4,242,355,244,500
Elf1,551,715,661,952
Sugt1,266,299,271,455
Cnmd,1,2,1,1
Pcdh8,10,6,19,13
Gm6999,545,774,248,566
Gm10845,1,1,0,1
Gm49542,69,75,17,72
Olfm4,68,53,4,59
Pcdh17,12,11,0,17
4930529K09Rik,9,3,6,7
Gm32815,3,3,4,4
Diaph3,12,10,9,25
Tdrd3,590,681,568,1195
Pcdh9,939,206,27,2878
Klhl1,0,2,1,1
Dach1,6836,6097,6008,12283
Mzt1,129,158,123,228
Bora,50,59,44,79
Dis3,190,190,160,351
Pibf1,1084,1095,1227,2188
Klf5,98,90,87,154
Klf12,6734,8208,6627,15797
4930517O19Rik,82,163,148,281
Gm41231,25,56,38,64
Gm56750,75,189,79,123
6330576A10Rik,19,43,30,25
Tbc1d4,58,96,17,43
Commd6,19,31,18,49
Uchl3,209,279,242,422
Lmo7,741,904,958,2156
Gm34589,1,1,0,5
Kctd12,172,185,211,387
Cln5,50,49,56,81
Fbxl3,708,585,756,1600
Mycbp2,4415,4693,3765,7904
1700087I21Rik,23,36,40,58
Gm34907,8,5,5,20
Scel,68,106,97,142
Slain1,265,343,219,433
Ednrb,17,16,0,10
4930432J09Rik,0,0,0,0
Pou4f1,3,0,1,5
Obi1,123,164,120,212
D130009I18Rik,43,12,513,115
Rbm26,1743,1909,1627,3431
Gm17066,31,27,46,55
Gm56767,9,5,6,14
Ndfip2,587,467,667,1502
Gm10076,48,58,47,6
Spry2,22,28,25,27
Slitrk1,76,23,25,125
Slitrk6,21,39,14,11
Gm30439,8,1,0,18
Slitrk5,4,2,4,9
Tpm3-rs7,5,2,2,11
Mir17hg,1,2,3,2
Gpc5,6,10,2,9
Gpc6,1019,1383,1013,1918
Dct,1,2,3,0
Tgds,84,126,97,177
Gpr180,158,316,235,440
Abcc4,133,116,51,187
Cldn10,2,1,2,5
Dzip1,197,150,133,299
Gm49179,16,22,27,36
Gm56747,6,5,3,7
Dnajc3,656,720,838,1818
Gm49768,44,35,42,110
Uggt2,1052,1094,878,1896
Gm16835,86,135,124,241
Hs6st3,32182,42598,32604,63296
1700006F04Rik,10,14,18,30
4930404K13Rik,5,9,10,9
Gm4681,144,125,199,210
Mbnl2,8517,8965,10532,19690
Gm26679,7,13,17,30
Rap2a,105,169,140,356
Ipo5,265,274,219,592
Farp1,3153,4029,2866,7474
B930095G15Rik,140,199,156,342
Stk24,703,688,532,1150
Slc15a1,1,3,0,3
Gm49035,0,2,0,2
Dock9,1432,1359,1030,2611
1810041H14Rik,4,3,8,4
Ubac2,599,736,459,1116
Gpr18,6,19,4,21
Gpr183,55,71,23,13
Timm8a2,1,0,1,3
A330035P11Rik,11,34,29,25
Gm56752,6,9,12,17
Tm9sf2,833,900,899,1837
Clybl,437,528,559,918
1700108J01Rik,0,4,5,10
Gm5089,7,20,31,31
Pcca,1264,1532,1106,2377
Ggact,224,303,358,612
4930594M22Rik,30,55,42,100
Tmtc4,161,147,196,310
Gm54621,3,6,9,6
Gm33906,4,9,11,14
Nalcn,4654,4665,4569,9578
Itgbl1,30,11,5,28
Fgf14,3587,3278,3323,5606
1700024B18Rik,6,9,13,21
Selenop,228,317,360,465
Ccdc152,12,11,10,24
Ghr,4791,4910,4668,10057
Fbxo4,63,94,98,173
Rimoc1,254,283,238,489
Gm2093,3,9,6,2
BC037032,17,19,9,19
Oxct1,511,814,407,998
Gm15632,0,10,5,4
Plcxd3,1688,1758,2183,3094
C6,0,0,1,3
C7,10,2,14,25
Card6,26,38,13,28
Rpl37,102,192,168,157
Prkaa1,436,533,367,695
Gm15938,3,6,2,7
Ttc33,157,183,147,260
Ptger4,32,35,21,32
Dab2,0,19,0,2
Fyb,153,172,25,50
Gm2245,6,17,0,0
Rictor,1360,1270,1438,2959
Osmr,7,4,0,5
Lifr,561,701,524,1204
Egflam,1692,1488,1516,2692
Gm16029,1,8,3,8
Gm49207,1,1,2,5
Wdr70,815,856,660,1643
Nup155,273,248,277,520
Cplane1,2154,1659,1769,3622
Nipbl,3753,3341,3470,6859
Gm31282,8,5,3,13
Slc1a3,0,4,0,0
Ranbp3l,3,2,5,8
Nadk2,305,302,341,715
Skp2,33,91,48,139
Lmbrd2,488,499,508,1026
Capsl,277,213,417,568
Il7r,45,44,0,3
Spef2,12,17,8,18
Prlr,347,472,80,334
Agxt2,5,31,4,33
Dnajc21,707,523,414,1196
Brix1,281,240,277,596
Rad1,23,27,21,38
Ttc23l,0,0,0,1
Rai14,20,16,9,32
4930556M19Rik,1,0,0,4
Amacr,12,16,11,36
Adamts12,2,0,1,0
Tars,89,108,81,157
Npr3,3,1,2,0
Sub1,549,349,430,855
Gm34759,572,367,196,465
Zfr,2097,2340,2352,4311
Mtmr12,538,519,433,1071
Gm56692,6,17,11,13
Golph3,766,618,780,1756
Pdzd2,23,24,21,37
6030458C11Rik,98,133,106,209
Drosha,435,453,338,742
Cdh9,1072,1029,1083,2194
Gm49127,0,5,4,4
Cdh10,0,1,10,0
Cdh12,199,148,105,312
Cdh18,70,38,50,133
Gm35769,4,6,1,1
Gm2824,17,11,14,35
Gm35996,3,3,5,10
9230109A22Rik,7,6,6,15
4930445E18Rik,8,3,20,48
Basp1,374,288,366,1232
Myo10,894,856,776,1590
Retreg1,531,631,518,948
Zfp622,201,150,153,337
Marchf11,27,20,11,71
Fbxl7,53,22,2,109
Gm49267,1,1,0,2
Gm36899,18,27,34,56
Ank,5774,6533,7076,13412
Otulin,795,719,669,1665
Otulinl,51,86,62,85
Trio,3068,2982,2407,5832
Dnah5,5,9,3,9
Ctnnd2,9364,11167,10008,19625
4930570B17Rik,18,45,28,51
Dap,337,684,448,602
Ankrd33b,858,950,719,1356
Ropn1l,15,18,9,28
Gm49208,8,2,2,6
Marchf6,825,863,822,1883
Gm49216,0,3,4,9
Cmbl,51,71,83,52
Cct5,108,112,76,160
Atpsckmt,78,170,78,149
Snhg18,10,11,6,6
Sema5a,105,105,81,260
Gm32618,41,40,55,66
Sdc2,612,679,626,1238
Cpq,4662,4920,4687,8513
Gm56714,20,24,6,34
4930592A05Rik,4,7,9,12
Tspyl5,25,26,23,31
Gm41291,0,2,3,1
Mtdh,1146,1421,1271,2486
Laptm4b,449,338,496,924
Matn2,11,11,8,16
Rpl30,182,253,209,291
Erich5,12,26,21,25
Rida,24,44,41,61
Pop1,61,110,57,92
Nipal2,2829,3204,3050,5703
4930413F20Rik,6,13,15,10
Stk3,1022,1206,1174,2204
4921515G04Rik,12,12,26,26
Vps13b,5345,5551,4841,10166
Cox6c,59,100,72,113
Rgs22,5,7,11,17
Fbxo43,7,3,7,14
Polr2k,35,26,34,49
Spag1,93,130,62,165
Gm41293,3,6,7,13
Rnf19a,520,520,566,1060
Gm33936,0,0,1,0
Gm34093,0,0,0,0
Gm34316,6,4,1,11
Ankrd46,54,75,58,82
Pabpc1,611,622,601,1217
Gm46515,15,22,15,44
Gm56743,9,8,14,25
Ywhaz,2739,1434,2783,6146
Gm41300,2,1,4,4
Gm34590,11,4,6,10
Zfp706,83,91,75,164
Gm26766,1,9,10,4
Grhl2,4,2,4,7
Ncald,846,1079,628,1593
Gm15941,4,7,5,7
4930447A16Rik,5,13,4,6
Gm15940,0,2,0,0
Gm35019,6,3,13,6
Rrm2b,137,166,139,248
Gm49085,5,10,8,12
Ubr5,3095,2691,2286,5535
Gm49312,0,0,5,2
Gm49313,0,1,3,1
Klf10,136,125,128,222
Gm56722,5,1,0,3
Gm35248,6,12,12,20
Gm41307,4,6,2,7
G930009F23Rik,6,3,3,3
Azin1,773,543,799,2281
Gm49077,33,33,25,53
2310043O21Rik,1,0,0,0
1100001I12Rik,3,6,6,12
Atp6v1c1,482,498,517,972
Baalc,1,5,1,1
Gm26704,3,4,2,2
Fzd6,212,297,275,504
Cthrc1,14,41,15,45
Slc25a32,272,265,452,984
Dcaf13,480,481,486,1431
Rims2,9026,9973,9461,19175
Dcstamp,0,0,0,2
Dpys,5,0,2,6
Lrp12,763,713,723,1825
9330182O14Rik,0,0,1,2
Zfpm2,49,31,84,172
Oxr1,1513,1789,1305,2775
Gm26854,1,8,2,2
Abra,2,0,3,5
Angpt1,1,6,0,19
Eif3e,337,344,278,618
Gm10373,34,22,29,57
Emc2,208,234,210,441
Nudcd1,133,257,170,266
Eny2,203,240,312,530
Pkhd1l1,0,3,1,1
Ebag9,71,94,66,104
Sybu,493,761,557,1069
1700022A22Rik,1,0,1,0
Csmd3,16,20,10,29
Trps1,1481,1825,1248,2803
Gm48913,3,3,7,7
Eif3h,312,424,286,648
Utp23,14,21,13,13
Rad21,633,674,518,948
Aard,30,32,44,36
Slc30a8,17147,22429,22523,38729
Med30,20,22,29,33
Ext1,4443,5427,3388,8135
Samd12,630,915,759,1137
Tnfrsf11b,1,3,2,6
Colec10,2,5,3,3
Mal2,67,49,35,105
Ccn3,1,0,0,0
Enpp2,299,290,408,1216
Gm26684,1,2,2,2
Taf2,471,494,390,1010
Dscc1,14,8,11,11
Gm9920,16,39,38,53
Deptor,2412,2708,2375,5260
Col14a1,3,3,9,16
Mrpl13,51,76,56,102
Mtbp,100,72,78,166
Sntb1,100,100,52,50
Has2os,0,0,5,4
Gm2582,2,4,1,3
Zhx2,1235,1614,1117,2549
9330154K18Rik,7,2,2,6
Derl1,472,464,587,1108
Tbc1d31,128,146,147,285
9130401M01Rik,23,13,21,22
Gm29394,44,42,41,61
Zhx1,95,110,91,167
Atad2,174,99,107,178
Wdyhv1,88,95,77,106
Fbxo32,138,170,291,389
Gm15943,29,27,24,59
Klhl38,15,10,19,37
Anxa13,0,5,6,3
Fam91a1,568,513,562,1220
Fer1l6,16,84,18,28
Gm20712,18,27,25,64
Tmem65,841,1819,1101,2441
Trmt12,19,16,13,12
Rnf139,148,141,238,361
Tatdn1,190,306,219,406
Ndufb9,29,77,63,138
Mtss1,2661,2537,1777,4560
4930544F09Rik,6,16,7,8
Sqle,124,144,130,204
Washc5,243,295,273,480
Nsmce2,1863,1897,2184,3835
Gm36677,6,5,2,9
Gm56717,2,1,2,3
Gm56697,4,7,5,8
Trib1,386,330,224,775
Gm19510,2,3,1,9
Gm2682,118,196,0,4
Lratd2,16,16,14,31
9930014A18Rik,3,5,1,7
4930402D18Rik,0,1,0,1
Gm38563,0,1,0,3
D030024E09Rik,3,0,1,1
Myc,8,8,5,16
Pvt1,634,730,830,1259
Gm41333,0,1,0,2
Gm41335,6,0,6,1
Cyrib,1507,1706,1474,3049
Asap1,2313,2517,1650,4307
Adcy8,33,13,12,26
Efr3a,718,780,767,1502
Kcnq3,10,11,0,7
Gm30929,2,3,0,0
Dnaaf11,93,122,85,156
Tmem71,102,122,97,302
Phf20l1,1906,2120,1879,3964
Tg,5,2,0,2
Sla,26,31,1,2
Ccn4,3,6,2,4
Ndrg1,726,751,788,1724
Gm2895,6,8,6,13
Gm31342,0,5,1,3
St3gal1,161,135,93,247
1700012I11Rik,0,1,2,1
Zfat,289,260,243,555
Gm26621,17,43,14,50
Gm20732,195,342,351,708
Khdrbs3,1578,1641,1481,2957
Gm49422,1,1,2,1
Fam135b,441,466,240,472
Kcnk9,0,4,0,0
Gm49460,2,5,1,4
Trappc9,1364,2560,1350,3032
Peg13,23,36,15,9
Chrac1,72,48,93,129
Ago2,1117,1404,1055,2916
Ptk2,902,1043,815,1886
1700085D07Rik,15,17,19,42
Gm49066,31,79,47,79
Dennd3,386,371,378,665
Slc45a4,401,389,365,695
Gpr20,0,1,0,2
Ptp4a3,99,147,58,156
Mroh5,2,4,0,6
Arc,6,11,7,24
Jrk,2,11,6,8
4933427E11Rik,2,0,4,1
Them6,0,4,0,1
Lynx1,3,0,2,3
Ly6d,13,13,0,7
Gm39556,2,2,0,0
Ly6e,51,46,97,108
Ly6a,12,18,3,4
Gm28068,6,2,0,1
Ly6c1,6,6,0,2
Ly6h,5,7,3,4
Gpihbp1,1,2,0,2
Zfp41,6,6,7,4
Top1mt,21,36,9,24
Rhpn1,6,5,6,15
Mafa,20,100,1,42
Zc3h3,381,410,254,639
Gsdmd,4,4,2,6
Naprt,5,4,1,6
Eef1d,76,125,66,166
Tigd5,3,0,0,1
Pycrl,16,30,11,14
Gfus,55,88,67,126
Zfp623,9,12,5,1
Zfp707,44,55,41,82
Ccdc166,9,13,3,1
Mapk15,254,187,377,620
Fam83h,50,42,28,65
Iqank1,71,71,93,127
Scrib,75,108,62,157
Puf60,263,258,309,661
Gm48952,4,3,2,2
Nrbp2,98,94,87,186
Gm41349,2,1,0,5
Eppk1,67,66,91,137
BC024139,4,1,1,3
Plec,281,258,223,346
Parp10,86,94,74,112
Grina,137,147,161,230
Smpd5,0,1,0,2
Oplah,12,18,5,8
Exosc4,10,22,12,18
Gpaa1,24,46,32,61
Cyc1,38,56,35,71
Sharpin,60,89,65,152
Maf1,56,69,64,119
Gm35339,32,35,9,38
Hgh1,10,18,4,25
Mroh1,283,341,264,436
Bop1,72,112,44,112
Hsf1,273,346,325,624
Dgat1,84,101,81,145
Scrt1,27,41,7,3
Fbxl6,44,52,45,95
Slc52a2,6,14,12,12
Adck5,48,94,70,107
Cpsf1,93,104,61,102
Vps28,18,27,18,43
Tonsl,12,15,10,20
Tmem276-zftraf1,83,99,64,132
Cyhr1,88,76,66,116
Tmem276,28,17,23,45
Kifc2,57,69,37,63
Ppp1r16a,94,122,70,154
Gpt,16,31,10,33
Mfsd3,2,3,7,14
Recql4,13,8,3,20
Lrrc14,39,45,54,100
Lrrc24,18,21,21,50
C030006K11Rik,6,20,17,10
Arhgap39,580,647,432,890
Zfp251,102,176,101,172
Zfp7,17,31,26,43
Commd5,0,10,1,4
Rpl8,175,352,245,251
Zfp647,1,6,7,8
1110038F14Rik,55,68,36,87
Gm35933,4,4,6,2
Mb,3,3,3,2
Rbfox2,4025,4780,3684,8450
1700109K24Rik,28,48,48,85
Apol10b,2,2,2,4
Apol8,16,3,7,17
Myh9,736,857,541,1119
Gm56741,15,20,30,23
Txn2,101,122,132,250
Foxred2,61,56,50,96
Eif3d,62,72,64,171
Gm17638,17,23,22,47
Cacng2,20,25,5,20
A730060N03Rik,0,1,1,4
Ift27,26,31,19,48
Gm49694,6,2,0,3
Ncf4,1,4,0,1
Csf2rb2,5,1,0,0
Csf2rb,0,5,0,0
Tst,2,2,3,5
Mpst,4,4,6,2
Kctd17,23,24,21,37
Tmprss6,4,4,3,5
Il2rb,19,19,2,8
C1qtnf6,12,15,11,24
Sstr3,97,125,76,83
Rac2,6,7,0,2
Gm36738,5,5,8,2
Cyth4,11,19,8,7
Elfn2,3,4,1,0
Mfng,4,3,0,0
Card10,2,7,3,10
Cdc42ep1,4,2,0,3
Gga1,191,224,173,392
Sh3bp1,3,6,2,14
Pdxp,0,2,1,2
Lgals1,0,2,1,0
Nol12,65,87,54,86
Triobp,48,77,63,95
Gm10865,4,6,17,5
Gm17753,17,14,22,31
Gm49544,1,3,1,2
H1f0,134,205,264,257
Gcat,14,17,4,12
Galr3,0,0,1,1
Gm3924,5,3,5,5
Ankrd54,93,144,89,152
Eif3l,72,76,44,89
Micall1,119,156,123,180
1700088E04Rik,28,51,50,69
Polr2f,20,45,27,67
Gm10863,1,2,1,3
Pick1,250,399,215,512
Baiap2l2,32,82,62,108
Pla2g6,396,345,283,615
Maff,581,175,369,1145
Gm56727,4,4,2,15
Tmem184b,548,623,437,1134
Csnk1e,161,126,161,432
Gm16059,3,6,5,15
Kcnj4,8,9,7,7
Kdelr3,139,193,184,331
Ddx17,4301,4451,3346,7916
Dmc1,31,32,22,58
Fam227a,296,279,247,500
Cby1,26,74,66,78
Tomm22,21,14,11,33
Josd1,287,182,191,412
Gtpbp1,220,233,249,500
Sun2,113,69,107,202
Gm16576,8,6,20,19
Dnal4,16,23,29,53
Nptxr,125,55,120,229
Cbx6,259,323,238,414
D730005E14Rik,4,5,10,9
Apobec3,262,257,302,523
Cbx7,239,197,277,520
Pdgfb,12,15,2,3
Gm41361,5,7,3,9
Rpl3,158,281,162,256
Syngr1,53,61,70,69
Tab1,167,256,153,330
Mgat3,263,359,244,395
Mief1,122,149,123,232
Gm56706,0,1,4,4
Atf4,300,356,350,537
Rps19bp1,13,22,13,25
Cacna1i,9,15,3,13
Enthd1,4,4,0,3
Grap2,133,143,1,7
Fam83f,25,20,16,47
Tnrc6b,4933,4996,5159,9873
Gm49512,1,2,3,2
Adsl,96,110,74,178
Sgsm3,291,390,269,588
Mrtfa,1359,1483,1185,2539
8430426J06Rik,9,5,7,24
Slc25a17,215,281,221,460
St13,505,627,426,786
Xpnpep3,242,338,231,462
Rbx1,156,241,192,333
Gm56709,0,0,0,2
Ep300,1052,1008,914,1898
L3mbtl2,75,59,57,88
Chadl,10,10,5,20
Rangap1,232,325,173,390
Zc3h7b,312,404,286,555
Gm17597,0,3,1,3
Tef,219,353,328,810
Tob2,148,197,88,136
Phf5a,65,71,62,143
Aco2,525,646,495,1062
Polr3h,86,101,80,181
Csdc2,2,4,2,8
Pmm1,28,28,23,46
Xrcc6,230,311,238,506
Desi1,459,808,605,1036
Snu13,120,101,121,244
Ccdc134,73,139,120,239
Gm56711,5,4,11,6
Srebf2,617,593,670,1365
Septin3,74,60,61,109
Wbp2nl,5,1,8,8
Naga,256,249,267,411
Pheta2,3,5,0,5
Smdt1,58,64,65,118
Ndufa6,49,127,84,125
Gm56734,4,1,5,4
Gm56716,16,23,7,18
Gm56730,97,108,54,96
Cyp2d22,14,43,25,41
Cyp2d26,2,0,1,0
Tcf20,1969,2831,1939,3795
Gm20324,2,8,2,4
Gm29019,7,13,11,15
Nfam1,2,7,4,6
Serhl,79,96,89,142
Gm17206,7,3,4,9
Rrp7a,86,70,64,136
Poldip3,287,283,249,499
Cyb5r3,94,146,121,165
Gm49463,3,11,3,2
A4galt,15,9,34,29
Arfgap3,815,1112,783,1716
1700001L05Rik,16,16,23,24
Pacsin2,331,445,396,666
Ttll1,48,63,49,104
Bik,26,33,23,34
Mcat,16,37,29,36
Tspo,5,18,10,24
Ttll12,22,34,19,26
Gm52182,0,5,5,6
Scube1,0,3,1,8
Efcab6,1,5,5,7
Sult4a1,81,49,31,160
Pnpla3,14,18,18,15
Samm50,102,124,92,170
Parvb,6,11,3,6
Parvg,1,0,0,1
Shisal1,121,170,134,227
Rtl6,13,15,6,13
Prr5,0,0,0,1
Arhgap8,50,64,71,109
Phf21b,497,635,371,754
Gm29666,16,4,11,27
Gm56728,7,17,12,19
Nup50,244,210,256,456
5031439G07Rik,149,182,155,297
Upk3a,15,14,3,24
Fam118a,367,356,449,907
Smc1b,7,8,28,21
Ribc2,5,2,5,10
Fbln1,5,4,8,12
Atxn10,1468,1785,1550,2859
Gm56736,2,5,3,5
Gm49539,35,43,21,38
Lncppara,679,1047,722,988
Ppara,11,2,18,45
Cdpf1,17,24,13,24
Ttc38,65,61,66,108
Gtse1,1,4,2,9
Trmu,97,160,131,234
Celsr1,14,14,5,4
Gramd4,216,201,139,260
Cerk,351,511,280,620
Gm15569,0,2,0,0
2810001A02Rik,24,53,36,66
Tbc1d22a,2446,1933,2185,3670
A930001M01Rik,21,22,33,37
4930543I03Rik,3,3,1,4
Tafa5,588,231,431,1340
Brd1,998,1316,1018,1954
Zbed4,69,118,57,136
Alg12,71,105,26,100
Creld2,75,86,55,131
Pim3,156,84,216,670
Gm20621,2,1,0,2
Panx2,77,56,53,96
1810021B22Rik,10,25,12,15
Trabd,193,351,163,366
Selenoo,90,124,77,156
Tubgcp6,103,121,80,207
Hdac10,21,32,25,40
Mapk12,4,6,4,6
Mapk11,9,22,8,16
Plxnb2,310,259,257,464
Dennd6b,106,98,78,186
5730424H11Rik,5,6,8,1
Ppp6r2,723,865,598,1249
Sbf1,155,131,107,257
Adm2,1,0,0,0
Lmf2,32,22,16,43
Ncaph2,155,185,148,354
Sco2,2,4,4,8
4930423K06Rik,1,0,2,0
Cpt1b,42,27,38,103
Chkb,260,198,310,500
C730034F03Rik,13,30,45,49
Mapk8ip2,158,189,147,250
Arsa,19,18,34,37
C230037L18Rik,22,18,12,40
Gm41381,0,1,0,0
Shank3,100,128,85,157
Acr,38,47,57,116
Rabl2,74,72,64,127
Alg10b,42,38,40,51
Cpne8,715,724,750,1470
Kif21a,2343,2798,2809,5581
Abcd2,17,15,23,41
Slc2a13,661,734,581,1312
Lrrk2,190,127,122,271
Cntn1,75,109,9,89
Gm26760,101,55,66,111
Pdzrn4,348,349,236,488
Gxylt1,224,206,237,459
Yaf2,658,630,544,1231
Zcrb1,314,348,304,684
Pphln1,681,582,582,1176
Prickle1,1491,1894,1483,2913
Pus7l,18,20,20,29
Irak4,35,61,67,83
Twf1,132,137,152,354
Tmem117,1708,2618,1650,3765
Nell2,18,24,42,32
Dbx2,0,2,0,2
Gm49169,2,4,8,8
Gm6961,7,5,7,12
A130051J06Rik,4,2,4,5
Ano6,1894,1980,1732,4399
Gm49173,1,4,0,8
Gm17546,1,2,2,6
Gm49172,2,0,3,1
D030018L15Rik,17,16,14,17
2610037D02Rik,550,743,762,1135
4833422M21Rik,15,14,14,18
Arid2,1355,1534,1213,2563
Scaf11,1241,1222,1268,2308
Slc38a1,50,37,2,10
Slc38a2,845,641,1051,1933
Slc38a4,1269,1649,1259,3636
Gm32840,8,15,4,13
Gm32885,2,0,0,1
Amigo2,34,21,39,46
Pced1b,978,1027,1235,2160
Rpap3,76,95,78,115
Endou,1,2,0,4
Rapgef3,35,43,36,55
Rapgef3os1,0,0,0,0
Slc48a1,36,79,61,97
Hdac7,324,423,209,509
Vdr,560,686,471,957
Gm56696,1,5,1,0
Tmem106c,55,48,47,91
Senp1,312,424,305,674
Pfkm,99,129,108,158
Gm26513,5,0,10,10
Asb8,67,85,83,162
Ccdc184,17,13,19,42
Zfp641,220,228,246,432
Kansl2,172,251,164,330
Ccnt1,804,744,748,1948
9330020H09Rik,19,11,17,25
Tex49,3,2,6,9
Adcy6,614,666,569,1024
Gm29331,1,1,4,7
Cacnb3,93,97,79,132
Ddx23,277,288,268,562
Rnd1,2,2,6,8
Ccdc65,10,6,19,20
Fkbp11,12,28,25,33
Arf3,488,515,385,765
B130046B21Rik,2,3,10,10
Prkag1,378,340,416,833
Kmt2d,916,821,447,1058
5730414N17Rik,2,5,4,9
Rhebl1,19,17,21,39
Dhh,1,0,0,0
Lmbr1l,283,213,241,595
Tuba1b,28,14,18,12
Gm41396,3,9,3,3
Tuba1a,563,586,1013,925
4930578M01Rik,86,146,138,210
Gm56698,14,30,45,38
Tuba1c,23,40,87,53
Troap,2,0,1,1
Dnajc22,2,4,2,6
Spats2,427,382,409,784
Kcnh3,9,3,8,26
Mcrs1,48,51,45,109
1700120C14Rik,7,6,17,16
Fam186b,5,1,1,0
Prpf40b,414,463,310,679
Fmnl3,82,71,77,175
Tmbim6,377,440,430,883
Nckap5l,56,63,47,97
Nckap5los,2,6,1,8
Gm49484,1,2,1,3
Bcdin3d,18,44,31,29
Racgap1,33,20,17,41
Asic1,46,49,22,90
Smarcd1,169,186,172,318
Gm34939,2,3,1,0
Gpd1,29,41,36,66
Cox14,23,55,21,44
Cers5,430,488,461,908
Gm17058,7,7,5,14
Lima1,334,388,273,588
Gm17057,0,7,5,19
Gm49494,14,24,17,29
Fam186a,4,1,5,8
Larp4,775,731,769,1677
2310068J16Rik,3,10,12,11
Dip2b,1905,2207,1501,4115
4930478M13Rik,8,23,11,38
Gm56735,2,5,0,2
Atf1,448,366,399,865
Mettl7a1,39,44,51,75
Slc11a2,185,259,172,307
5330439K02Rik,11,41,18,21
Letmd1,51,99,86,118
Csrnp2,22,34,13,39
Tfcp2,216,325,218,420
Pou6f1,146,145,155,225
Gm49492,6,5,24,12
1110013H19Rik,3,1,3,6
C330013E15Rik,7,13,8,9
Dazap2,207,138,247,373
Smagp,2,10,1,8
Bin2,8,22,0,0
Cela1,1,4,5,4
Galnt6,21,12,0,0
Slc4a8,186,202,170,307
Scn8a,1154,1113,1069,1965
Fignl2,86,57,49,94
Acvrl1,9,10,0,3
Acvr1b,151,206,158,330
A330009N23Rik,0,0,0,2
Tamalin,19,12,5,47
Nr4a1,846,482,627,2469
Gm56721,73,31,71,180
Atg101,28,20,26,60
Smim41,1,0,0,15
Gm35853,1,4,2,6
Krt80,2,0,0,3
Gm671,39,69,49,97
Krt7,194,270,220,354
Krt87,0,0,3,4
Krt88,2,1,4,11
Krt90,4,4,10,16
Krt8,795,334,1129,1747
Gm36026,0,2,4,6
Krt18,194,219,411,650
Eif4b,311,334,274,531
Tns2,49,55,43,69
Spryd3,204,189,212,323
Csad,189,233,177,399
Zfp740,323,300,341,616
Itgb7,19,17,4,12
Rarg,95,138,97,154
Gm9918,2,2,2,3
Mfsd5,3,6,8,2
Espl1,0,0,2,1
Pfdn5,80,142,82,192
Myg1,36,49,42,82
Aaas,73,95,111,137
Gm36246,2,5,4,7
Gm56704,1,3,0,0
Sp1,304,295,287,536
Amhr2,4,3,0,9
Prr13,30,65,58,72
Pcbp2,1018,857,941,2391
Map3k12,117,152,98,180
Tarbp2,67,76,88,184
Npff,13,18,18,30
Atf7,938,1121,1036,1913
Atp5g2,113,177,137,196
Calcoco1,109,129,147,236
Hoxc5,3,11,2,6
Hoxc6,8,10,2,8
Hoxc4,16,17,14,13
Gm28876,4,10,7,9
D930007P13Rik,3,3,0,5
Smug1,38,72,51,74
Cbx5,423,527,355,722
Hnrnpa1,313,404,330,651
Copz1,258,292,339,502
Gm49482,4,5,3,4
Zfp385a,2,7,6,10
Itga5,0,0,0,0
Nckap1l,17,19,0,2
Pde1b,4,2,1,8
Ppp1r1a,45,68,7,41
Glycam1,1,0,0,2
Gm49272,10,15,4,13
Zfp263,142,117,108,263
Gm41409,19,12,34,81
Zfp174,81,104,75,121
Zfp597,98,164,94,174
Naa60,122,186,104,212
1700037C18Rik,27,60,47,88
Cluap1,336,382,327,610
Gm15537,2,2,2,2
Nlrc3,10,26,18,34
Slx4,74,85,47,96
Gm15879,40,24,29,55
Dnase1,0,0,1,3
Trap1,179,221,157,333
Crebbp,2871,2561,2324,5406
Adcy9,2012,2224,1586,3568
Gm56602,6,24,35,31
Srl,14,24,19,23
Tfap4,15,10,17,16
Glis2,212,181,151,285
Pam16,33,64,45,92
Coro7,222,248,178,428
Vasn,5,10,10,13
Dnaja3,121,188,89,176
Nmral1,17,19,14,24
Hmox2,111,174,107,226
Gm15859,1,1,2,3
Cdip1,456,609,489,1165
Gm15835,2,1,0,5
4930562C15Rik,4,9,6,25
Ubald1,97,69,94,225
Mgrn1,722,738,772,1561
Gm16861,3,7,4,15
Nudt16l1,26,20,15,27
Anks3,306,376,237,500
Smim22,28,28,17,16
Gm42477,63,71,79,122
Rogdi,89,99,87,159
Glyr1,1497,1216,1495,3876
Ubn1,1581,1243,1431,3868
Ppl,143,135,143,428
Sec14l5,1,3,3,16
Nagpa,23,27,23,29
AU021092,0,0,0,0
Alg1,42,62,68,110
Eef2kmt,82,152,101,138
Gm15983,12,21,7,31
Gm41414,22,11,34,51
Rbfox1,1885,1105,2179,5154
Mettl22,44,65,49,96
Abat,597,700,370,927
Tmem186,27,63,45,90
Pmm2,225,248,228,420
Carhsp1,19,28,25,37
Litafd,4,2,0,2
Usp7,881,853,688,1470
Hapstr1,683,465,632,1404
Grin2a,29,22,58,63
Emp2,11,12,7,11
Tekt5,2,4,5,5
Nubp1,31,57,30,71
Tvp23a,52,83,51,78
Ciita,24,20,1,4
Dexi,154,195,113,198
Clec16a,683,839,631,1322
Gm15558,4,6,3,9
Socs1,3,5,1,4
Gm46563,9,4,4,15
Rmi2,5,11,4,6
Litaf,95,57,91,196
Snn,10,3,3,7
Txndc11,1014,1341,1034,2815
Zc3h7a,1257,1308,1043,1987
4930509G22Rik,11,17,6,20
Rsl1d1,269,203,187,380
2610020C07Rik,90,123,140,190
Gspt1,475,583,400,794
Gm56597,2,3,1,2
Snx29,1116,1104,971,1994
Cpped1,459,563,490,880
Gm9961,0,3,2,6
4930414F18Rik,1,2,8,12
Ercc4,205,240,195,354
Mrtfb,1542,1606,1531,3344
Gm15738,65,88,94,181
Parn,698,759,748,1457
Bfar,210,239,346,608
A930007A09Rik,5,3,7,7
Rrn3,122,189,129,223
Ntan1,93,165,110,227
Pdxdc1,1610,1645,1480,3252
Mpv17l,215,395,280,506
Bmerb1,25,17,16,32
Marf1,582,657,504,1069
Nde1,22,32,14,36
Myh11,17,11,6,4
Cep20,136,173,154,296
Abcc1,268,317,287,439
Snai2,9,10,6,15
Gm33696,27,45,63,91
Efcab1,946,1009,1289,2014
Ube2v2,266,326,275,596
Mcm4,135,32,86,232
Prkdc,575,726,558,1018
Mzt2,25,20,14,46
Gm56598,5,2,4,5
Cebpd,16,7,15,37
Spidr,352,340,332,652
Pkp2,109,131,103,295
Yars2,18,20,17,26
Dnm1l,820,961,833,1581
Gm49521,10,11,31,35
Fgd4,1516,1608,1642,2981
Spag6l,152,62,122,284
Top3b,324,387,364,640
Ppm1f,55,58,52,98
Gm49595,4,7,8,3
Mapk1,1091,1263,1079,2234
1700056N10Rik,35,32,38,69
Ypel1,45,40,53,110
Ppil2,243,309,276,485
Gm49584,8,5,7,14
2610318N02Rik,1,7,3,12
Sdf2l1,8,29,19,16
Ccdc116,13,17,23,44
Ydjc,13,27,9,27
Ube2l3,361,382,317,716
Hic2,258,174,254,743
Tmem191,41,30,43,83
Pi4ka,1361,1416,1262,2654
Serpind1,4,6,13,18
Snap29,62,81,84,91
Crkl,183,293,230,389
Aifm3,22,28,30,36
Lztr1,136,205,119,254
Thap7,20,20,32,50
Gm49785,1,8,1,7
Lrrc74b,4,0,8,5
P2rx6,2,5,6,4
Slc7a4,28,27,27,53
Smpd4,135,115,94,201
Ccdc74a,5,1,4,6
Med15,623,669,555,1234
Klhl22,185,265,175,378
Scarf2,1,0,0,3
B830017H08Rik,7,18,6,11
Car15,3,6,1,5
Dgcr2,384,389,373,752
Ess2,34,35,30,74
Slc25a1,26,33,29,61
Dgcr6,28,20,29,20
Prodh,6,7,9,13
Rtn4r,3,1,4,2
4933432I09Rik,2,1,0,4
4930483P17Rik,1,1,3,11
Zdhhc8,187,208,138,293
Ranbp1,84,96,77,151
Trmt2a,130,154,134,244
Dgcr8,211,262,242,401
Tango2,319,386,354,591
Arvcf,236,189,174,286
Comt,300,343,270,546
Gm15764,10,7,9,15
Txnrd2,115,134,106,210
Gnb1l,99,129,73,186
Tbx1,24,10,30,19
4930588K23Rik,4,0,7,9
Gp1bb,3,2,1,5
Septin5,13,20,12,17
Cdc45,10,15,5,21
Ufd1,315,401,328,660
2510002D24Rik,131,150,105,186
Mrpl40,23,37,24,40
Hira,669,730,605,1304
2010309G21Rik,5,1,0,0
Iglc2,1,0,0,0
Gm43388,4,9,1,2
Gm56600,5,6,0,0
B3gnt5,21,9,0,3
Klhl6,26,20,0,4
Klhl24,365,401,627,949
Yeats2,694,646,784,1400
Parl,80,180,163,236
Cyp2ab1,4,2,2,28
Abcc5,1088,1222,927,1908
Eif2b5,107,107,144,221
Gm16618,7,6,6,8
Dvl3,124,156,119,230
Ap2m1,66,92,42,107
Abcf3,140,174,141,298
Gm49745,4,4,5,14
Vwa5b2,1071,1107,1104,2297
Gm49748,1,4,3,7
Alg3,14,36,15,33
Eef1akmt4,22,38,33,70
Camk2n2,39,36,39,112
Ece2,163,263,164,300
Psmd2,123,152,87,208
Eif4g1,1216,1313,913,2053
Fam131a,138,171,164,366
Clcn2,53,37,39,104
Polr2h,83,36,81,173
Thpo,4,3,5,9
Chrd,4,12,6,13
Ephb3,1,1,1,2
Gm56612,2,2,3,3
Vps8,458,544,373,902
2510009E07Rik,476,678,499,810
Ehhadh,35,60,59,82
1300002E11Rik,63,48,49,103
Map3k13,104,121,144,203
Tmem41a,5,8,11,6
Liph,3,5,9,5
Senp2,726,757,673,1646
Igf2bp2,94,93,68,181
Tra2b,2977,1514,2788,5780
Etv5,96,219,65,140
Dgkg,56,83,35,55
Gm15651,9,17,2,13
Tbccd1,103,150,114,262
Dnajb11,201,199,162,418
Eif4a2,902,982,900,1909
Rfc4,12,11,17,26
6330408M09Rik,8,21,17,30
B630019A10Rik,2,3,0,3
BC106179,1,7,5,9
St6gal1,1076,1248,971,2117
Masp1,0,2,1,1
Rtp4,6,0,0,3
Sst,504,1411,457,384
Bcl6,146,125,162,266
Gm56627,0,1,3,4
Lppos,29,61,53,85
Lpp,5345,6034,5520,12110
Trp63,0,1,0,0
P3h2,667,727,394,1272
AU015336,10,8,4,14
Cldn1,0,0,0,1
Il1rap,180,152,239,381
Gm20319,1,3,3,7
Ccdc50,876,1007,940,1906
Fgf12,11296,15584,11895,28747
Mb21d2,511,568,448,992
Plaat1,2,3,1,4
Opa1,637,740,638,1236
Gm49636,12,24,10,25
Gm26569,1,5,9,7
Gm1968,2,6,21,14
4632428C04Rik,27,72,28,59
9030404E10Rik,20,25,33,41
Hes1,105,98,57,171
Atp13a3,1210,683,758,2512
Gm56606,20,21,16,47
Tmem44,4,4,5,7
Lsg1,338,292,320,766
Fam43a,7,23,7,16
Gm46565,94,99,137,189
Xxylt1,121,152,101,184
Acap2,715,936,668,1379
Ppp1r2,456,525,503,841
Gm49767,2,0,1,1
Apod,15,11,42,39
Bdh1,10,43,9,17
Gm15743,0,0,0,0
Gm49695,0,0,0,0
Gm46560,2,6,14,11
Dlg1,2449,2280,2719,5201
Meltf,7,5,0,13
Ncbp2as2,8,10,7,7
Ncbp2,75,96,83,164
Senp5,546,669,526,1154
Pak2,497,633,533,930
Pigx,41,46,42,70
Cep19,17,50,23,25
Nrros,23,27,8,12
Fbxo45,91,79,51,114
Wdr53,49,44,37,91
Rnf168,179,214,157,354
Ubxn7,683,766,635,1182
Tm4sf19,1,2,0,2
Dynlt2b,26,51,40,71
Pcyt1a,433,395,381,899
Zdhhc19,57,88,57,77
Gm34680,5,0,1,1
Tfrc,425,452,332,653
Tnk2,229,275,196,426
Muc4,81,125,11,46
Muc20,2,2,4,1
Rubcn,371,547,375,687
Fyttd1,592,575,651,1229
Lrch3,1357,1574,1279,2730
Gm17106,80,125,119,159
Iqcg,24,16,21,42
Rpl35a,137,248,217,236
Lmln,181,178,204,332
Osbpl11,282,255,249,507
Snx4,554,716,540,1020
1700007L15Rik,7,10,26,25
Zfp148,3172,3613,2949,6604
Slc12a8,36,31,44,99
Heg1,1431,1593,1323,2983
Gm15657,2,15,25,17
Muc13,2,2,3,15
Itgb5,177,219,192,298
Umps,48,96,56,120
Kalrn,1865,1344,1154,3397
Ccdc14,76,70,77,136
Mylk,3,7,3,5
Gm21691,18,14,17,32
Hacd2,701,818,678,1708
Adcy5,52,19,10,117
Sec22a,571,732,636,1348
Pdia5,404,730,460,886
Sema5b,5,4,3,7
Slc49a4,373,336,427,653
Hspbap1,176,198,177,354
Parp14,189,180,168,261
Dtx3l,28,30,13,21
Parp9,127,101,73,143
Gm15564,10,35,19,27
Kpna1,1260,675,1062,2606
Wdr5b,43,49,25,44
Fam162a,118,359,205,268
Ccdc58,187,410,295,411
Casr,883,1689,909,2685
Gm49662,1,2,5,3
Cd86,58,45,2,2
Ildr1,284,424,362,615
Slc15a2,329,179,163,396
Gm56626,56,24,46,44
Eaf2,89,142,159,220
Iqcb1,765,610,873,1719
2600002D14Rik,5,4,6,16
Golgb1,3326,4473,3330,5639
4930565N06Rik,12,36,23,26
Hcls1,5,8,3,17
Polq,29,22,28,32
Stxbp5l,1666,2088,1665,3465
Gtf2e1,66,118,82,151
Rabl3,125,166,217,364
Hgd,7,6,8,18
Ndufb4,23,30,21,27
Fstl1,12,3,1,4
Lrrc58,520,458,450,939
Gpr156,4,5,2,3
Gsk3b,1969,2104,1973,3955
Nr1i2,1,2,1,3
Cfap91,60,75,91,143
Cox17,42,64,81,57
Popdc2,1,3,2,4
Pla1a,6,4,2,4
Adprh,22,34,22,35
D930030I03Rik,3,4,2,5
Cd80,17,11,5,6
Timmdc1,267,500,321,610
Gm56613,4,9,4,5
Poglut1,115,162,93,183
Tmem39a,779,872,886,2011
Gm17103,11,22,24,54
Arhgap31,111,102,60,84
B4galt4,14,19,15,22
Igsf11,10,23,3,10
Lsamp,17,15,12,37
Gap43,6,13,1,1
4932412D23Rik,11,3,4,12
Zbtb20,22611,20306,22641,46847
Gm19522,43,86,105,154
Gm9968,76,81,150,210
Gm15713,7,5,18,12
Gm49735,3,0,2,1
Drd3,3,1,2,2
Qtrt2,120,156,128,311
Ccdc191,719,913,906,1392
Zdhhc23,77,100,74,184
Gramd1c,95,131,110,160
Atp6v1a,443,491,486,873
Naa50,301,291,223,548
Usf3,426,561,407,705
Sidt1,83,117,73,42
Spice1,180,260,176,323
Cfap44,93,50,77,138
Boc,1,1,1,2
Nepro,25,40,16,42
Gtpbp8,103,121,159,220
Ccdc80,2,3,3,1
Slc35a5,74,93,84,133
Atg3,330,455,406,677
Btla,22,17,0,11
Cd200,193,404,313,451
Cd200l1,931,1558,1160,1728
Slc9c1,8,16,4,19
BC016579,4,0,0,1
Tmprss7,3,3,4,3
Tagln3,2,2,2,5
Abhd10,94,84,95,176
Phldb2,3835,4196,4488,8356
Gm15640,15,42,47,57
Gm15638,15,21,24,31
Plcxd2,370,664,416,642
Cd96,14,18,4,4
Ahcyl,4,1,3,5
Nectin3,206,299,192,361
Morc1,3,2,2,7
Trat1,4,13,8,33
Dzip3,429,534,406,830
Cip2a,27,9,12,29
Ift57,632,1014,701,1363
Gm15518,3,7,6,15
Cd47,838,957,988,1781
Gm4633,6,8,7,16
Bbx,3498,3696,3388,7212
4930542D17Rik,3,4,1,1
Dubr,7,27,6,21
Cblb,1351,1426,1204,2481
Alcam,6639,9395,8156,16259
Zpld1,4,3,12,32
Gm56599,2,0,1,14
Nfkbiz,955,532,997,1965
Nxpe3,22,28,24,38
Cep97,108,179,119,204
Rpl24,215,328,342,451
Zbtb11os1,2,1,5,10
Zbtb11,1587,663,1320,3710
Pcnp,387,378,441,836
Trmt10c,29,28,29,50
Senp7,1161,1282,1110,2281
Gm56624,10,7,11,15
Impg2,34,48,22,55
Abi3bp,3,3,1,5
Tfg,554,510,524,1112
Tmem45a,0,0,0,0
Tomm70a,285,378,322,572
Nit2,35,47,25,60
Gm16892,4,7,2,6
Tbc1d23,1021,1019,1082,2192
Tmem30c,7,6,6,19
Cmss1,37856,24588,21733,35436
Gm49579,0,1,2,2
Filip1l,45,53,1251,591
Col8a1,163,10,90,774
4930461C15Rik,3,5,0,5
Dcbld2,140,167,128,267
St3gal6,453,489,517,936
Cpox,63,93,85,112
Cldnd1,60,42,67,114
Riox2,49,105,65,133
Crybg3,524,456,354,938
Arl6,84,82,95,151
4930547E14Rik,4,3,8,9
Epha6,6,3,7,16
Nsun3,69,112,115,200
Arl13b,322,327,337,806
Stx19,1,2,6,8
Pros1,16,20,28,49
Gm18870,1,0,0,0
Epha3,16,9,0,2
4930453N24Rik,95,87,141,179
Zfp654,977,818,996,1732
Cggbp1,105,103,96,133
Gm56611,0,0,2,2
Htr1f,0,3,2,5
Chmp2b,55,51,49,80
Gm36457,1,2,4,4
Cadm2,368,60,93,510
Speer2,10,10,6,20
Gbe1,245,263,291,579
Robo1,507,294,127,521
4930500H12Rik,1,3,0,1
Robo2,24898,25983,17390,54981
Rbm11,28,36,69,68
Hspa13,156,200,173,363
Samsn1,31,27,0,1
Nrip1,581,729,700,1009
Gm49587,1,2,2,2
Usp25,484,483,501,1077
Mir99ahg,103,59,52,256
E330011O21Rik,5,8,5,15
Cxadr,531,507,622,1536
Btg3,2345,1645,2923,6575
D16Ertd472e,48,67,79,155
Tmprss15,4,1,7,4
Ncam2,174,152,146,301
Mir155hg,7,6,0,3
Mrpl39,56,72,46,85
Jam2,33,49,24,21
Atp5j,46,90,67,76
Gabpa,136,160,141,275
App,1583,1739,1818,3106
Gm10791,3,5,5,7
Gm49227,0,2,3,4
Gm49226,4,12,4,12
Cyyr1,43,36,14,34
Adamts1,27,16,3,12
Adamts5,3,11,0,8
Gm32461,10,2,10,7
Gm32624,15,13,11,36
N6amt1,58,70,66,90
Ltn1,449,518,380,723
Rwdd2b,4,8,4,8
Usp16,664,512,549,1425
Cct8,198,231,175,398
B130034C11Rik,21,19,23,23
Map3k7cl,0,2,0,4
Bach1,339,206,271,716
2810407A14Rik,10,6,20,26
Grik1,5,1,3,5
Tiam1,345,677,441,789
Sod1,261,236,338,534
Scaf4,783,810,588,1263
Gm56623,1,2,4,0
Gm49708,3,6,5,8
Hunk,14,17,11,38
Gm36169,0,1,0,0
Mis18a,3,2,7,1
Gm17518,1,4,4,2
Urb1,168,173,165,295
Eva1c,303,335,410,632
Gm36363,4,7,12,7
Cfap298,91,100,115,151
4930534H18Rik,5,11,11,2
Synj1,1103,1024,1158,2266
Gm15965,1,5,7,5
4930404I05Rik,5,7,9,10
Paxbp1,1054,1042,987,2024
4931406G06Rik,10,8,9,11
4932438H23Rik,22,11,29,30
Ifnar2,104,128,104,192
Il10rb,48,67,89,88
Gm49625,5,7,3,8
A930006K02Rik,8,13,18,22
Ifnar1,141,155,132,247
Ifngr2,53,53,46,48
Tmem50b,82,85,82,140
Gm15964,2,0,0,1
Dnajc28,1,18,3,7
Gart,137,222,141,283
Son,4257,3535,3448,6850
Donson,73,52,40,104
Gm10785,56,75,75,117
Cryzl1,396,497,434,808
Itsn1,453,423,352,775
Atp5o,32,60,48,52
D430001F17Rik,3,1,4,3
Mrps6,70,98,67,114
Slc5a3,40,68,26,84
Gm16310,1,17,5,17
Gm41496,5,4,7,9
Smim11,12,27,22,31
Rcan1,199,256,212,411
Gm46555,0,4,2,2
Runx1,192,190,8,17
Setd4,126,118,150,291
Gm49961,26,18,38,54
Cbr1,38,39,44,75
Cbr3,0,7,1,2
Dop1b,938,1092,811,1885
2310043M15Rik,2,0,4,2
Gm30881,3,3,5,7
Morc3,336,344,271,589
Chaf1b,16,11,15,40
Hlcs,772,1025,655,1504
Gm48984,2,3,1,1
Ripply3,29,56,38,61
Pigp,69,116,125,205
Ttc3,3983,4215,3639,8063
Gm31323,18,34,23,61
Vps26c,86,131,130,180
Gm56596,12,11,13,24
Dyrk1a,2499,2331,2096,5970
Gm41505,13,14,20,51
Kcnj6,2800,2961,1888,4764
Gm31641,0,1,0,2
Kcnj15,0,1,0,0
Erg,4,6,0,8
Gm56622,0,0,0,0
Ets2,218,148,193,423
1600002D24Rik,2,6,5,4
Psmg1,40,46,25,68
Brwd1,2012,2108,1540,3464
Gm15342,0,5,2,5
1700093J21Rik,26,44,54,82
Gm49953,5,0,0,3
Hmgn1,440,256,321,719
Get1,38,37,34,53
Lca5l,112,106,108,176
Sh3bgr,41,44,48,80
B3galt5,114,150,167,206
Igsf5,136,272,164,320
Itgb2l,3,2,1,2
Pcp4,22,12,12,10
Dscam,329,577,146,464
Gm49907,0,0,0,0
Gm32509,5,6,3,4
Bace2,160,227,50,170
Mx1,2,4,0,0
Mx2,43,41,41,91
Tmprss2,74,28,20,17
Ripk4,391,248,277,686
Prdm15,208,280,130,314
C2cd2,124,144,117,279
Zbtb21,259,135,187,510
B230307C23Rik,132,188,166,269
A630089N07Rik,300,416,380,654
ENSMUSG00000121378,29,34,38,56
1700024P12Rik,0,0,1,0
Scaf8,2020,1930,1787,3883
Gm49797,550,614,612,1190
Gm34035,0,2,2,3
Tiam2,8,7,12,13
Tfb1m,73,85,73,118
1700102H20Rik,3,5,6,14
4930470H14Rik,0,0,2,0
Arid1b,4312,4168,3449,7407
Gm34854,6,12,8,7
Tmem242,54,76,76,108
Ldhal6b,10,9,5,11
Gm56889,6,4,3,8
Zdhhc14,2572,3570,2632,5323
Snx9,605,724,492,1001
Synj2,382,472,353,607
Serac1,126,135,125,218
Gtf2h5,73,109,105,198
Tulp4,1754,1835,1307,3250
Tmem181a,380,322,430,661
Dynlt1a,80,151,102,171
Dynlt1b,79,151,192,175
ENSMUSG00000121395,365,549,407,607
Dynlt1c,76,145,185,255
Dynlt1f,45,77,72,98
Sytl3,51,62,61,92
Ezr,300,117,201,435
Gm2885,62,81,72,117
4933426B08Rik,1,2,1,3
Rsph3b,330,460,337,589
Gm49719,2,6,5,5
Tagap1,38,37,30,60
Rnaset2b,44,51,66,85
Gm1604b,10,6,29,30
Rps6ka2,1668,2064,1330,2658
Tcp10a,0,1,0,5
Ttll2,0,0,1,1
Fndc1,6,4,12,22
E430024P14Rik,23,35,16,33
Tagap,6,8,0,0
Rsph3a,142,253,191,240
Gm1604a,20,12,33,37
Rnaset2a,33,64,58,82
Cep43,260,331,281,593
Ccr6,11,6,0,0
Mpc1,334,327,286,729
4930506C21Rik,12,18,13,20
Sft2d1,118,185,118,312
Prr18,1,4,4,4
T2,31,46,28,47
Pde10a,3568,18692,4043,10769
1700010I14Rik,42,37,45,68
Qki,946,875,896,2088
1700110C19Rik,11,41,25,38
Pacrg,2596,2896,2886,4870
A230009B12Rik,12,9,13,22
Gm16168,40,75,64,114
Gm16169,2,6,12,7
Prkn,14827,17878,15240,30044
Gm28505,2,4,3,7
Agpat4,379,428,482,884
Map3k4,429,454,315,673
4732491K20Rik,33,45,39,69
Slc22a2,8,10,1,2
Slc22a1,5,1,2,4
Igf2r,661,871,767,1257
Airn,4690,7553,5720,8964
Gm49959,42,130,68,101
Gm49958,6,28,10,17
Mas1,28,24,32,57
Pnldc1,11,19,7,27
Mrpl18,7,12,4,10
Tcp1,171,237,157,293
Acat3,3,5,4,2
Acat2,29,19,25,50
Wtap,211,272,191,320
Sod2,410,446,418,875
Gpr31b,0,0,0,0
Tcp10b,1,4,2,11
2700054A10Rik,539,660,632,1133
Gm16050,6,6,4,10
Smok4a,5,5,1,4
Gm16046,32,38,37,36
Tcte2,322,435,351,528
Afdn,1482,1760,1259,2702
Dact2,88,189,126,189
Gm34510,3,5,6,7
Gm34567,1,1,7,6
Smoc2,3,1,7,1
Thbs2,2,1,0,0
Wdr27,67,66,87,151
1600012H06Rik,14,40,27,49
Phf10,149,179,138,306
Dynlt2a3,4,3,8,24
9030025P20Rik,54,64,44,75
Dynlt2a2,29,67,56,121
Gm3435,6,10,19,27
Ermard,202,234,209,436
Dll1,25,29,25,43
Fam120b,368,751,517,857
Gm49668,3,7,1,12
Psmb1,157,252,209,371
Tbp,156,142,139,337
Pdcd2,13,22,25,37
Prdm9,33,60,39,67
Gm56911,4,5,3,2
Chd1,1089,901,857,2238
Rgmb,40,55,37,77
BC002059,209,239,182,377
Gm51425,40,96,85,120
Zfp960,14,15,22,14
Zfp97,17,19,33,25
Gm5165,90,89,81,97
Gm6712,121,136,147,206
Gm53028,31,24,30,61
Riok2,139,162,159,269
Lix1,9,17,12,21
Lnpep,1075,1332,1294,2305
Spaca6,290,422,334,532
Has1,1,2,1,6
Fpr3,0,2,8,3
Vmn2r97,0,1,0,1
Gm49761,4,5,4,15
Ppp2r1a,263,198,186,433
Zfp160,120,277,207,343
Zfp677,36,29,20,41
Gm49691,1,1,2,4
Zfp54,13,19,22,19
Zfp51,36,50,45,85
Gm56906,40,59,62,47
Zfp53,112,160,103,147
9330136K24Rik,10,22,10,12
Zfp52,64,119,96,131
Zfp948,172,177,196,432
Gm41541,42,96,56,113
Zfp983,91,143,122,225
Gm10509,75,110,75,201
Zfp760,45,69,48,67
Zfp229,50,46,50,68
Zfp820,30,55,44,49
Zfp995,86,111,119,187
Zfp942,267,325,311,522
Zfp943,308,405,334,677
Zfp947,19,28,25,43
Zfp994,96,119,108,164
Gm7072,160,183,209,308
Zfp944,145,146,172,299
Zfp758,86,106,101,151
Zfp946,70,133,119,173
Gm56890,11,18,18,20
Gm5493,2,7,3,2
Zfp945,232,265,284,624
Zfp40,140,155,174,319
Vmn2r114,2,0,1,2
6330415G19Rik,2,4,7,0
Zfp213,14,20,12,17
Zfp13,46,34,43,72
Mmp25,0,0,0,3
Bicdl2,9,9,9,16
Thoc6,28,27,30,85
Hcfc1r1,28,33,34,44
Tnfrsf12a,18,22,23,66
Cldn6,8,15,24,13
Grep1,3,2,0,6
Pkmyt1,17,16,11,29
Paqr4,2,1,0,1
Kremen2,0,0,0,1
9530082P21Rik,8,21,5,9
Flywch1,109,203,153,203
Gm49163,2,3,1,1
Gm16275,1,6,5,7
Flywch2,9,9,5,14
Srrm2,8578,7407,5997,12253
Elob,23,63,47,80
Prss41,21,11,15,26
Prss32,3,0,1,8
Prss27,4,0,1,3
Kctd5,56,67,50,116
Pdpk1,944,1016,870,1721
Gm50071,11,7,15,11
Gm50070,0,0,1,1
Amdhd2,29,26,29,40
Atp6v0c,161,131,205,340
Tbc1d24,95,114,83,181
Ntn3,3,11,11,11
BC028777,3,5,2,1
Tedc2,11,7,13,19
Ccnf,4,6,8,13
Abca17,6,4,3,7
Abca3,454,536,502,976
D330041H03Rik,45,63,51,87
Rnps1,206,246,226,474
Eci1,39,52,53,57
Dnase1l2,14,18,6,12
E4f1,160,141,93,234
Pgp,38,60,47,56
Mlst8,33,26,11,36
Caskin1,40,32,31,54
Traf7,124,147,79,217
Rab26,16,20,21,38
Rab26os,0,9,1,1
Pkd1,1095,1192,915,2110
Tsc2,168,166,105,224
Nthl1,10,14,5,6
Nherf2,11,14,6,4
Zfp598,142,165,94,270
Syngr3,10,4,7,6
Gfer,13,15,26,35
Noxo1,27,43,31,61
Tbl3,86,84,83,183
Rps2,200,294,278,319
Snhg9,40,62,42,68
Ndufb10,21,46,13,36
Rpl3l,0,3,0,3
Msrb1,0,14,6,0
Hs3st6,9,14,15,4
Gm50022,3,0,0,2
Meiob,4,2,6,8
Hagh,92,145,93,187
Fahd1,1,14,8,7
Igfals,44,50,39,93
Nubp2,11,13,11,32
Spsb3,41,40,26,67
Eme2,56,55,58,88
Mapk8ip3,1034,1298,743,1636
Mrps34,14,16,13,6
Nme3,1,3,4,5
Jpt2,119,187,115,178
Cramp1,521,466,373,878
Ift140,319,248,252,496
Tmem204,7,17,5,14
Telo2,27,28,26,51
Clcn7,77,91,81,126
Uqcc4,44,43,29,77
Unkl,81,73,55,135
Gnptg,178,152,150,266
Tsr3,44,41,33,54
Baiap3,1134,1224,1199,1913
Ube2i,484,609,647,1186
Cacna1h,12,31,15,13
Tekt4,4,8,9,11
Lmf1,236,253,167,354
Chtf18,2,3,8,16
Rpusd1,20,20,23,22
Mslnl,5,0,3,7
Msln,0,0,0,4
Ciao3,76,97,55,124
Haghl,62,88,50,108
Ccdc78,2,4,8,10
Antkmt,50,72,73,152
Metrn,6,2,3,10
Fbxl16,419,534,290,625
Wdr24,22,36,20,36
Jmjd8,41,44,38,67
Stub1,128,225,137,271
Gm56915,19,14,13,35
Rhbdl1,19,28,7,33
Rhot2,108,118,87,224
Wdr90,213,257,221,492
Mcrip2,4,12,5,10
Mettl26,77,114,115,151
Wfikkn1,12,8,11,30
Rab40c,513,521,494,932
Gm16278,16,21,24,37
Pigq,80,140,94,187
D630044L22Rik,3,2,0,3
Capn15,288,397,293,567
1700022N22Rik,0,6,1,5
Rab11fip3,722,638,614,1228
Decr2,105,117,79,159
Nme4,13,14,18,20
Pgap6,57,89,49,118
Mrpl28,23,36,20,73
Axin1,402,470,397,679
Pdia2,1,0,1,0
Arhgdig,5,8,8,8
Rgs11,195,288,191,248
Fam234a,428,636,466,735
Luc7l,1141,1110,825,1892
Gm50013,28,46,47,52
Neurl1b,25,33,17,50
Gm50269,1,0,0,0
Gm34455,56,158,53,154
Dusp1,557,509,546,996
Gm56886,3,0,3,1
Ergic1,456,586,388,834
Gm17218,1,3,1,3
Atp6v0e,205,236,232,509
Crebrf,946,800,1339,2136
Bnip1,81,124,125,179
Gm20468,6,8,6,4
Gm17382,16,36,37,34
Gm41555,5,6,10,11
Kifc5b,12,17,11,23
Phf1,193,183,202,347
Cuta,27,40,25,40
Syngap1,282,333,196,347
Gm56897,1,4,3,7
Zbtb9,45,67,66,108
Ggnbp1,110,133,71,157
Bak1,24,22,23,32
Gm50295,1,1,2,0
Itpr3,357,409,252,478
Itpr3os,1,1,1,2
Uqcc2,55,68,36,78
Ip6k3,0,1,0,2
Lemd2,99,106,98,186
Gm26724,3,27,15,29
9630028I04Rik,2,7,2,7
Grm4,0,1,1,0
Gm49774,8,6,3,5
Hmga1,13,12,7,19
Smim29,27,25,23,57
Nudt3,268,335,203,457
Gm49741,2,6,4,7
Rps10,96,218,182,149
Gm15420,1,1,0,4
Pacsin1,463,540,338,618
Spdef,6,2,1,18
Gm15458,4,8,11,37
Ilrun,925,846,668,1665
Snrpc,247,133,166,436
Uhrf1bp1,199,154,149,317
Taf11,196,155,188,383
Gm49801,21,17,29,27
Anks1,1516,1851,1158,2722
Gm15597,3,0,0,1
Gm49802,5,8,2,5
Tcp11,405,156,329,572
Scube3,3,8,1,5
C230013L11Rik,15,30,26,35
Zfp523,199,242,216,471
Def6,22,23,6,30
Ppard,965,1026,720,1942
Fance,120,142,130,209
Gm49886,2,6,0,4
Rpl10a,113,219,126,233
Tead3,4,3,1,4
Fkbp5,1707,1836,2092,5299
Gm49838,17,14,18,66
Gm22146,10,23,18,24
E230001N04Rik,9,36,19,42
Armc12,1,0,2,1
Clps,23,5,30,25
Lhfpl5,5,13,13,6
Srpk1,343,439,229,608
Slc26a8,135,157,162,298
Mapk14,894,759,640,1563
Gng5c,15,21,12,50
Mapk13,7,10,5,9
Gm49864,11,5,4,0
Brpf3,253,251,225,485
Bnip5,75,46,40,23
Gm16191,11,5,9,23
Pxt1,9,12,20,20
1700063J08Rik,14,6,11,17
Kctd20,781,531,762,2530
Stk38,640,778,567,1219
Gm16196,30,39,26,37
Srsf3,1047,826,841,2247
Gm41556,8,13,17,31
Trp53cor1,128,221,315,289
Cdkn1a,189,109,377,619
Cpne5,4,4,0,13
Ppil1,17,39,15,27
BC004004,188,247,206,288
Pi16,7,9,5,16
Gm46603,12,4,4,20
Mtch1,260,337,232,451
Fgd2,86,111,101,124
Gm36486,1,3,1,2
Gm36199,3,4,3,4
Gm26885,9,1,2,9
Gm56894,2,2,2,2
Pim1,69,52,64,72
Tmem217,0,1,1,2
Tbc1d22b,392,538,326,718
Tbc1d22bos,17,19,8,35
Rnf8,529,585,435,954
Cmtr1,481,464,376,827
Ccdc167,80,123,112,150
Mdga1,3,4,1,4
Gm50019,2,8,4,11
Zfand3,2835,3249,2413,5335
Btbd9,4082,4769,3760,8469
Gm50250,11,19,24,28
Gm50240,82,74,63,137
Glo1,70,112,97,153
Dnah8,12,12,11,2
Glp1r,168,232,24,139
Gm10503,7,4,1,2
Abcg1,430,437,291,693
Gm50218,34,27,28,43
Rsph1,32,41,31,81
Slc37a1,547,508,538,975
Pde9a,12,45,22,19
Wdr4,107,131,108,233
Gm50103,9,5,7,11
Ndufv3,77,94,61,91
Gm50105,1,2,1,0
Gm50455,12,19,7,16
Pknox1,125,162,139,258
Gm50107,3,10,8,5
Cbs,89,189,86,159
U2af1,521,325,476,1033
Sik1,557,488,442,1159
Hsf2bp,2,3,1,15
Rrp1b,199,171,174,421
Pdxk-ps,7,6,9,8
Gm17276,61,91,64,60
Notch3,6,6,2,11
Ephx3,3,3,1,2
Brd4,1688,1607,1506,3631
Gm26549,54,65,71,108
Akap8,458,442,342,713
Akap8l,1928,2220,1671,3256
Wiz,294,292,229,470
Rasal3,7,39,12,14
A530088E08Rik,15,48,17,27
Cyp4f39,13,26,24,31
Cyp4f17,206,268,235,386
Cyp4f16,79,93,66,147
Gm50046,1,7,6,6
Zfp871,387,520,433,880
Zfp811,30,32,28,82
Gm26693,1,4,2,0
Zfp799,101,138,203,230
Gm50050,2,0,2,0
Zfp870,2,10,5,10
Cyp4f13,256,328,366,599
Cyp4f41-ps,18,32,14,20
Zfp472,38,33,31,45
Zfp952,71,146,80,116
Zfp763,61,81,51,67
Zfp563,67,131,62,106
Morc2b,5,2,1,3
Zfp955a,48,70,50,77
Zfp955b,56,121,93,148
Zfp81,57,102,80,127
Zfp101,88,68,125,134
Adamts10,27,25,19,52
Myo1f,13,19,2,5
Zfp414,21,35,40,58
Pram1,38,19,37,70
Hnrnpm,1286,1091,1138,2649
Marchf2,116,218,184,252
Rab11b,513,434,612,1274
Gm17251,10,16,20,24
Angptl4,0,0,6,1
Kank3,1,2,4,9
Rps28,51,105,89,115
Ndufa7,100,136,106,197
Cd320,11,20,15,21
Kifc1,1,1,3,2
BC051226,9,19,8,6
Daxx,58,71,64,124
Tapbp,198,172,182,326
Zbtb22,25,8,12,17
Gm19412,25,15,16,39
Rgl2,125,111,93,192
Pfdn6,11,17,13,1
Wdr46,13,19,20,40
B3galt4,2,1,1,6
Rps18,113,243,228,246
Vps52,77,80,81,136
H2-K2,115,85,66,54
AA388235,3,3,4,5
H2-K1,582,612,250,400
Ring1,107,119,93,201
Hsd17b8,77,110,62,145
Slc39a7,363,432,343,774
Rxrb,99,87,79,165
Col11a2,56,49,19,71
H2-Oa,3,0,0,1
Gm50333,3,0,7,6
Brd2,723,433,494,997
H2-DMa,55,75,62,114
Gm50336,1,0,1,0
Gm50335,0,1,0,2
H2-DMb2,6,7,0,0
H2-DMb1,10,7,2,2
Psmb9,30,20,16,25
Tap1,45,48,45,62
Psmb8,10,27,13,14
Tap2,114,83,125,153
Gm15821,2,1,1,2
H2-Ob,15,8,0,0
H2-Ab1,50,67,13,8
H2-Aa,81,81,12,2
Gm20513,6,14,0,2
H2-Eb1,93,72,14,9
H2-Eb2,7,3,0,0
Btnl2,4,0,0,0
ENSMUSG00000121508,0,1,3,3
Tsbp1,1209,1091,1087,2338
Notch4,7,6,3,3
Gpsm3,1,4,0,3
Pbx2,91,93,54,94
Ager,17,18,6,24
Rnf5,9,25,25,18
Agpat1,63,68,44,79
Egfl8,10,19,8,25
Ppt2,58,110,70,127
2610029K11Rik,3,5,2,4
Prrt1,233,192,147,320
Fkbpl,7,7,8,12
Atf6b,59,88,34,112
Tnxb,6,1,6,22
C4b,2,0,0,0
C4a,17,18,9,14
Stk19,267,312,294,511
Dxo,24,22,13,28
Skic2,169,221,156,266
Nelfe,79,69,82,148
Cfb,0,2,2,4
C2,8,12,21,27
Zbtb12,8,15,14,15
Gm56901,0,7,7,1
Ehmt2,351,431,287,590
Slc44a4,3,1,3,5
Neu1,112,104,114,210
1110038B12Rik,7,6,12,17
Hspa1b,14,188,3,2
Hspa1a,48,415,33,15
Hspa1l,3,1,2,1
Gm10501,30,54,39,72
Lsm2,7,19,14,24
D17H6S56E-5,10,8,10,11
Vars,105,159,92,178
Vwa7,0,5,0,1
Sapcd1,9,5,7,5
Msh5,106,116,115,209
Gm56899,3,7,5,6
Clic1,74,105,78,109
Ddah2,2,7,1,0
Abhd16a,228,219,186,442
Ly6g5b,0,1,2,9
Csnk2b,25,35,18,64
Gpank1,16,12,12,15
Gm20522,2,3,5,7
D17H6S53E,1,6,3,3
Bag6,161,157,132,283
Prrc2a,436,399,273,546
Gm17705,0,4,2,1
Aif1,0,2,0,0
Lst1,0,4,3,2
Ltb,14,14,0,3
Tnf,0,0,0,0
Lta,0,0,1,0
Nfkbil1,99,105,92,201
Atp6v1g2,19,21,17,25
Ddx39b,723,899,642,1518
H2-D1,242,233,83,181
H2-Q2,290,300,126,57
Gm11131,2,4,5,11
H2-Q4,224,536,194,50
H2-Q5,4,7,1,6
H2-Q6,26,30,1,6
H2-Q7,40,45,1,1
Pou5f1,20,23,14,42
Tcf19,1,3,1,1
Cchcr1,41,39,31,49
Sfta2,10,5,8,8
Gm20483,3,5,3,6
Vars2,94,121,67,156
Gtf2h4,18,32,22,36
Ddr1,411,450,383,609
Gm4577,0,0,1,2
4833427F10Rik,2,2,1,10
Ier3,9,17,8,18
Flot1,61,86,69,113
Tubb5,25,81,22,36
Mdc1,165,182,122,237
Ppp1r18os,1,2,1,1
Nrm,1,2,0,0
Ppp1r18,1,0,0,5
Dhx16,106,143,93,167
2310061I04Rik,21,41,29,61
Gm16279,39,65,45,100
Atat1,247,428,286,490
Mrps18b,32,51,39,81
Ppp1r10,773,812,652,1723
Abcf1,468,410,383,891
Gm32655,4,12,12,9
Prr3,202,177,205,438
Gnl1,193,82,134,347
Gm20508,12,6,8,19
A930015D03Rik,334,652,429,727
H2-T24,4,7,3,5
H2-T23,23,25,64,59
H2-T22,38,46,61,60
Gm6034,10,3,6,16
H2-T10,14,9,6,13
Gm19684,6,8,2,8
Gm8909,4,3,3,5
Gm20478,2,2,5,4
Rpp21,42,41,47,112
Trim39,368,437,316,765
Trim26,281,292,268,544
Rnf39,39,28,35,62
Ppp1r11,61,59,68,106
Polr1h,43,25,31,75
Polr1has,4,21,19,23
Zfp57,1,0,1,0
Gabbr1,418,368,257,545
Gm20429,1,1,0,0
H2-M3,33,23,34,35
H2-M2,1,2,2,2
Or5v1b,1,0,0,1
9130008F23Rik,2,2,3,4
Cenpq,56,44,80,96
Mmut,125,152,106,246
Ptchd4,1,19,0,6
Adgrf4,4,0,1,6
Adgrf2,8,9,12,18
Cd2ap,1637,1771,1489,3134
Tnfrsf21,16,36,31,19
Adgrf5,38,75,12,42
Pla2g7,1,2,0,0
Tdrd6,4,5,1,16
Slc25a27,430,553,518,1059
Cyp39a1,77,95,107,266
Gm56919,4,6,7,14
Rcan2,3770,4219,3428,7892
Enpp5,81,94,104,188
Enpp4,21,65,53,44
Gm34917,26,54,34,56
Clic5,90,85,94,155
Runx2,103,142,95,183
Supt3,1146,1287,1316,2373
Cdc5l,340,350,371,563
B230354K17Rik,67,96,86,115
Spats1,22,28,41,44
Aars2,17,31,7,42
Tmem151b,7,0,3,1
Nfkbie,29,16,9,33
Slc35b2,19,29,29,52
Hsp90ab1,854,1810,703,869
Gm56882,4,1,1,1
Slc29a1,207,311,197,424
Gm17080,3,3,4,5
Capn11,11,5,17,25
Tmem63b,309,351,254,524
Gm16172,3,2,2,5
Mrpl14,23,55,23,52
F630040K05Rik,0,1,4,4
Gm41584,4,10,2,7
Gm49805,4,2,0,3
Vegfa,1168,1316,813,1812
Mrps18a,62,89,78,142
Rsph9,54,69,71,118
Mad2l1bp,1,4,6,4
Gtpbp2,170,254,225,420
Polh,71,115,81,137
Xpo5,271,303,237,476
Polr1c,54,67,73,136
Yipf3,109,108,139,145
Lrrc73,40,34,26,75
Tjap1,160,188,141,299
Abcc10,85,113,60,145
Zfp318,313,389,294,395
Ttbk1,231,55,49,335
Dnph1,2,1,2,4
Cul9,576,669,490,996
Srf,120,48,185,306
Ptk7,98,147,108,186
Klc4,71,70,65,111
Mrpl2,42,61,45,62
Cul7,137,170,84,159
Rrp36,56,94,42,99
Klhdc3,95,109,74,165
Mea1,10,26,6,30
Ppp2r5d,44,49,22,62
Pex6,95,126,73,128
Gnmt,9,7,11,27
Cnpy3,66,116,72,119
Ptcra,6,2,4,12
2310039H08Rik,13,30,8,15
Rpl7l1,98,155,100,201
Bicral,698,827,596,1066
Tbcc,16,12,16,2
Prph2,1,0,0,5
Ubr2,2137,2276,1749,4145
Trerf1,3047,3653,3042,5491
Mrps10,95,202,101,255
Guca1b,10,14,3,19
Guca1a,1,3,0,2
1700001C19Rik,20,32,42,49
AI661453,137,147,117,240
Taf8,82,100,104,180
Ccnd3,1545,1268,1911,4014
Bysl,41,52,36,86
Med20,212,189,164,399
Usp49,212,214,213,527
Tomm6,30,11,41,56
Tomm6os,7,1,4,13
Prickle4,2,1,2,6
Frs3,11,12,9,15
Tfeb,124,111,69,124
Mdfi,0,0,0,1
Foxp4,725,884,634,1142
Treml2,9,2,0,1
Nfya,64,117,111,160
Oard1,59,66,67,91
Gm49893,16,19,30,57
Apobec2,9,4,2,12
Unc5cl,16,33,9,8
Gm49896,7,21,3,10
Gm45330,161,331,295,488
Lrfn2,36,36,9,80
Mocs1,31,40,41,55
Daam2,2,0,0,2
Kif6,10,2,11,23
Rftn1,82,63,12,43
Dazl,3,2,0,6
Gm49906,5,12,7,12
Plcl2,1745,2247,1477,3345
Tbc1d5,2644,2788,2809,5444
Satb1,1016,736,610,1672
Gm19585,0,3,2,3
Gm27217,2,0,0,0
Kcnh8,1132,1237,1280,2369
Efhb,51,56,133,186
Rab5a,759,625,860,1879
Gm49915,21,30,32,79
Pp2d1,4,0,6,15
Kat2b,1279,1324,1091,2033
Sgo1,4,5,4,5
Sult1c2,8,20,32,44
St6gal2,0,3,5,2
Pot1b,275,189,313,473
Adgre4,0,0,1,0
Zfp119a,72,65,93,168
Zfp959,40,38,45,116
Zfp119b,15,20,28,56
Ebi3,1,6,1,1
Gm16712,2,5,0,2
Yju2,69,53,71,124
Shd,3,0,1,4
Fsd1,4,4,2,5
Stap2,11,13,10,18
Mpnd,25,34,21,56
Sh3gl1,170,274,236,409
Chaf1a,12,14,14,38
Ubxn6,107,119,85,188
Hdgfl2,151,200,124,254
Lrg1,1,0,0,0
Sema6b,12,20,5,16
Tnfaip8l1,13,5,4,6
Mydgf,82,126,122,249
Dpp9,277,320,248,364
A230051N06Rik,38,68,86,59
Fem1a,105,99,71,143
Ticam1,40,38,30,29
Plin3,18,40,31,31
Uhrf1,4,3,0,3
Kdm4b,408,456,339,642
Ptprs,86,117,68,122
Tincr,1,3,0,4
Safb2,1107,1092,811,1771
Safb,1017,1171,1007,2018
Micos13,40,6,40,54
Gm56912,4,12,6,9
Rpl36,190,164,154,297
Lonp1,165,154,182,355
Catsperd,24,22,20,63
Ranbp3,351,368,287,624
Vmac,17,22,18,22
Ndufa11,16,38,16,14
Nrtn,6,17,6,35
Dus3l,105,102,73,130
Prr22,7,11,3,1
Rfx2,757,761,832,1422
Gm41604,12,30,38,46
Acsbg2,1,2,2,2
Acsbg3,2,2,1,8
Mllt1,124,112,107,181
Clpp,151,151,202,289
Alkbh7,9,20,7,19
Gtf2f1,103,138,106,220
Gm17949,9,12,6,15
Khsrp,169,184,152,265
Gm17168,5,5,3,6
Slc25a23,301,281,310,441
Crb3,53,60,44,110
Dennd1c,20,12,2,16
Tubb4a,59,46,50,127
Gm11110,26,32,21,47
Tnfsf9,2,2,1,1
C3,14,1,0,1
Gpr108,86,147,92,154
Trip10,16,20,10,17
Vav1,15,18,0,0
Adgre1,4,2,0,0
Cntnap5c,21,16,12,43
Nudt12,8,16,17,22
Gm49860,0,0,3,3
Efna5,3961,3579,1885,7506
Fbxl17,4960,6594,5108,10217
4930405O22Rik,2,2,3,6
Fer,926,1134,934,1925
Pja2,1454,1564,2001,3621
Gm56888,5,11,7,7
Man2a1,1131,1575,1127,2501
Gm17133,2,5,3,0
Tmem232,5,7,2,16
Vapa,932,928,871,1732
Txndc2,2,0,1,4
Rab31,198,209,197,687
Ppp4r1,445,459,393,998
Ralbp1,484,667,514,1103
Gm49870,9,3,8,3
Gm49871,2,5,5,11
Gm35550,1,3,1,7
Twsg1,899,754,863,2501
Ankrd12,4000,3799,3975,7976
Ndufv2,157,265,198,334
Washc1,61,49,51,86
Ddx11,20,24,19,51
Gm49932,1,1,4,2
Gm56917,1,0,2,1
Mtcl1,826,777,571,1508
Gm49937,3,0,1,3
Rab12,716,613,675,1431
Ptprm,277,403,71,283
1700016K05Rik,0,0,0,0
Gm47471,0,1,0,0
Gm9984,2,0,0,0
Arhgap28,15,5,3,16
L3mbtl4,2,6,0,7
Epb41l3,1496,1553,1186,2081
2410021H03Rik,4,7,2,4
Gm49894,2,4,1,5
Zbtb14,38,52,46,59
A930029G22Rik,30,67,79,66
C030034I22Rik,52,99,97,124
Akain1,56,126,96,63
Dlgap1,884,558,345,1653
5031415H12Rik,0,0,1,0
Gm41609,3,0,5,4
Tgif1,8,7,0,2
Gm26510,16,11,1,1
Gm41611,0,0,0,0
Myl12b,259,261,340,559
Myl12a,130,82,153,297
Myom1,185,148,154,350
Lpin2,1775,1539,2330,6557
Emilin2,3,1,0,9
Gm4566,5,2,3,11
Smchd1,1340,1091,1115,2535
Ndc80,7,4,7,4
Spdya,21,20,47,62
Trmt61b,211,166,267,456
Gm30091,3,5,6,2
Wdr43,682,561,479,1234
Togaram2,12,5,10,6
Clip4,70,65,22,56
Alk,61,59,11,34
Ypel5,475,206,347,882
Lbh,842,505,585,2381
Lclat1,622,701,687,1317
E330032C10Rik,3,1,8,22
Galnt14,287,355,116,312
Gm49876,4,4,2,3
Gm49878,1,6,1,0
D630014O11Rik,2,0,1,0
Ehd3,29,26,22,24
Xdh,5,12,2,8
Memo1,722,762,632,1236
Dpy30,58,77,51,75
Spast,486,552,477,924
Slc30a6,96,151,136,246
Nlrc4,3,9,10,11
Yipf4,154,161,288,383
Gm31645,12,25,33,30
Birc6,3491,3362,2853,6174
Gm26749,44,57,79,105
Ttc27,268,270,305,511
Gm50020,3,10,13,11
Gm50021,2,2,1,2
Ltbp1,21,3,1,7
Rasgrp3,24,27,1,16
Fam98a,304,371,337,675
Crim1,262,128,83,489
Fez2,91,112,89,197
Gm50034,2,0,0,2
Vit,3,1,1,2
Strn,436,421,330,669
Heatr5b,352,357,323,712
Gpatch11,84,156,107,154
Eif2ak2,280,276,319,560
Sult6b1,2,7,0,2
Cebpzos,13,21,10,26
Cebpz,253,305,209,369
Ndufaf7,135,192,212,334
Prkd3,69,57,51,111
Qpct,2,1,0,4
Cdc42ep3,169,106,125,230
Rmdn2,68,53,63,142
Gm56916,4,1,1,4
Atl2,585,421,487,1227
Hnrnpll,569,550,607,1048
Galm,12,23,21,19
Srsf7,1337,1110,1790,3186
Ttc39d,8,14,19,19
Gemin6,23,25,31,34
Dhx57,718,797,721,1278
Gm50087,2,6,2,2
Morn2,52,76,98,106
Arhgef33,107,120,155,296
Gm10190,1,12,2,8
Sos1,713,790,658,1297
Cdkl4,15,14,13,31
Gm33373,5,17,7,23
Map4k3,1555,1684,1661,3214
Tmem178,2,0,0,1
Thumpd2,93,111,115,173
Slc8a1,7003,9177,5329,14133
Gm19689,1,0,1,3
Gm46606,2,1,3,7
Pkdcc,137,188,107,304
Eml4,1124,1092,785,2366
Cox7a2l,117,133,129,236
Kcng3,14,22,12,21
Mta3,818,1073,825,1589
Gm46597,0,1,1,9
Haao,4,4,1,7
Gm19696,0,1,1,7
Zfp36l2,134,150,104,214
Gm36279,17,31,34,55
Thada,1451,1986,1339,2857
Plekhh2,784,997,729,1465
4930500A05Rik,4,10,16,25
Gm49969,30,86,58,121
Dync2li1,82,117,90,179
Abcg8,3,1,2,5
Lrpprc,839,774,947,1661
1110020A21Rik,12,10,12,19
Ppm1b,1485,1599,1173,2544
Slc3a1,38,45,18,46
Prepl,596,575,669,1410
Camkmt,1741,2228,1660,3323
Srbd1,599,639,499,1104
Gm5817,44,74,55,75
Prkce,4552,5335,3442,7671
Gm10309,5,6,2,7
Epas1,31,96,20,11
Rhoq,384,310,265,703
Gm50012,47,33,29,93
Pigf,39,72,40,76
Cript,111,85,88,212
Socs5,238,374,233,468
Mcfd2,48,81,53,79
4833418N02Rik,24,64,39,72
Ttc7,288,341,208,397
Stpg4,6,6,9,13
Calm2,1524,913,1719,3136
Epcam,148,162,234,376
Msh2,205,178,178,333
Kcnk12,615,751,693,1054
Gm50039,22,42,21,43
Msh6,37,38,29,60
Fbxo11,1663,1614,1543,2674
Gm31615,0,0,0,1
Foxn2,224,273,225,359
Ppp1r21,368,369,359,611
Ston1,7,11,0,1
Gtf2a1l,3,5,3,5
Fshr,0,4,0,3
Gm10184,0,2,1,2
Nrxn1,9803,12712,7405,19044
4930480K15Rik,5,10,7,13
Gm10308,1,4,1,7
Mettl4,89,126,91,155
2700099C18Rik,17,18,12,33
Gm1976,351,339,504,786
Gm20939,4,18,22,12
Crem,635,918,803,2076
Gm6225,149,79,267,559
Cul2,437,472,367,901
Bambi,77,75,121,170
Map3k8,81,63,112,186
Gm56490,0,0,0,1
4833419F23Rik,43,22,33,92
Mtpap,237,282,275,517
Gm50023,3,7,6,11
Jcad,6,1,1,2
Svil,205,362,304,323
Gm26682,3,6,4,10
Zfp438,613,571,623,1207
Gm10125,111,107,129,199
Gm26575,1,2,0,6
Zeb1,3611,3611,3076,6377
Arhgap12,679,789,798,1507
Kif5b,1651,1887,1414,2945
Gm17036,25,34,30,51
Gm41664,35,30,26,41
Epc1,1396,1468,1463,3115
Gm28529,14,16,22,19
Rab18,231,302,291,720
Gm2350,28,41,14,49
Mkx,465,663,407,702
Gm46633,10,10,4,14
Odad2,129,141,163,339
Mpp7,2108,2011,2478,5295
Gm9993,35,88,70,126
Wac,1454,1741,1680,3360
Fzd8,1,3,2,1
Ccny,1473,1629,1487,2977
Colec12,0,8,1,3
Thoc1,533,533,534,1080
Usp14,372,441,430,870
Rock1,3370,2992,3055,5847
Greb1l,43,52,11,25
Esco1,598,601,638,1188
Snrpd1,126,135,99,224
Abhd3,55,51,66,97
4930563E18Rik,0,3,0,0
Mib1,1137,1147,1006,2359
Mir133a-1hg,3,23,21,55
Gata6os,122,152,215,291
Gata6,1166,742,895,1968
Rbbp8,184,143,110,389
Gm50069,0,9,2,4
Gm6277,15,17,9,29
Cables1,181,167,217,364
Tmem241,427,691,458,915
Riok3,890,1061,839,1775
Rmc1,63,85,80,137
Npc1,265,276,239,460
Gm15956,9,5,7,9
Ankrd29,1,1,2,11
Lama3,14,44,0,10
Ttc39c,75,85,73,112
Cabyr,10,14,13,46
Osbpl1a,653,605,677,1237
Gm49970,7,18,23,39
Impact,1015,944,1288,2428
Hrh4,2,0,2,13
Gm53018,9,1,3,2
Zfp521,13,14,4,17
Ss18,258,280,192,450
Psma8,0,0,2,0
Taf4b,110,58,139,341
Kctd1,217,208,216,399
4933424G05Rik,24,30,14,22
Gm2629,0,0,1,0
Aqp4,7,2,2,8
Chst9,76,101,91,110
Cdh2,3479,3356,3645,7756
Gm15328,6,5,7,15
Dsc2,14,15,4,18
Dsg2,180,226,258,353
Gm16090,88,79,55,163
Ttr,4412,6929,8271,12858
B4galt6,830,1301,991,2357
Trappc8,571,620,621,1070
Rnf125,39,53,18,19
Rnf138,327,309,326,639
Garem1,151,103,116,273
Klhl14,112,25,67,113
4930426D05Rik,16,12,10,45
Ccdc178,2,2,2,4
Asxl3,15,5,10,50
Nol4,5149,5065,5112,10059
Dtna,58,82,76,109
Gm15972,6,24,21,21
Mapre2,1266,1349,1290,2840
ENSMUSG00000121479,43,76,58,113
Zfp397,147,264,238,317
Zfp35,30,43,19,42
Zfp24,202,182,304,459
Ino80c,23,14,18,30
Galnt1,556,524,474,975
2700062C07Rik,89,65,104,179
Rprd1a,542,575,488,1114
Slc39a6,106,89,87,168
Elp2,294,377,305,557
Mocos,6,2,5,7
Fhod3,1363,1448,1306,2350
Tpgs2,45,60,36,81
AW554918,1751,1963,2173,3719
Celf4,3205,3566,3144,6447
Gm3227,10,18,14,28
0710001A04Rik,2,5,1,7
Gm56495,168,205,199,374
Gm50304,236,268,419,651
Gm33228,427,556,624,1067
Gm33948,0,3,0,0
Gm49980,33,54,31,91
Pik3c3,297,324,324,692
Rit2,316,76,104,299
Syt4,347,213,298,699
Gm26658,23,25,37,52
Slc25a46,176,189,213,341
Sap130,786,743,831,1615
Ammecr1l,516,460,468,1028
Gm26533,8,21,13,22
Polr2d,18,15,21,27
Wdr33,1889,2008,2053,4167
Sft2d3,46,81,55,95
Lims2,4,4,2,8
Myo7b,1,5,3,0
Gm56489,5,8,8,13
Iws1,674,576,677,1303
Proc,51,48,47,75
Map3k2,1240,1260,1401,3373
Ercc3,76,98,69,156
A830052D11Rik,7,6,8,12
Bin1,588,609,474,984
Gm44577,9,15,12,27
Gypc,7,4,1,0
Wdr36,224,219,178,489
2310026I22Rik,2,2,3,0
Camk4,121,130,109,99
Stard4,54,38,68,83
Nrep,63,63,70,121
Gm10549,2,3,10,13
Epb41l4aos,8,15,5,30
Epb41l4a,28,67,10,16
Apc,1278,1485,1380,2772
Srp19,91,113,107,148
Reep5,192,212,174,390
Pkd2l2,32,71,40,64
Fam13b,1155,1110,1134,2167
Nme5,40,53,78,125
Brd8dc,67,75,61,165
Brd8,1643,1403,1717,3448
Kif20a,11,10,6,8
Cdc23,196,286,206,455
Gfra3,161,205,174,241
Gm3550,1,2,1,0
2010110K18Rik,0,0,2,1
Fam53c,125,114,109,248
Kdm3b,789,688,750,1369
Reep2,46,78,40,102
Egr1,5549,5571,3897,7954
Etf1,1271,723,1096,3304
Gm56507,4,16,7,6
Hspa9,595,499,567,1355
Gm56488,6,4,10,15
Gm36037,3,3,13,1
Ctnna1,925,948,842,1945
Lrrtm2,22,10,27,53
Gm50146,8,3,9,20
Sil1,1376,1676,1417,2678
Gm50145,1,10,5,10
Snhg4,16,44,21,33
Matr3,1368,1509,1458,2681
Gm50163,16,15,30,22
Paip2,601,920,936,1472
Slc23a1,1,1,5,4
Mzb1,1,6,1,4
Prob1,9,18,6,39
Spata24,79,80,73,178
Dnajc18,121,258,155,244
Smim33,3,8,7,5
Ecscr,0,1,0,2
Sting1,6,5,0,0
Ube2d2a,780,880,742,1616
Cxxc5,346,489,256,482
Gm29417,8,19,18,15
Gm50399,9,12,5,23
Gm36315,3,0,0,0
Gm50405,1,0,0,1
Psd2,7,2,4,4
Nrg2,23,21,28,41
Pura,856,1092,1189,1980
Igip,83,115,109,279
Cystm1,1024,750,1058,2657
Pfdn1,291,287,346,506
Hbegf,89,77,66,133
Gm56496,4,6,14,19
Ankhd1,1901,1841,1950,3717
Eif4ebp3,37,31,43,66
Sra1,113,135,131,243
Apbb3,80,97,76,204
Slc35a4,40,51,57,115
Cd14,0,0,1,0
Tmco6,38,73,53,74
Ndufa2,6,48,25,45
Ik,338,365,313,653
Wdr55,5,13,9,25
Dnd1,4,4,1,7
Hars,133,156,88,204
Hars2,128,155,100,207
Zmat2,58,79,89,115
Pcdha1,16,37,14,32
Pcdha2,11,9,14,19
Pcdha3,13,4,3,15
Pcdha4,11,16,10,36
Gm38225,1,2,1,4
Pcdha5,13,16,10,20
Gm37753,0,2,0,2
Pcdha6,4,5,0,10
Pcdha7,11,7,6,10
Pcdha8,7,7,10,22
Pcdha9,20,9,9,17
Pcdha10,17,17,15,29
Gm10545,6,7,6,8
Pcdha11,36,41,35,77
Pcdha12,13,13,7,18
Pcdhac1,7,0,5,9
Pcdhac2,2,6,1,2
Gm10544,8,3,6,27
Pcdhb1,15,11,8,16
Pcdhb2,16,18,7,46
Pcdhb3,14,14,9,26
Pcdhb4,10,9,7,32
Pcdhb5,15,12,3,33
Pcdhb6,11,6,2,20
Pcdhb7,25,11,24,69
Pcdhb8,8,2,6,13
Pcdhb9,3,2,2,9
Pcdhb10,1,0,1,1
Pcdhb11,1,8,6,12
Pcdhb12,3,3,0,4
Pcdhb13,1,4,1,3
Pcdhb14,17,21,28,63
Pcdhb15,3,6,1,3
Pcdhb16,15,6,5,19
Pcdhb17,12,5,8,26
Pcdhb18,7,5,5,19
Pcdhb19,8,9,15,27
Pcdhb20,8,1,9,11
Pcdhb21,8,2,12,12
Pcdhb22,13,11,8,17
Slc25a2,13,3,2,9
Taf7,257,214,184,387
3222401L13Rik,187,227,186,358
Pcdhga1,55,55,44,87
Pcdhga2,46,40,41,60
Pcdhga3,33,36,29,56
Pcdhgb1,23,22,8,40
Pcdhga4,12,4,6,9
Pcdhgb2,28,18,15,40
Pcdhga5,122,129,102,212
Pcdhga6,129,92,71,136
Gm37165,8,8,13,15
Pcdhga7,104,80,76,149
Pcdhgb4,79,95,75,163
Pcdhga8,78,50,33,87
Pcdhgb5,118,85,90,180
Pcdhga9,102,70,54,141
Pcdhgb6,52,33,25,46
Gm26672,47,44,42,83
Pcdhga10,133,83,46,136
Pcdhgb7,47,41,21,57
Pcdhga11,64,44,32,96
Pcdhgb8,46,39,26,53
Pcdhga12,112,85,69,201
Pcdhgc3,30,20,19,41
Pcdhgc4,66,57,40,93
Pcdhgc5,53,36,33,83
Gm29994,4,5,6,10
Diaph1,672,681,602,1172
Hdac3,158,150,137,255
Rell2,24,28,21,39
Fchsd1,22,22,13,41
Arap3,8,5,0,5
Gm30093,3,5,6,10
Pcdh1,125,143,99,215
2010320O07Rik,1,2,1,3
1700086O06Rik,41,83,76,133
Dele1,204,235,219,374
Pcdh12,0,1,0,0
Rnf14,239,394,301,491
Gnpda1,36,49,44,106
Ndfip1,1034,1492,1468,2463
Spry4,27,22,10,8
9630014M24Rik,112,417,62,148
Fgf1,62,194,198,134
Gm5820,14,59,0,10
Arhgap26,1083,1626,975,1844
Gm15336,12,13,18,13
Gm15337,2,3,6,13
Nr3c1,1838,1554,1760,3383
Gm30961,8,5,14,21
Gm50397,1,1,1,3
Yipf5,412,515,555,997
Kctd16,1829,1433,840,2697
Gm31019,0,6,3,2
C030017B01Rik,13,8,10,23
Gm50410,5,2,5,15
Prelid2,34,33,23,64
Plac8l1,4,5,1,10
Lars,759,921,716,1331
Gm4013,3,14,7,10
Rbm27,859,939,831,1540
Tcerg1,752,830,663,1354
Gm50214,3,0,2,8
Ppp2r2b,4324,4731,3981,7744
4930588A03Rik,1,3,10,9
Stk32a,2329,3828,2089,4663
Dpysl3,5,1,3,1
Eif3j2,4,4,8,7
Jakmip2,14,3,0,19
Dcp2,200,222,176,382
Mcc,2465,3075,2169,4019
A930012L18Rik,10,24,28,22
Ythdc2,463,367,407,984
Gm31706,37,37,37,105
Kcnn2,1579,2825,1178,2690
Gm56506,10,2,8,18
A330093E20Rik,3,6,10,6
Trim36,3,2,3,14
Pggt1b,356,397,418,821
Ccdc112,150,184,185,304
Gm4107,17,18,11,58
Fem1c,332,230,325,574
Ticam2,2,1,5,5
Tmed7,154,193,230,429
Eif1a,430,241,571,1020
Gm3734,4,2,3,2
Cdo1,39,77,53,85
Atg12,324,299,364,646
Ap3s1,524,548,554,1066
Gm49974,1,7,3,6
Commd10,460,422,575,1074
Gm49975,0,3,2,7
Sema6a,169,230,260,412
Eno1b,2,2,3,0
Dtwd2,94,78,75,152
Gm16283,2,5,5,5
Dmxl1,1948,1759,1819,3382
Tnfaip8,162,157,68,134
C030005K06Rik,6,5,4,20
Hsd17b4,141,177,137,288
Prr16,1411,1241,1041,3067
Srfbp1,115,112,108,203
Sncaip,5,1,1,6
Snx2,721,609,652,1369
Snx24,1794,2103,1703,3187
Ppic,3,1,1,1
Prdm6,2,3,3,1
Gm19466,7,11,8,11
Cep120,1051,756,1080,2728
Csnk1g3,912,1082,988,2348
Gm33732,21,6,0,11
Zfp608,2362,2731,2114,4646
Gm54030,18,19,10,17
Gm4221,25,15,10,38
Gramd3,4449,4947,4191,9926
Aldh7a1,166,174,164,344
Phax,56,69,54,93
Tex43,1,3,0,1
Lmnb1,174,141,154,231
Marchf3,1388,1761,1311,2665
Gm15345,19,34,22,45
Gm34632,4,5,3,3
C330018D20Rik,89,182,126,152
Megf10,1,2,6,1
Prrc1,893,1044,953,2124
4930511M06Rik,10,24,17,55
Gm19500,4,4,9,14
Ccdc192,0,3,0,0
Gm19519,1,0,0,0
Slc12a2,140,128,105,219
Fbn2,2,1,2,5
Isoc1,58,48,34,81
Minar2,10,11,3,18
Chsy3,114,86,63,213
Gm4951,3,4,0,1
F830016B08Rik,1,2,1,1
Iigp1,13,5,2,10
Smim3,6,7,0,2
Dctn4,379,483,368,808
Rbm22,140,126,83,229
Myoz3,3,2,1,13
Synpo,21,30,39,62
Ndst1,328,386,278,629
Rps14,527,763,501,753
Cd74,140,91,20,5
Tcof1,137,157,85,183
Camk2a,2,0,0,1
Pdgfrb,10,3,0,7
Csf1r,1,7,9,20
Hmgxb3,232,298,243,435
Slc26a2,55,71,47,119
Pde6a,1,0,2,0
Ppargc1b,68,83,62,136
Arhgef37,62,107,55,172
Csnk1a1,3159,2697,2809,6710
Bvht,4,5,1,8
Gm56503,2,0,0,0
Carmn,3,0,0,4
Pcyox1l,52,32,54,91
Grpel2,188,258,261,365
1500015A07Rik,15,34,21,21
Afap1l1,25,28,29,43
Ablim3,193,133,157,295
Sh3tc2,0,5,2,10
Adrb2,8,5,7,5
Gm9949,44,75,99,121
Fbxo38,562,580,585,1272
Spink10,17,23,11,27
Apcdd1,52,56,50,83
Napg,264,338,241,519
Piezo2,22,34,1,13
Txnl1,386,307,340,887
Wdr7,1217,1382,1302,2325
Gm50106,2,2,1,5
St8sia3os,4,7,6,11
St8sia3,69,76,80,123
Onecut2,235,230,293,428
Fech,277,377,335,635
Nars,355,315,278,642
Atp8b1,2429,3367,2601,5383
Gm50353,0,7,5,1
A330084C13Rik,5,8,1,13
Nedd4l,4210,4680,4247,8431
Gm50368,9,34,17,37
Gm56499,0,4,8,7
Alpk2,2,4,2,1
Malt1,359,365,350,613
Gm30018,0,1,6,6
Gm41760,12,22,19,27
Zfp532,688,709,613,1254
Gm50115,2,4,6,10
Gm50462,19,9,19,33
Oacyl,1,4,17,5
Sec11c,116,179,127,156
Gm30094,2,1,0,2
Lman1,463,969,611,928
Ccbe1,604,1139,586,1947
Gm50143,11,24,7,32
Gm15958,11,20,1,15
Pmaip1,9,12,2,3
Gm9926,5,5,5,13
Gm19784,17,23,14,23
Gnal,49,28,65,134
Chmp1b,39,57,50,87
Mppe1,60,83,89,128
Impa2,3,2,4,4
B430212C06Rik,2,4,8,2
Cidea,19,26,69,26
Tubb6,192,93,364,431
Afg3l2,407,456,377,860
Prelid3a,32,45,29,46
Spire1,719,744,676,1290
Cep76,39,28,33,83
Psmg2,56,92,97,122
Ptpn2,570,611,666,1450
4930549G23Rik,96,139,80,141
Gm26910,16,50,33,46
Seh1l,176,121,187,355
Cep192,387,288,255,540
Ldlrad4,1838,2492,1610,3862
Gm56501,21,19,8,29
Gm41764,4,13,9,17
Fam210a,191,289,228,448
Rnmt,317,328,305,695
Tcf4,3309,3535,3263,6754
Ccdc68,45,28,47,68
1700061H18Rik,2,3,5,3
Rab27b,232,369,464,436
4930503L19Rik,164,175,149,292
Stard6,70,75,108,144
Poli,75,71,90,135
Mbd2,1317,1322,1304,2935
Dcc,6,7,1,10
Mex3c,378,195,229,555
Smad4,954,975,1048,2051
Elac1,67,84,70,144
Me2,131,107,121,226
Mapk4,1636,1756,1488,4298
D730045A05Rik,6,9,11,32
Cxxc1,93,93,70,150
Mbd1,127,188,163,293
Cfap53,5,10,15,54
Myo5b,426,712,566,1033
Acaa2,43,35,95,104
Rpl17,357,470,414,575
BC031181,137,165,241,417
Dym,1175,1398,960,1991
Gm20544,20,21,13,19
Smad7,172,193,67,209
Ctif,1322,1350,1188,2499
Gm10532,6,15,16,23
Zbtb7c,998,626,776,1638
2900057B20Rik,4,4,4,6
BC026513,2,2,3,4
Smad2,456,502,448,900
Ier3ip1,92,136,120,188
Hdhd2,96,149,141,233
Katnal2,209,181,189,337
Gm56494,22,19,17,26
Pias2,981,924,956,1730
Gm7276,0,2,0,2
St8sia5,9,27,8,18
Rnf165,21,31,7,45
8030462N17Rik,406,488,432,944
A330094K24Rik,8,8,6,8
Haus1,21,31,38,52
Atp5a1,521,565,530,1058
Pstpip2,53,49,28,85
Epg5,454,443,420,830
Slc14a1,7,16,0,1
Slc14a2,5,6,13,10
Setbp1,6273,6878,5024,12203
Pard6g,51,62,56,74
Adnp2,74,144,81,158
Rbfa,33,48,27,42
Naa12,136,123,122,291
Txnl4a,34,36,28,57
Hsbp1l1,52,48,75,87
Slc66a2,146,175,183,382
Ctdp1,465,369,415,1060
Gm50209,5,16,4,12
Gm9456,11,18,17,27
Gm41790,5,3,4,8
Nfatc1,315,300,190,408
Atp9b,1616,1752,1613,3392
Gm47272,2,5,4,7
B020010K11Rik,5,4,2,4
Galr1,28,23,4,39
Mbp,746,764,676,1404
Zfp236,467,478,330,806
Gm46620,28,52,46,74
Gm50350,5,5,9,10
Gm41793,6,5,3,8
Gm50351,3,1,2,2
4930445N18Rik,1,2,6,3
Zfp516,2387,2565,2208,4029
4930592I03Rik,2,5,1,10
Gm52988,28,12,12,65
Tshz1,938,1185,766,1647
Gm56504,0,1,1,2
Zadh2,75,113,103,112
Zfp407,2069,2468,1934,4057
Gm50311,2,6,6,10
Gm56492,17,23,23,44
Cndp2,51,89,55,147
Cyb5a,47,108,54,68
Timm21,42,60,50,102
Gm50401,3,8,12,11
Socs6,121,142,179,267
Rttn,321,198,289,597
Dok6,178,16,3,434
Gm18280,12,7,5,13
Tmx3,247,285,268,575
Gm45871,22,54,53,60
1700030N03Rik,5,3,8,17
Ighmbp2,73,78,61,102
Mrpl21,65,116,87,144
Cpt1a,273,184,347,490
Tesmin,2,1,11,11
Ppp6r3,1883,1813,1610,3609
Gm48696,9,12,8,29
Gm48683,1,0,3,0
Lrp5,28,42,15,36
Gm36608,15,9,11,12
1810055G02Rik,79,60,64,127
Gm36787,2,2,1,6
Gm50375,0,3,3,7
Kmt5b,836,918,949,1616
Gm16066,135,222,215,316
Chka,2629,2151,2067,4921
Gm50383,1,3,5,2
Tcirg1,28,37,24,34
Ndufs8,6,14,8,16
Aldh3b1,9,15,21,31
Unc93b1,131,193,171,246
Nudt8,2,10,8,6
Doc2g,19,25,11,25
Ndufv1,48,49,50,110
Gstp1,5,3,3,5
Gstp2,0,0,1,0
Cdk2ap2,65,58,54,137
Pitpnm1,183,201,136,307
Aip,45,78,49,106
Tmem134,40,61,55,83
Cabp4,1,2,2,3
Gpr152,1,0,3,8
Coro1b,23,25,24,30
Ptprcap,12,14,3,4
Rps6kb2,134,151,120,225
Carns1,5,5,1,3
Gm17552,3,8,5,17
Tbc1d10c,17,13,10,20
Ppp1ca,74,74,61,98
Rad9a,24,26,19,32
Gm30082,1,3,2,4
Clcf1,2,6,5,7
Pold4,31,49,39,64
1500032F14Rik,1,5,1,4
Ssh3,72,71,68,150
Ankrd13d,89,105,41,138
Grk2,180,186,96,235
Kdm2a,1768,1702,1774,3684
Rhod,2,17,18,17
A930001C03Rik,9,28,42,44
Syt12,7,7,12,13
Pcx,218,275,194,375
Lrfn4,24,21,25,52
Rce1,45,45,31,105
Gm960,95,88,100,179
Sptbn2,192,236,164,268
Rbm4b,172,184,222,499
Rbm4,352,418,366,924
Rbm14,257,327,205,480
Ccs,116,140,130,205
Ctsf,78,84,115,225
Actn3,4,0,2,7
Zdhhc24,40,71,59,88
Bbs1,75,75,48,162
Dpp3,127,159,145,274
Peli3,69,53,60,115
Mrpl11,31,41,27,35
Npas4,200,107,205,629
Gm56640,34,15,36,126
Gm56654,1,9,9,7
Slc29a2,1,5,1,2
B4gat1,9,8,16,22
Brms1,162,160,191,337
Rin1,4,7,3,13
Cd248,1,0,1,5
Tmem151a,65,23,35,43
Yif1a,40,44,38,78
Cnih2,5,13,7,19
Rab1b,48,89,56,99
Klc2,106,134,63,173
Pacs1,1016,1071,758,1843
Sf3b2,610,710,464,917
Gm42064,1,2,1,5
Cst6,0,1,0,1
Banf1,7,10,12,6
Eif1ad,22,19,13,36
Sart1,146,135,124,230
D330050I16Rik,4,13,7,9
Tsga10ip,1,5,2,5
Gm56655,15,21,26,43
4930481A15Rik,71,69,142,182
Drap1,56,84,55,120
AI837181,28,12,14,29
Fosl1,10,4,13,35
Ccdc85b,4,17,25,7
Fibp,83,98,86,155
Ctsw,3,7,0,1
Efemp2,21,34,28,26
Mus81,30,64,64,65
Cfl1,70,93,139,197
Snx32,186,269,181,304
Nscme3l,23,17,12,8
Ovol1,2,2,2,7
Ap5b1,0,0,2,4
Rnaseh2c,6,22,15,26
Kat5,167,84,121,270
Gm56632,2,6,4,11
Rela,330,162,277,594
Sipa1,40,36,34,81
Pcnx3,177,185,133,275
Map3k11,47,39,26,77
Kcnk7,0,1,1,2
Ehbp1l1,14,16,10,20
Fam89b,22,20,13,32
Znrd2,12,22,10,26
Ltbp3,279,295,241,411
Scyl1,191,195,149,308
Malat1,236454,293614,308171,520276
Gm56649,4,9,9,1
Neat1,2314,2153,1562,4118
Frmd8os,3,22,11,15
Frmd8,27,41,33,64
Slc25a45,1,1,0,0
Tigd3,1,5,0,2
Dpf2,163,214,132,326
Gm42067,1,4,2,0
Cdc42ep2,2,2,0,2
Pola2,37,43,33,72
Slc22a20,1,0,1,3
Capn1,27,60,32,83
Gm10814,2,0,3,7
D530017H19Rik,28,70,55,55
Syvn1,162,176,116,329
Mrpl49,7,28,18,17
Fau,139,275,247,264
Gm56670,2,2,1,3
Znhit2,0,9,6,1
Tm7sf2,45,55,38,61
Vps51,69,105,117,157
Tmem262,1,3,2,3
Zfpl1,78,111,61,169
Cdca5,1,0,2,1
Sac3d1,9,14,14,14
Snx15,132,186,205,282
Arl2,50,82,55,101
Batf2,5,2,2,5
Majin,5,3,2,11
Ppp2r5b,133,114,104,197
Atg2a,182,167,183,373
Gm14963,13,23,16,24
Ehd1,53,45,32,64
Cdc42bpg,141,143,150,247
Men1,27,47,19,43
Map4k2,204,257,147,356
Gm14966,128,153,167,252
Sf1,1068,860,937,2309
Pygm,10,6,2,35
Rasgrp2,7,5,0,5
Nrxn2,62,49,32,73
Gm14964,29,19,51,41
Rps6ka4,5,15,4,13
Ccdc88b,7,5,0,2
Prdx5,47,68,80,134
Trmt112,29,47,46,99
Esrra,80,98,80,145
Gpr137,17,31,22,49
Bad,24,37,34,61
Gm56656,2,2,2,0
Plcb3,40,57,41,83
Ppp1r14b,57,89,43,125
Fkbp2,77,117,111,126
Vegfb,72,95,73,137
Dnajc4,45,65,66,103
Nudt22,10,2,6,12
Trpt1,17,33,20,46
Fermt3,36,25,9,37
Stip1,191,265,178,320
Macrod1,357,356,275,475
Gm54798,11,5,1,11
Flrt1,107,112,83,169
Otub1,66,86,79,140
Cox8a,140,175,214,279
Naa40,179,217,253,462
Rcor2,15,16,10,8
Mark2,1085,1393,894,1934
Gm17227,15,30,24,26
Spindoc,346,328,413,845
Gm50232,29,55,59,109
1700105P06Rik,5,11,12,14
Zfta,20,34,29,39
Rtn3,1856,2401,2236,4087
Atl3,322,363,281,513
Plaat3,164,149,248,438
Lgals12,11,29,9,18
Plaat5,1,2,0,2
Slc22a28,2,3,0,6
Slc22a29,2,0,2,6
Gm41804,600,636,813,1386
ENSMUSG00000121393,24,29,21,50
Slc3a2,409,320,341,870
Snhg1,131,155,157,280
Wdr74,29,43,27,39
Stx5a,874,1159,915,2094
Gm56637,8,24,14,28
Nxf1,307,334,222,602
Tmem223,33,50,34,87
Tmem179b,37,67,85,128
Taf6l,34,55,36,56
Gm56660,3,1,1,5
Polr2g,30,38,21,28
Ttc9c,61,117,77,100
Hnrnpul2,411,449,306,713
Gng3,0,5,2,10
Bscl2,76,76,76,133
Lrrn4cl,2,1,2,5
Ubxn1,46,90,67,84
Uqcc3,3,0,5,16
1810009A15Rik,13,22,5,16
Ints5,9,22,12,16
Ganab,309,448,291,542
B3gat3,60,123,65,112
Rom1,4,8,12,4
Eml3,103,130,76,188
Gm10353,16,37,28,39
Mta2,97,123,76,185
Tut1,97,110,146,257
Eef1g,262,495,295,576
Ahnak,23,45,12,11
Asrgl1,126,134,139,244
Gm9750,12,10,0,18
Gm50321,0,1,0,2
Incenp,39,22,16,53
Gm50340,1,3,2,1
Gm56633,1,0,0,1
Fth1,139,210,130,161
Gm56642,0,3,1,5
Rab3il1,18,29,23,45
Fads3,0,1,0,2
Fads2,105,94,69,184
Fads1,31,38,48,71
Gm10143,2,1,0,0
Fen1,4,11,1,8
Tmem258,54,71,66,105
Myrf,11,12,16,13
Dagla,258,364,248,376
Syt7,2901,2839,2345,5400
Lrrc10b,51,82,58,91
Sdhaf2,114,162,101,197
Cpsf7,647,558,574,1323
Tmem216,40,54,87,109
Tmem138,49,70,73,96
Cyb561a3,36,54,58,50
Tkfc,23,34,34,32
Ddb1,489,491,457,950
Vwce,3,3,2,7
Vps37c,148,246,140,306
Cd5,34,32,1,11
A430093F15Rik,9,21,0,6
Slc15a3,2,6,0,4
Tmem132a,17,17,20,32
Tmem109,30,47,32,60
Prpf19,111,153,97,180
Ccdc86,163,83,145,304
AW112010,0,4,1,6
4930526L06Rik,1,2,0,0
Ms4a12,2,2,0,2
Ms4a1,32,16,0,10
Ms4a14,4,0,0,0
Ms4a7,2,3,1,2
Ms4a4a,1,0,0,0
Gm56663,1,1,0,0
Ms4a4c,13,13,0,0
Ms4a4b,40,75,0,1
Ms4a6c,6,5,1,0
BE692007,16,26,0,2
Gm8369,30,28,0,0
Ms4a6b,42,54,0,4
Ms4a6d,0,1,0,0
Mrpl16,33,45,37,63
Stx3,351,333,333,832
Patl1,236,194,186,464
Osbp,426,552,414,937
Mpeg1,1,4,3,0
Dtx4,31,28,19,26
A330040F15Rik,61,51,111,165
Fam111a,9,7,9,20
4122401K19Rik,7,11,17,16
Cntf,7,0,4,11
Zfp91,868,674,724,1733
Lpxn,49,55,39,51
ENSMUSG00000121418,1,0,0,0
Tle4,609,652,579,1359
Psat1,8,7,12,24
Cep78,341,488,427,741
C130060C02Rik,123,144,73,197
Gnaq,4889,6223,4428,9946
Gna14,10,5,11,7
Vps13a,2125,2134,1891,3991
Prune2,1031,1105,1345,2402
Gcnt1,8,1,0,0
Rfk,36,23,29,55
Pcsk5,34,28,15,95
Ostf1,143,158,138,281
Nmrk1,69,78,95,175
Carnmt1,195,196,206,434
D030056L22Rik,9,12,3,10
Trpm6,6,12,1,12
Rorb,65,54,44,94
1500015L24Rik,0,2,1,1
Anxa1,5,8,0,0
Aldh1a1,0,0,2,2
Tmc1,0,1,1,1
Zfand5,1079,923,991,2199
Gda,0,1,0,0
1110059E24Rik,254,303,277,454
Abhd17b,358,390,335,479
Gm41818,11,10,11,26
Cemip2,72,47,50,139
Trpm3,2306,1876,427,2475
Gm27151,2,8,2,7
C330002G04Rik,33,42,46,148
Gm50136,0,0,5,2
2410080I02Rik,10,21,10,16
Gm56636,1,3,1,4
Gm56648,2,4,4,2
Klf9,3082,1238,2222,6285
Smc5,1145,1096,1068,2291
Mamdc2,34,29,31,66
Ptar1,228,276,211,438
Apba1,737,973,790,1319
Entrep1,78,47,43,123
Tjp2,483,500,453,958
Fxn,65,89,64,126
Pip5k1b,2311,2602,1999,5203
Pip5k1bos,13,5,10,18
Fam122a,160,164,99,236
Gm50341,5,4,3,4
Tmem252,0,0,1,1
Pgm5,270,146,159,568
Cbwd1,267,311,359,577
Dock8,620,611,459,1038
Gm34235,0,2,1,5
Kank1,154,196,194,315
Smarca2,3617,3977,3202,7109
Gm20616,3,9,13,15
4931403E22Rik,18,35,29,58
Vldlr,44,29,16,44
Pum3,188,188,194,318
Rfx3,3211,3239,3183,6969
Glis3,3630,5130,2712,8874
4933413C19Rik,6,7,0,14
D930032P07Rik,8,19,15,30
Slc1a1,16,11,8,13
Spata6l,48,75,48,88
Plpp6,11,21,12,26
Cdc37l1,746,1022,1014,1954
Ak3,74,127,84,152
1700018L02Rik,2,5,9,7
Gm9895,15,15,17,39
Rcl1,136,138,118,269
Jak2,547,450,491,1009
Insl6,1,3,1,0
Plgrkt,418,466,494,867
Cd274,85,101,62,139
Gm36043,6,8,2,4
Pdcd1lg2,2,2,1,1
A930007I19Rik,53,73,48,127
Ric1,841,819,804,1729
Ermp1,97,80,106,130
9930021J03Rik,1449,1357,1499,3090
Gm50373,6,11,14,8
Ranbp6,80,108,58,105
Il33,0,5,4,7
Gm56651,0,0,4,2
Uhrf2,982,1216,1228,2421
Gldc,76,54,144,207
Prkg1,8856,10124,8596,18465
Cstf2t,35,39,28,58
A1cf,2038,2198,2477,3954
9130016M20Rik,83,102,87,158
Asah2,511,462,741,1127
Sgms1,3359,4336,3876,7534
Gm50210,7,9,8,19
Sgms1os1,17,21,37,45
Rpl9-ps6,4,18,9,20
Minpp1,122,182,134,264
Papss2,553,1004,574,392
Atad1,283,365,302,537
Gm56641,0,3,1,0
Pten,1043,1300,1252,2296
Gm29863,0,0,0,1
Rnls,620,721,680,1181
2810449D17Rik,55,74,68,144
Lipo3,69,77,63,101
Lipk,1,0,6,2
Ankrd22,0,0,0,2
Stambpl1,256,265,271,425
Acta2,0,3,0,1
Fas,41,45,81,114
Ch25h,0,0,0,0
Gm26902,0,0,0,1
Lipa,47,51,33,70
Ifit2,0,2,0,0
Ifit3,1,0,0,6
Ifit3b,0,1,0,3
Ifit1bl2,8,12,15,44
Ifit1,8,4,3,0
Slc16a12,2489,1904,2127,5041
Pank1,110,140,76,158
Kif20b,47,10,33,34
Gm41836,77,60,47,103
A830019P07Rik,582,587,697,1140
Htr7,4,4,1,7
Rpp30,42,65,66,111
Pcgf5,1483,1654,1481,3493
Hectd2,231,208,222,453
Hectd2os,33,28,25,29
Ppp1r3c,4,17,3,6
Gm56662,4,4,0,4
Tnks2,1902,1857,1759,3512
Fgfbp3,2,5,1,2
Btaf1,1233,1583,1216,4041
Cpeb3,1950,2283,2206,4330
A330032B11Rik,30,30,40,56
Marchf5,580,386,609,1413
4931408D14Rik,2,8,3,14
Ide,522,1034,455,1491
Gm56673,3,4,3,7
Kif11,24,5,28,48
Hhex,5,20,6,14
Exoc6,867,841,785,1526
Gm32342,1,2,1,6
Cyp26c1,3,4,2,1
Myof,413,806,347,1010
Cep55,5,4,5,1
Ffar4,71,115,115,121
Rbp4,154,249,326,343
Pde6c,79,40,106,109
Fra10ac1,249,407,274,448
Lgi1,365,607,600,727
Gm42723,0,3,4,5
Gm32960,1,7,9,4
Slc35g1,32,86,62,85
Plce1,5,5,0,6
Noc3l,185,157,148,285
Tbc1d12,621,580,626,1304
Hells,35,41,25,63
Cyp2c66,3,1,2,0
Pdlim1,2,8,0,2
Sorbs1,1122,1143,1001,2444
Aldh18a1,274,348,297,573
Gm27042,12,5,14,21
Tctn3,298,249,317,606
Entpd1,18,29,7,18
Cc2d2b,83,148,58,96
Ccnj,31,54,48,57
Gm56645,3,2,6,8
Zfp518a,110,137,127,206
Blnk,38,70,1,4
Tll2,3,1,0,9
Tm9sf3,1093,1092,1257,2543
Pik3ap1,55,49,16,34
Lcor,1795,2125,1762,3746
Slit1,0,0,4,3
Arhgap19,10,5,10,13
Frat1,3,0,1,2
Frat2,2,0,1,6
Rrp12,111,64,95,222
Pgam1,87,67,69,99
Exosc1,84,128,83,173
Zdhhc16,47,57,32,63
Mms19,420,423,422,803
Ubtd1,104,72,77,178
Ankrd2,3,2,1,5
Hoga1,33,46,30,71
4933411K16Rik,0,2,0,2
Morn4,72,88,65,140
Pi4k2a,431,341,341,842
Avpi1,8,3,6,4
Marveld1,27,82,30,43
Zfyve27,248,221,261,503
Sfrp5,103,105,279,313
Golga7b,14,8,13,28
Crtac1,4,0,6,1
R3hcc1l,346,361,409,694
Gm16541,7,21,10,25
Loxl4,2,1,1,1
Pyroxd2,130,113,86,218
Hps1,116,131,136,218
Hpse2,3,1,1,5
Cnnm1,8,8,0,6
Got1,110,89,87,179
Nkx2-3,2,2,0,4
Gm34922,0,0,0,0
Slc25a28,255,294,301,549
BC037704,0,3,0,0
Entpd7,311,371,278,644
Cox15,50,74,38,91
Cutc,19,44,35,48
Abcc2,7,8,4,4
Dnmbp,336,377,263,535
Cpn1,229,325,345,463
Erlin1,137,141,146,238
Chuk,640,716,505,1216
Cwf19l1,127,101,132,217
Bloc1s2,89,98,85,175
Scd3,0,4,3,3
Gm50323,6,4,7,13
Scd2,46,102,25,77
Gm50334,2,6,4,5
Scd4,0,1,0,2
Scd1,14,5,0,1
Sec31b,9,10,7,11
Ndufb8,24,34,28,43
Hif1an,119,114,117,257
Slf2,859,981,919,1691
4930414N06Rik,23,36,35,46
Sema4g,54,89,74,73
Mrpl43,22,26,39,33
Twnk,39,38,40,51
Lzts2,167,198,150,307
Pdzd7,8,7,14,17
Sfxn3,36,31,41,60
Gm35867,14,13,12,21
Gm56659,2,2,0,6
Kazald1,15,11,10,7
Gm28578,7,7,3,14
Btrc,4029,4077,4242,9211
Poll,9,22,25,24
Dpcd,70,113,65,144
Fbxw4,958,1042,708,1537
Npm3,11,3,8,9
Oga,1141,928,1014,2174
Kcnip2,21,14,18,33
Armh3,947,995,946,2024
Gm50196,4,8,6,15
4930505N22Rik,3,6,4,4
Hps6,2,1,2,1
Ldb1,310,310,289,575
Pprc1,80,170,84,202
Nolc1,276,243,226,640
Gbf1,3420,4518,3530,7041
Gm16726,2,4,4,8
4833438C02Rik,11,15,13,9
Nfkb2,57,30,26,62
Psd,169,131,100,220
Fbxl15,26,30,34,44
Cuedc2,100,80,76,138
Mfsd13a,71,105,64,126
2310034G01Rik,0,4,5,8
Actr1a,152,216,142,263
Sufu,274,308,295,516
Gm56635,1,3,7,10
Trim8,175,118,92,275
Arl3,461,504,446,746
Sfxn2,519,694,590,1018
Wbp1l,528,663,458,1056
Gm56658,1,1,2,2
Borcs7,35,63,49,72
As3mt,148,183,180,282
Cnnm2,980,1131,929,1617
Gm50431,22,22,35,45
Nt5c2,1814,1949,2052,4250
Ina,140,115,104,262
Pcgf6,173,196,139,372
Taf5,31,67,50,88
Atp5md,243,150,257,546
Pdcd11,352,355,286,631
Calhm2,42,49,67,81
Neurl1a,396,532,334,708
Gm36693,5,2,2,6
Sh3pxd2a,911,458,167,885
Stn1,74,73,71,143
Gm19557,0,0,0,1
Slk,1068,1065,1121,2165
Gm50358,6,6,16,28
Gm16068,3,6,5,13
Sfr1,71,62,63,63
Cfap43,34,18,46,87
Gsto1,10,11,13,33
Gsto2,58,58,67,121
Itprip,6,2,4,10
Cfap58,11,9,9,14
Sorcs3,4,3,2,11
Sorcs1,1937,1180,1018,3297
Gm45352,2,9,6,8
Ins1,1397,4718,270,1016
Xpnpep1,322,429,247,653
1700054A03Rik,9,14,16,38
Add3,723,1003,760,1551
1700001K23Rik,3,3,5,12
Mxi1,886,977,849,2173
Gm30541,32,37,26,36
Smndc1,399,228,384,793
8030456M14Rik,8,10,6,14
Mirt1,15,12,5,3
Gm50394,7,14,15,8
Dusp5,400,497,423,827
Nutf2-ps1,3,2,6,6
Smc3,732,707,510,974
Rbm20,47,68,82,122
Gm16299,12,15,6,22
Pdcd4,1774,1616,2263,4330
Bbip1,203,339,318,588
Shoc2,629,665,672,1388
4930484I04Rik,8,17,19,32
Adra2a,16,23,0,13
Gm50186,1,1,0,2
Gpam,146,127,132,238
Gm31356,42,43,45,129
Gucy2g,0,2,2,1
Acsl5,208,278,219,361
Zdhhc6,211,298,244,494
Vti1a,2330,3214,2716,5008
Tcf7l2,1014,1155,855,1829
Ppnr,8,10,15,19
Nrap,2,3,0,6
Casp7,99,74,95,157
Dclre1a,109,127,95,184
Nhlrc2,670,700,845,1660
Adrb1,77,83,89,140
Gm32718,3,2,4,4
Ccdc186,586,650,658,1187
Afap1l2,14,16,0,1
Ablim1,816,855,725,1112
4930449E18Rik,1,5,2,5
B230217O12Rik,83,79,59,161
Fhip2a,458,433,346,708
Trub1,309,303,284,543
6720468P15Rik,1,0,0,9
Gm32932,2,1,1,1
Atrnl1,4249,3527,3647,7902
Gfra1,1542,3169,1578,4522
Pnlip,2,3,8,5
Pnliprp1,0,2,0,1
Hspa12a,201,231,194,357
Eno4,12,22,40,31
Shtn1,641,857,709,1319
Slc18a2,7,10,9,8
Pdzd8,368,361,318,763
2700089I24Rik,1,0,1,0
Gm17203,12,15,6,17
Rab11fip2,503,614,507,1062
Gm4219,3,3,2,5
E330013P04Rik,1,1,12,10
Fam204a,223,261,256,403
Cacul1,732,698,677,1522
Gm46652,3,0,1,6
Nanos1,9,14,16,21
Eif3a,1173,1469,1038,1999
Dennd10,205,276,221,410
Sfxn4,70,80,119,152
Prdx3,26,54,48,56
Grk5,1055,974,670,1575
Zfp950,692,1275,1109,1594
Gm7102,1,2,1,4
Csf2ra,212,184,162,278
Gm21060,2,0,1,1
Gm26618,657,831,848,1255
Nudt11,63,62,67,73
Ezhip,6,5,4,4
Nudt10,18,21,21,28
Shroom4,49,32,53,42
Clcn5,430,574,554,1088
Usp27x,12,19,15,30
Gm14379,3,5,4,5
2010204K13Rik,15,13,5,18
Ppp1r3f,29,23,25,54
Flicr,2,1,0,1
Foxp3,5,7,1,2
Ccdc22,30,25,14,28
Cacna1f,3,0,2,3
Syp,342,278,313,512
Gm14703,2,9,7,12
Prickle3,24,46,30,60
Plp2,11,20,7,17
Magix,1,0,0,1
Gpkow,173,151,251,368
Wdr45,74,67,66,105
Praf2,1,8,5,14
Ccdc120,76,68,57,116
Tfe3,223,204,184,460
Gripap1,783,944,672,1485
Kcnd1,32,23,28,76
Otud5,495,572,436,962
Pim2,221,290,286,409
Slc35a2,167,200,192,412
Pqbp1,53,62,61,113
Timm17b,25,41,36,81
Pcsk1n,583,561,1283,1976
Hdac6,813,843,594,1194
Gm14820,2,1,1,0
Suv39h1,24,29,22,70
Was,1,4,0,1
Gm6787,4,13,7,10
Wdr13,280,309,217,459
Rbm3,194,231,194,457
Rbm3os,4,8,4,6
Tbc1d25,50,64,35,98
Ebp,36,20,43,62
Porcn,45,67,52,110
Ftsj1,86,93,65,136
Gm56683,2,3,6,6
Slc38a5,47,59,106,126
Gm5751,10,14,10,20
B630019K06Rik,7,13,5,20
Lancl3,11,19,0,5
Gm14862,0,0,3,2
Xk,46,39,35,72
H2al1m,2,2,0,0
Cybb,71,24,6,0
Dynlt3,77,86,96,178
H2ap,23,35,20,50
H2al3,11,11,5,7
Sytl5,2345,3150,2211,4011
Srpx,3,0,1,3
Rpgr,520,467,536,1049
Tspan7,1565,1876,1807,3378
Mid1ip1,23,65,48,35
Gm14493,6,5,5,5
Bcor,677,851,541,1173
Gm56689,13,8,9,11
Atp6ap2,792,535,712,1791
1810030O07Rik,169,202,165,306
Med14,455,499,397,834
Gm14634,139,218,270,421
4930500G05Rik,125,65,186,264
5730405O15Rik,28,22,23,44
Usp9x,4636,4064,3919,9082
2010308F09Rik,9,7,4,9
Ddx3x,1641,1033,1568,3098
Nyx,0,0,2,2
Cask,1227,1516,1334,2432
Gpr34,3,3,4,3
Maoa,92,124,98,202
Maob,549,591,546,1043
Efhc2,317,376,239,630
Fundc1,76,93,100,147
Kdm6a,1167,1072,1189,2418
Dipk2b,2,0,0,1
Gm14636,24,34,40,62
Gm26652,35,33,25,71
Chst7,4,0,4,5
Slc9a7,1259,1453,1080,2174
Rp2,321,357,339,646
Jade3,1364,1044,1719,3487
Rgn,4,3,5,7
Ndufb11,39,75,63,119
Rbm10,459,637,377,648
Uba1,180,232,150,302
Cdk16,134,209,149,296
Usp11,275,237,232,515
Araf,811,979,793,1674
Syn1,499,707,423,1014
Timp1,3,1,2,13
Cfp,25,55,19,57
Elk1,45,62,34,72
Uxt,59,80,80,201
A230072C01Rik,50,68,62,111
Zfp182,394,526,464,935
Zfp300,11,15,13,24
Gm6938,1,0,0,5
Klhl13,462,693,674,811
Wdr44,420,438,407,752
Gm14525,1,3,4,3
Dock11,6533,6042,9235,13056
Il13ra1,182,114,210,370
Zcchc12,27,22,29,32
Lonrf3,14,3,0,11
Pgrmc1,251,273,386,478
Akap17b,500,540,542,772
Slc25a43,56,80,82,82
Slc25a5,36,77,47,71
Ube2a,193,165,236,395
Steep1,261,224,243,563
Nkrf,39,21,22,50
Septin6,68,68,67,86
Rpl39,22,53,73,5
Upf3b,582,672,587,1155
Nkap,107,134,151,233
Akap14,4,3,4,6
Ndufa1,23,46,36,76
Rnf113a1,5,4,2,4
Zbtb33,33,42,23,73
Tmem255a,22,7,22,33
Lamp2,1030,1194,1362,2435
Gm7598,25,12,13,26
Cul4b,463,424,470,794
Mcts1,326,466,302,566
C1galt1c1,51,46,72,118
6030498E09Rik,9,10,9,21
Gm14643,3,1,1,2
Gria3,4659,6468,8819,12892
Thoc2,1900,1764,1637,3123
Xiap,413,576,414,796
Stag2,1310,1367,1337,2765
Sh2d1a,4,4,1,0
Tenm1,92,68,130,106
Dcaf12l1,1,21,13,6
Gm29242,2,1,1,0
Smarca1,1405,2043,1824,4072
Ocrl,3524,4453,4048,8319
Apln,0,0,0,1
Sash3,7,7,0,1
Zdhhc9,76,85,80,159
Utp14a,143,209,125,261
Bcorl1,383,368,326,544
Elf4,72,95,39,71
Aifm1,198,202,179,318
Rab33a,4,5,10,16
Zfp280c,511,558,623,1042
Slc25a14,115,136,149,249
Gpr119,39,122,66,58
Rbmx2,85,63,61,115
Enox2,996,1162,1094,1893
Arhgap36,3,10,5,7
Igsf1,7,15,0,5
Or11n2,7,25,4,7
Gm35612,75,98,109,144
Firre,1196,1265,885,1745
Stk26,19,30,14,13
Rap2c,48,66,45,86
Mbnl3,14,5,0,1
Hs6st2,1,1,0,0
Gpc4,1239,1440,1362,3136
Gpc3,19,15,11,21
Ccdc160,19,23,29,26
Phf6,234,311,249,503
Hprt,318,342,366,741
C430049B03Rik,2,0,0,0
Fam122b,35,33,25,60
Mospd1,28,39,53,60
4933416I08Rik,2,1,0,0
Rtl8a,6,26,23,20
Rtl8b,7,17,5,6
AW822252,33,15,48,45
Zfp449,32,41,34,34
Smim10l2a,11,13,8,30
Ints6l,1287,1238,1228,2600
Gm648,8,8,5,11
Mmgt1,32,38,32,47
Slc9a6,259,230,201,519
Fhl1,628,966,806,2155
Map7d3,35,47,60,65
Adgrg4,1,1,4,6
Htatsf1,196,196,148,278
Arhgef6,34,24,18,24
Rbmx,218,263,237,421
Fgf13,58,52,5,4
Mcf2,2,0,0,2
Atp11c,352,275,339,693
Cdr1os,13,14,7,9
Fmr1,522,448,522,986
Styx-ps,2,1,1,3
Aff2,896,1133,773,1489
1700111N16Rik,4,7,12,7
Ids,249,438,322,470
Eola1,2,0,1,9
Tmem185a,69,146,83,170
Mamld1,2819,4648,3699,5857
Mtm1,218,276,255,523
Mtmr1,344,368,372,758
Cd99l2,207,240,274,560
Gm16189,7,12,13,22
Hmgb3,37,23,31,108
Vma21,124,100,123,201
Gm1141,10,2,2,15
Prrg3,1,10,2,3
Gabre,11,6,4,16
Cetn2,12,11,22,27
Nsdhl,34,33,34,49
Zfp185,4,4,3,9
Xlr4a,12,6,2,2
Xlr3a,55,69,95,94
Xlr5a,7,4,19,6
Pwwp4a,5,7,9,11
Pwwp4b,11,4,5,7
Xlr3b,72,8,162,101
Xlr4b,10,7,17,7
F8a,7,19,21,17
Zfp275,84,108,92,219
Gm26726,10,2,41,17
Zfp92,67,72,74,181
Haus7,42,42,49,88
Bgn,0,2,0,1
Pnck,9,17,13,25
Gm32261,10,5,7,6
Slc6a8,100,51,81,189
Bcap31,147,212,161,294
Abcd1,52,87,62,127
Plxnb3,0,0,1,2
Srpk3,6,18,2,25
Idh3g,94,89,61,130
Ssr4,185,360,243,468
Pdzd4,228,280,213,418
Gm14817,4,8,3,11
L1cam,11,4,4,6
Arhgap4,24,24,7,12
Naa10,29,46,19,48
Renbp,5,6,7,10
Hcfc1,241,229,204,457
Irak1,281,389,338,538
Mecp2,1095,1392,1313,2380
Flna,43,49,21,42
Emd,201,150,236,487
Rpl10,306,339,400,568
Dnase1l1,16,25,18,24
Tafazzin,376,506,463,910
Atp6ap1,135,179,188,309
Gdi1,329,374,233,539
Fam50a,120,101,78,188
Plxna3,46,38,20,48
Lage3,23,49,39,53
Ubl4a,9,31,11,24
Slc10a3,5,18,4,16
Fam3a,35,85,65,89
Ikbkg,112,192,178,308
G6pdx,21,30,36,41
Gab3,96,69,81,183
Dkc1,58,64,44,74
Mpp1,32,20,24,38
Smim9,4,4,2,19
F8,443,287,459,708
Fundc2,33,41,38,63
Cmc4,62,68,62,122
Mtcp1,88,112,116,206
Brcc3,208,288,254,444
Vbp1,116,154,123,248
Rab39b,51,59,63,101
4933407K13Rik,72,59,74,122
Pls3,174,189,210,336
Tbl1x,2829,3216,2163,6166
Prkx,193,107,143,446
Prrg1,12,14,20,23
Cfap47,132,93,143,201
Mageb16,0,0,0,0
Tmem47,10,11,10,19
Dmd,1890,1789,1968,4961
Tab3,215,218,199,440
Gk,58,47,31,104
Gm56680,0,1,3,9
Tasl,2,7,0,3
Il1rapl1,20,7,18,23
Gm27000,2,1,0,2
Mageb18,17,18,19,69
Arx,305,400,260,284
Pola1,382,357,454,817
Pcyt1b,180,166,110,323
Pdk3,192,208,192,560
Gm14798,6,17,27,25
Zfx,428,545,479,939
Eif2s3x,115,163,122,250
Klhl15,207,154,219,447
Apoo,142,194,146,295
Gm14827,5,14,8,9
Maged1,835,1016,546,1383
Gspt2,89,153,73,183
Zxdb,30,50,39,70
Gm39526,45,100,92,104
Spin4,1,4,3,6
Arhgef9,562,605,749,1217
Amer1,84,86,141,238
Zc4h2,8,23,17,17
Zc3h12b,1377,1356,1183,2272
Las1l,216,246,278,587
Msn,34,35,0,23
Heph,0,0,0,1
Eda2r,72,116,294,302
Ar,7,12,0,2
Ophn1,910,881,760,1648
Yipf6,197,198,247,468
Stard8,5,7,14,21
Efnb1,89,83,53,100
Pja1,142,133,115,241
Nalf2,83,92,70,99
Eda,929,1147,1119,1855
Awat2,17,16,23,40
Igbp1,147,191,169,308
Pdzd11,29,63,43,56
Kif4,5,3,0,1
Dlg3,165,193,160,272
Tex11,3,3,3,8
Slc7a3,3,1,2,6
Snx12,260,383,375,612
Foxo4,16,24,12,26
Gm614,1,1,0,1
Il2rg,27,19,0,7
Med12,386,313,284,650
Nlgn3,19,4,7,20
Zmym3,169,114,99,198
Nono,246,360,270,542
Itgb1bp2,18,24,12,33
Taf1,942,852,717,1698
Ogt,1167,1408,1203,2246
Nhsl2,34,46,27,45
Rtl5,93,78,67,116
Pin4,21,19,15,22
Rps4x,84,210,125,77
Cited1,5,0,1,3
Gm14858,85,96,66,219
Hdac8,2093,1994,2298,4041
Phka1,665,928,787,1577
Dmrtc1a,30,32,45,73
Gm39529,8,13,19,20
Nap1l2,21,21,26,27
Cdx4,0,1,4,2
Chic1,1813,2487,2206,4091
Gm26952,2,6,8,7
Tsx,34,20,29,56
Tsix,9,21,3,15
Xist,2,7,1,6
Jpx,165,275,221,512
Ftx,810,1137,854,1781
Zcchc13,2,1,0,0
Slc16a2,131,215,205,287
Rlim,602,459,760,1689
Nexmif,383,350,195,804
Abcb7,438,489,411,762
Uprt,40,49,20,32
Zdhhc15,135,150,157,308
5530601H04Rik,191,287,266,452
Pbdc1,217,339,338,533
Magee1,6,18,0,2
5330434G04Rik,1623,2510,1966,3832
Atrx,4335,3916,3391,6972
Magt1,321,640,313,625
Cox7b,52,94,62,111
Atp7a,686,736,668,1333
Tlr13,0,1,0,0
Pgk1,41,59,34,79
Taf9b,28,37,38,50
Cysltr1,0,0,1,1
Gm5127,3,0,0,1
Lpar4,0,0,0,0
P2ry10,21,14,0,0
P2ry10b,1,3,0,0
Gpr174,12,26,0,2
Itm2a,2,0,0,2
Chmp1b2,204,278,273,463
Tent5d,723,975,789,1858
Brwd3,611,686,517,1129
2810403D21Rik,225,281,315,489
Hmgn5,50,61,59,66
Sh3bgrl,268,468,410,666
Gm6377,0,1,0,1
Gm44593,2,9,3,16
Rps6ka6,57,20,40,89
Hdx,140,102,86,282
Gm45194,12,5,10,12
Apool,139,180,172,366
Zfp711,16,8,12,22
Chm,579,636,636,1300
Dach2,157,233,66,260
Klhl4,2,0,0,0
Pabpc5,6,11,5,18
Pcdh11x,10,9,1,3
Nap1l3,46,73,64,97
Cldn34c1,56,44,67,102
Diaph2,1575,2054,1690,3067
Pcdh19,6,0,0,1
Tspan6,0,1,0,0
Srpx2,0,0,0,1
Sytl4,87,124,20,112
Cstf2,83,111,113,231
Nox1,56,55,114,159
Xkrx,3,1,0,6
Arl13a,0,0,4,2
Trmt2b,189,274,254,375
Tmem35a,1,2,0,1
Cenpi,9,4,3,7
Drp2,1,0,0,0
Timm8a1,15,14,10,22
Btk,13,5,0,8
Rpl36a,33,68,62,71
Gla,147,65,124,279
Hnrnph2,424,410,580,1301
B230119M05Rik,0,0,6,3
Armcx4,192,178,146,348
Armcx1,171,229,243,393
Armcx6,40,43,43,84
Armcx3,260,329,342,624
Armcx2,72,75,56,132
Zmat1,395,412,459,830
Gm56682,1,4,2,6
3632454L22Rik,1,2,2,2
Nxf7,0,0,0,1
Armcx5,228,113,269,463
Gprasp1,1548,1536,1144,2315
Bhlhb9,340,337,248,586
Gprasp2,240,198,203,411
Arxes2,3,3,5,19
Arxes1,2,1,3,4
Bex2,203,154,130,278
Nxf3,2,1,1,7
Bex4,48,39,59,61
Tceal8,58,71,64,70
Tceal5,3,7,13,5
Bex1,85,66,64,102
Tceal7,13,0,4,9
Tceal9,404,355,397,587
Bex3,193,139,167,323
Tceal3,48,78,49,66
Tceal1,11,22,21,15
Morf4l2,911,1251,1264,2333
BC065397,301,305,296,631
Glra4,0,3,2,11
Plp1,90,75,86,161
Rab9b,11,20,14,31
Tmsb15b2,101,157,154,166
Tmsb15b1,85,108,130,117
Slc25a53,150,266,248,471
Zcchc18,428,485,417,843
Fam199x,85,129,79,174
Il1rapl2,18,75,11,4
Nrk,0,16,9,3
Serpina7,16,24,39,52
Pwwp3b,519,756,705,2162
Platr21,1,3,4,1
Radx,7,6,3,4
Rnf128,388,440,481,982
Tbc1d8b,444,505,444,887
Morc4,26,29,27,59
Rbm41,153,177,149,294
Nup62cl,13,4,2,2
Dnaaf6b,1,0,0,1
Frmpd3,7,3,3,7
Prps1,102,102,117,196
Tsc22d3,38,58,46,98
Mid2,502,590,503,1003
Vsig1,1,0,0,3
Psmd10,4,9,21,7
Atg4a,533,365,255,425
Col4a5,25,17,7,36
Nxt2,14,13,14,18
Acsl4,380,377,458,918
Tmem164,620,856,547,934
Ammecr1,196,163,198,393
Pak3,2885,5674,3184,6319
Capn6,1,13,4,11
Dcx,96,281,193,249
Alg13,118,112,132,249
Trpc5,8,44,7,23
Rtl4,177,378,150,330
Amot,4,4,2,7
Htr2c,1,2,0,1
Lrch2,81,79,86,148
Gm15091,1,1,3,3
Tmem29,75,109,109,195
Apex2,517,938,679,1057
Alas2,7,23,27,24
Pfkfb1,18,29,27,68
Tro,25,43,29,40
Maged2,94,122,78,149
Gnl3l,265,309,243,538
Fgd1,139,140,113,160
Tsr2,75,59,96,183
Gm15138,48,115,74,98
Wnk3,4683,5902,6678,9866
A230072E10Rik,94,158,128,195
Fam120c,1058,1230,1268,2237
Phf8,792,809,790,1637
Huwe1,3473,3361,2801,6184
Hsd17b10,13,16,9,12
Ribc1,12,10,6,17
Smc1a,632,519,552,1113
Iqsec2,153,221,166,289
Kdm5c,862,823,870,1916
Kantr,475,667,596,994
Tspyl2,374,377,361,643
Gpr173,51,110,108,121
3010001F23Rik,142,196,139,264
Shroom2,1527,1852,1749,3641
Gpr143,4,8,10,19
Usp51,54,57,60,129
Mageh1,20,69,49,75
9530051G07Rik,23,30,45,78
Foxr2,1,3,2,3
Rragb,1654,2107,2532,3761
Klf8,279,286,259,479
Ubqln2,53,111,57,35
Kctd12b,125,169,185,247
Gm45022,11,8,19,29
Nbdy,251,424,347,556
Spin2c,2,1,6,3
Sat1,198,214,203,467
Acot9,52,47,38,92
Prdx4,17,34,46,55
Ptchd1,6,16,11,11
Gm15155,8,4,1,4
Phex,13,14,19,35
Sms,273,315,240,475
Mbtps2,386,489,526,760
Gm15169,14,2,4,11
Cnksr2,0,1,2,3
Rps6ka3,1091,1397,1167,2326
Eif1ax,87,100,67,127
Map7d2,328,290,206,588
Bclaf3,196,228,229,383
Sh3kbp1,1136,1244,758,1842
Map3k15,7519,7646,8386,16145
Pdha1,190,160,200,340
Adgrg2,2,0,1,4
Phka2,247,268,233,529
Gm15243,2,1,0,8
Rs1,2,6,5,3
Cdkl5,373,381,328,728
Gja6,2,2,1,0
Scml2,20,13,21,40
Rai2,578,1091,794,1676
Nhs,74,123,37,76
Reps2,571,448,506,1045
Gm15201,2,1,2,1
Rbbp7,415,409,403,746
Txlng,219,314,205,508
Syap1,225,317,271,636
Ctps2,696,719,588,1374
Grpr,17,15,10,23
Rnf138rt1,19,31,27,17
Ap1s2,2693,2733,3343,7374
Zrsr2,99,195,166,260
Gm56686,26,50,39,52
Car5b,1,3,1,4
Siah1b,35,21,34,53
Cltrn,2402,2842,3623,5443
Ace2,932,988,1160,2311
Bmx,1,0,7,4
Pir,49,45,51,69
Vegfd,6,6,7,15
Piga,67,60,52,112
Asb11,3,4,3,2
Mospd2,284,326,302,537
Fancb,5,9,12,18
Gemin8,43,76,47,87
Gpm6b,17,36,3,5
Ofd1,482,451,430,848
Trappc2,26,30,31,54
Rab9,41,58,36,96
Tceanc,40,64,47,82
Gm56688,1,5,1,3
Egfl6,1,0,0,2
Gm1720,4,6,5,7
Gm8817,0,1,0,3
Gm15232,3,5,6,5
Gm15228,0,1,2,3
Tmsb4x,186,265,177,168
Tlr8,0,0,0,0
Tlr7,0,5,1,0
Prps2,24,21,20,18
Frmpd4,1469,972,856,1876
Msl3,102,125,88,142
Arhgap6,3950,6689,4242,10466
Gm15261,241,393,328,666
Amelx,7,22,12,11
Hccs,125,124,118,269
Gm15246,79,61,111,206
Mid1,1595,2964,2060,3443
G530011O06Rik,0,0,0,5
Gm15726,2,9,9,31
Gm15247,1,0,2,1
Gm55594,1,7,5,23
Asmt,4,1,2,1
Kdm5d,404,474,366,776
Eif2s3y,597,739,550,1378
Gm29650,4,20,4,12
Tspy-ps,3,2,1,5
Uty,1605,1747,1867,3499
Ddx3y,989,729,1038,2427
Gm47283,71,684,518,3209
mt-Nd1,9372,9268,13874,13472
mt-Nd2,4139,4002,6453,5403
mt-Co1,11721,13074,15920,14190
mt-Co2,10492,10899,14957,14045
mt-Atp8,618,829,624,677
mt-Atp6,12680,12878,15717,16343
mt-Co3,14837,17544,20730,21027
mt-Nd3,1497,1092,2253,1860
mt-Nd4l,931,762,1119,1115
mt-Nd4,8879,8367,13542,11932
mt-Nd5,4053,4047,5070,4801
mt-Nd6,135,127,106,116
mt-Cytb,6167,6638,9016,8107
ENSMUSG00000079800,5,2,0,0
ENSMUSG00000079190,1,4,1,1
ENSMUSG00000079808,3,1,3,4
Csprs,4,1,0,0
ENSMUSG00000096808,4,2,7,8
ENSMUSG00000095742,16,4,7,17
ENSMUSG00000095041,4804,4967,4584,10050
